distance_km,pickup_lat,pickup_lng,drop_lat,drop_lng,Hour,Day,Month,DayOfWeek,ActualFare,PredictedFare
9.44,39.20461626939273,-104.63364481125788,39.210348288412185,-104.5842950356982,21,16,1,0,23.29,20.564649999999986
12.6,40.82522961234001,-90.446954182536,40.832241716234506,-90.46555705496397,3,10,1,1,32.63,26.88020000000004
5.92,37.79061287465498,-98.6577380015014,37.80762357701557,-98.69790978130438,9,15,1,6,15.73,14.540300000000004
0.18,38.73528653274472,-115.81933724200012,38.74236395131024,-115.84237374289565,6,1,1,6,4.85,3.3858500000000014
7.29,38.14341581931988,-120.29112593372012,38.18276330556264,-120.30876109134717,10,18,1,2,16.05,16.31974999999999
10.59,39.78313664710446,-74.91690781879952,39.75880499573468,-74.94627422734035,9,23,1,0,20.23,22.84454999999998
10.24,39.205785381176106,-88.65999018175314,39.168187638332654,-88.61887622657075,11,28,1,5,26.23,22.43734999999999
10.43,37.02914375042498,-90.29529814834405,37.04802711690004,-90.2460180354542,10,12,1,3,17.91,22.7289
1.73,38.28976603141663,-73.77776717425387,38.2813142594096,-73.78523607748268,15,24,1,1,8.19,6.90875
12.48,37.846877995056126,-107.48991251433468,37.85508294178409,-107.47798506955182,5,26,1,3,25.17,28.204500000000024
1.93,39.05493909004265,-101.31631996520116,39.02402610026062,-101.2967461405099,20,7,1,5,6.25,6.80315
6.55,39.97005038158001,-109.08437087001082,39.9629256707545,-109.08545012076726,13,25,1,2,13.77,15.474150000000009
5.46,40.93676341296469,-96.35946705832426,40.95652175359201,-96.35200317151627,10,5,1,3,12.55,13.587400000000018
9.6,38.94237874724094,-118.4446732863346,38.9826552159542,-118.43732510630096,3,17,1,1,17.3,20.40474999999999
5.43,38.18543573499084,-103.25648644597476,38.17063859702788,-103.2404190006524,3,31,1,1,11.17,13.928950000000007
10.33,38.50984070546458,-100.08483285811924,38.55745296030687,-100.0861847144911,23,13,1,4,25.38,20.9226
4.41,38.54471418891992,-80.47728514309678,38.55659470155467,-80.47112912834365,2,22,1,6,12.9,11.406649999999999
5.38,40.328315070215815,-116.5996587970996,40.31414098499092,-116.5566177527634,23,2,2,3,15.04,11.90435
7.72,40.686480472303046,-83.385084815466,40.71526864073592,-83.41771485278845,19,29,1,6,13.84,17.051049999999996
5.8,40.56225425316301,-111.93038578714096,40.54226542621636,-111.92686231857763,13,4,2,5,13.52,13.841000000000003
7.4,37.19080302087893,-89.18952384994401,37.18864217731819,-89.2328692897597,13,1,2,2,19.59,16.935700000000026
7.68,38.794511199830445,-97.5276403767945,38.81792496503482,-97.54519212167976,9,8,1,6,14.84,17.964949999999998
3.8,39.51158269455494,-117.47536500523842,39.48978932243276,-117.51798648618528,9,31,1,1,12.13,9.445250000000005
6.38,40.37848106434322,-115.03668777945634,40.38552130470498,-115.07338131499212,10,7,1,5,12.91,14.481599999999997
9.16,39.19102589614534,-84.32819212053391,39.21069456914096,-84.3238608405659,3,19,1,3,19.34,19.39865
10.43,37.33559783108837,-80.6095019115227,37.36041721777481,-80.65881943166802,15,2,1,0,18.34,22.406299999999987
7.65,37.5726479081426,-115.26847603722436,37.54905094391999,-115.26999878532617,6,24,1,1,22.11,16.805550000000014
5.67,38.65296559634291,-109.19719335904558,38.64116012954412,-109.24616529263588,18,3,2,4,17.08,13.652050000000006
2.38,39.65899239767204,-115.14837759679034,39.698882963126096,-115.12339610834954,11,21,1,5,8.0,7.45445
8.57,40.05267731324266,-98.73057132048064,40.088008320473904,-98.68567715323086,21,28,1,5,22.14,18.837900000000005
8.77,40.65177585854416,-109.37438517778858,40.646277499088114,-109.36412797563732,1,21,1,5,14.95,20.47685
10.05,37.96330973346467,-99.22231209140378,37.92302288002275,-99.27078201937071,4,25,1,2,15.08,22.919349999999994
9.5,37.49039024266179,-94.30701280526064,37.539547824347714,-94.2941453133902,17,30,1,0,16.53,21.63210000000001
10.36,40.01994534196231,-99.92810143750312,39.98976479979088,-99.9665201250716,16,19,1,3,25.83,22.568699999999975
4.95,37.62798849532246,-119.44717506905488,37.66392169598413,-119.44308030715976,6,27,1,4,8.57,11.191300000000007
7.85,37.47675512651801,-109.94466329008804,37.456851214345086,-109.95290606018035,8,20,1,4,15.22,17.607349999999983
2.12,38.72680158593816,-75.93304461227724,38.73736862488495,-75.96246433434976,1,6,1,4,5.72,7.213000000000002
7.8,38.06399722067704,-118.00935741294909,38.10445184096873,-117.98882811138024,8,3,2,4,23.47,17.70465
9.19,38.34589957006456,-75.50009887579077,38.3346060272658,-75.50806728783427,1,27,1,4,22.54,20.87084999999997
7.0,39.66586982276027,-110.99575602777524,39.64017683656083,-110.98772166546706,17,20,1,4,14.02,15.246749999999999
5.28,37.00981724874687,-89.50655169881244,37.05920399926209,-89.48719384007009,15,8,1,6,11.45,13.0221
3.3,38.750675871104775,-94.95518738454903,38.73250337103246,-94.96276291614848,16,14,1,5,8.87,9.354549999999996
7.85,37.21479291324323,-94.76493087640728,37.23539813572454,-94.79300210087835,18,14,1,5,14.93,16.55879999999999
10.69,37.47338700468107,-100.30922593111998,37.46090679346113,-100.29955603331888,15,23,1,0,16.52,21.908700000000007
2.49,37.91371853560487,-120.79201220513114,37.94599430293558,-120.8171245510809,20,27,1,4,7.23,7.343399999999997
5.91,38.42776970592932,-104.25667202134542,38.414674430993685,-104.2444748852812,18,2,1,0,11.92,14.332200000000002
10.84,40.32250080172872,-103.17912511181676,40.31630188821926,-103.17932270707198,22,18,1,2,28.76,21.689700000000002
4.43,39.40007498739168,-80.81131404480081,39.411849704196,-80.79600735626865,14,20,1,4,10.48,11.290050000000008
5.7,38.02253488208068,-93.7301310610488,38.028057008152224,-93.68075363172574,8,7,1,5,13.86,13.608049999999997
5.37,40.94570537781425,-85.42701147501357,40.9415437701981,-85.3935080553669,3,28,1,5,11.73,12.447050000000006
7.22,40.34648036050311,-95.89015029004844,40.33398188575313,-95.8488570652373,15,21,1,5,14.86,16.14945000000001
11.19,37.67786599891687,-118.02013616915696,37.72558848643912,-118.01791411776288,13,25,1,2,22.28,25.01000000000002
3.93,37.40480145422312,-100.83470985979808,37.40461616370414,-100.79703018173488,6,14,1,5,11.2,10.888350000000008
9.46,38.376319254545024,-84.38588665264945,38.32855245137811,-84.40308321591147,4,3,2,4,25.31,19.280800000000035
3.71,40.2301399901456,-82.60415256115644,40.18666061499244,-82.56353565397045,3,19,1,3,11.84,10.475599999999995
3.54,39.69834632234423,-93.68253367084122,39.67931619684252,-93.6821646931304,10,24,1,1,7.97,9.080350000000008
9.52,38.1095981253872,-93.39004080813044,38.12614931242927,-93.43782079927657,4,12,1,3,25.0,20.13985000000001
9.58,38.52167772704048,-101.7354188349638,38.56321021008003,-101.74302443541444,17,1,2,2,21.81,19.58100000000001
6.71,37.094145424838,-103.05343996183026,37.1366740242028,-103.0339061199772,6,30,1,0,11.46,15.687299999999988
2.19,40.20354652493908,-94.91096309998473,40.20647855996688,-94.95353725318316,3,2,1,0,5.69,7.445399999999995
2.84,37.49340770518207,-76.84894611469383,37.512837063198944,-76.8053311056747,11,8,1,6,8.32,8.752849999999999
3.21,39.46883928745794,-115.47213567740944,39.50725463801946,-115.50494068841766,10,10,1,1,8.37,8.92505
6.26,40.007678688833344,-80.39523419156018,39.99830371713504,-80.39444435707227,0,7,1,5,13.57,15.276849999999989
12.22,40.62865636087933,-97.38119431116728,40.64583384179564,-97.36226541141036,23,14,1,5,26.48,25.34675000000001
6.99,38.961195733811024,-106.61562073875328,38.95768239584344,-106.56750969445264,13,13,1,4,18.05,15.49175
9.42,37.253224996664336,-121.41004192500976,37.29736332197926,-121.39854976992449,21,3,1,1,24.69,20.05364999999999
2.52,37.32283895893693,-98.27391564877117,37.29021524349016,-98.25445896982284,7,1,2,2,6.42,7.82335000000001
7.72,39.76049847553665,-109.72681796658932,39.71810866518887,-109.71037497345226,10,10,1,1,19.77,17.301699999999997
9.53,38.13437789800928,-111.75537953563573,38.13669314518594,-111.744287513545,6,25,1,2,14.93,21.60214999999999
8.53,39.21029580068379,-98.5649419586226,39.25693155996239,-98.5656599053303,8,4,2,5,21.92,18.732450000000007
3.41,38.1443084427052,-78.45266432774805,38.17098073279407,-78.48121190252758,13,28,1,5,10.03,9.745500000000003
6.38,38.825207107974165,-104.54539327532169,38.850672348978456,-104.5906959920938,21,2,1,0,17.54,14.687299999999999
8.76,37.1355383375135,-78.59053075187653,37.141495806049264,-78.55857787710018,0,4,1,2,20.78,19.8075
7.88,39.63195323195517,-95.48311567971808,39.59777422765019,-95.48363502736764,9,3,2,4,19.63,16.54325
1.67,40.76161137329216,-85.87583829004772,40.71710165375461,-85.91066148828062,11,4,1,2,6.76,6.0388
10.9,40.25637365494741,-105.61339674336368,40.234616376800695,-105.62141115699704,7,9,1,0,30.62,20.335100000000015
12.6,37.76551049148335,-74.85939200627946,37.724458083534046,-74.85046786669078,11,16,1,0,21.7,25.320949999999996
3.96,39.79008303856104,-103.04468770425228,39.757439248995794,-102.99973161309931,16,19,1,3,13.9,10.726750000000003
8.28,38.50360275793597,-91.89043194242706,38.49782312344825,-91.91038365415535,13,23,1,0,19.97,17.682750000000013
7.81,39.17032014004947,-96.24406614462518,39.17790821533113,-96.19684036414117,4,13,1,4,14.17,17.706549999999993
4.72,39.07839125897479,-103.72257036430284,39.10639736542786,-103.73043214491514,13,3,2,4,11.12,11.42059999999999
2.6,39.06043934651273,-85.14666669293908,39.0934941023912,-85.14735783140885,4,16,1,0,7.76,8.620199999999999
9.07,40.21909863981713,-77.31689251122992,40.21392198987564,-77.29933201555808,17,12,1,3,22.7,17.962250000000004
5.61,38.09515895406213,-118.54306512603382,38.06309666773991,-118.52799184065007,22,2,1,0,17.46,11.941200000000007
9.55,40.4475253827291,-97.75386043142892,40.462328026661936,-97.73454452713172,10,22,1,6,26.25,18.952900000000003
8.66,40.735111301245965,-111.76929654483628,40.72150761863457,-111.8133936230416,4,22,1,6,17.03,19.632900000000006
8.45,40.60454340399198,-87.86902954360727,40.59693095884428,-87.83662366380146,1,18,1,2,16.12,18.95135000000002
4.09,38.63270995965952,-78.7663702702308,38.63407467606599,-78.81286870443459,2,14,1,5,12.2,11.652000000000013
3.38,37.20817801817828,-98.77349717867509,37.206704431638,-98.80921878373448,23,29,1,6,9.63,8.815350000000002
4.37,37.484998471644445,-116.65027553112988,37.45373425255514,-116.6337984483058,8,3,1,1,11.52,10.986
11.28,40.05997999864686,-110.29057418823398,40.039507628867085,-110.24609941722358,19,2,1,0,24.73,24.080650000000002
7.84,39.18249812333178,-97.62409031830234,39.19199071228707,-97.61208603285658,11,5,1,3,21.51,17.887800000000002
3.89,40.31816879604653,-87.58136587109718,40.36560084418765,-87.57405663692901,16,11,1,2,8.21,9.782600000000011
5.62,38.85816122984341,-99.5301715003359,38.89026808921505,-99.54551387081968,12,10,1,1,14.2,13.069400000000014
4.03,37.748022931292326,-75.30875033575828,37.72141038981075,-75.2734867533668,4,31,1,1,9.05,10.703599999999993
3.45,37.13066057489015,-95.0156981631256,37.15742002684469,-94.99401843333622,18,19,1,3,10.06,9.608199999999997
11.6,38.65360385739796,-98.44189323769189,38.60584106200554,-98.42489890978388,5,30,1,0,28.53,22.763550000000006
7.11,38.31051596455082,-121.20073659046083,38.35221103632822,-121.23126568888684,20,20,1,4,19.23,16.936400000000003
6.27,40.55308382022885,-101.69640910084088,40.57333200782499,-101.65975166133556,16,28,1,5,15.44,14.405800000000013
9.04,38.87347589667616,-86.38223205060771,38.82613443448758,-86.36343626357343,21,19,1,3,15.71,21.054499999999997
7.62,39.302382267128095,-108.6840758502696,39.32629461266509,-108.71140000342204,16,6,1,4,17.52,16.979850000000013
5.2,37.14049550950492,-90.18262391566913,37.16742261569802,-90.17258410986614,21,28,1,5,9.66,12.090449999999993
11.03,38.47993165204198,-109.5971411982492,38.45467382038292,-109.56648555701744,6,30,1,0,19.4,25.31479999999998
6.47,39.93953583385135,-86.91052275403695,39.9241473000009,-86.92594879414752,6,6,1,4,13.73,14.36655000000001
12.81,39.05544275316193,-84.23152712347834,39.05615075012389,-84.24362863424723,8,18,1,2,32.23,27.38595000000001
12.61,40.28960001703229,-75.4184804964712,40.26821321940543,-75.42145783516652,9,13,1,4,26.05,23.704550000000012
6.49,39.0534157669572,-98.93661263383778,39.043091844814334,-98.9297370001047,22,31,1,1,14.57,15.38375000000001
6.78,39.749207337624085,-104.2153129251858,39.79242300424608,-104.24633913096302,8,22,1,6,18.8,16.06925
13.21,39.96796522519856,-76.34874128180736,39.97169579959862,-76.35613009985308,7,11,1,2,34.55,25.724149999999998
5.8,40.09144025211126,-121.48106273207696,40.12372032785535,-121.5187295153155,7,26,1,3,17.4,12.226050000000003
9.17,40.78188095386693,-112.99695534513572,40.78489847207134,-112.95802452627063,4,22,1,6,23.36,21.240049999999993
10.62,39.78882320988337,-94.92303429076011,39.81311655024852,-94.88296509062978,13,29,1,6,18.78,21.693499999999986
11.8,40.29602931202142,-89.79946361351995,40.30234124452864,-89.83631217607869,10,1,2,2,32.37,25.525750000000016
6.82,39.61149583563631,-75.43305500952404,39.562981132217054,-75.45550805186585,5,20,1,4,13.68,15.339349999999994
6.94,37.46381351572501,-99.9265272796317,37.47999423804753,-99.91256047701332,3,3,2,4,15.33,15.84995
7.71,40.31446063757847,-102.4912711853037,40.32056158848896,-102.45113460685842,22,14,1,5,15.99,15.982899999999995
10.24,39.9924482903314,-120.11924581849688,39.97824454530376,-120.08897158504084,3,17,1,1,19.3,21.426000000000002
9.9,39.13249416785101,-85.41190644284586,39.179215555871046,-85.39025070872312,9,28,1,5,28.14,21.502550000000006
7.78,37.59347584532755,-121.1431262595454,37.62753247834382,-121.11460448899876,11,5,1,3,20.88,17.553049999999995
7.05,37.556565629465936,-113.3070368464002,37.60289755661368,-113.32079191922372,3,12,1,3,16.57,15.659349999999984
9.66,40.03734664226426,-79.09437967545222,40.01083417026652,-79.12170478305808,15,4,2,5,24.69,21.017150000000004
3.91,38.45693696413155,-120.77780483166578,38.424249656257295,-120.79655846791228,12,25,1,2,10.86,10.319700000000003
8.25,39.28805424989075,-112.14937372522786,39.26399449346832,-112.16989546828356,10,25,1,2,13.28,18.43059999999998
6.65,38.13578819552223,-104.52716590068732,38.15440982399936,-104.57293724283905,11,1,2,2,19.37,15.40595
7.33,40.63272991756772,-100.2315819984628,40.61993983542861,-100.263145003554,11,15,1,6,17.87,15.611349999999986
10.14,40.601188277022246,-78.39873323235332,40.569810860072174,-78.36818593976587,0,1,1,6,25.55,19.320849999999993
7.49,38.96222108984686,-114.8774401256546,38.942383225166495,-114.8869259312862,22,22,1,6,13.12,17.481250000000006
3.59,37.1226711697538,-83.17286071972649,37.08087636089642,-83.16298225826698,17,7,1,5,9.08,9.392000000000012
5.31,38.935214712955776,-96.41234553472415,38.958683818910615,-96.3765890693262,19,3,1,1,13.09,12.075600000000003
11.65,40.46160865371634,-96.05083337555604,40.453954406228505,-96.01787455504864,23,14,1,5,19.85,23.984299999999983
11.54,39.38954225300239,-78.87321090983698,39.431474190017646,-78.90869511995668,1,1,2,2,24.85,25.613950000000013
3.27,40.13860083603698,-96.86520269820814,40.13719206654266,-96.81613582763286,0,6,1,4,10.63,9.389249999999995
8.93,38.80904168924512,-95.1592014136627,38.771049087747535,-95.180376106562,15,1,2,2,24.93,19.853900000000007
2.98,37.48228936461864,-107.46439964976337,37.51733664849364,-107.47470861570648,13,7,1,5,7.0,8.074350000000006
9.25,39.707207921222405,-112.31874342813386,39.65993473497264,-112.34920937414309,18,11,1,2,22.69,19.157250000000012
9.66,39.09968463758573,-91.47843540635812,39.09965865359391,-91.48073280793868,21,30,1,0,19.52,20.731150000000017
4.14,40.51245692117335,-81.10081834721369,40.51203428126307,-81.08229853087198,16,4,2,5,11.77,10.437899999999999
2.44,37.61253924739368,-109.02123870281362,37.60340889880933,-108.99187064599394,4,1,1,6,6.29,7.662750000000006
15.03,39.43585847373118,-79.94969616795612,39.48088083846953,-79.96630809547335,7,21,1,5,36.43,32.994099999999996
11.89,38.40517322892854,-90.22944119971108,38.4077694137084,-90.18140254808186,19,12,1,3,26.13,25.085150000000027
9.5,37.39588769472101,-121.02678667721108,37.36158642735515,-121.06528042260592,4,15,1,6,20.48,20.618799999999982
5.71,40.80083731400939,-76.99662315331663,40.82324304792219,-76.96301245021472,23,6,1,4,14.37,12.807249999999994
5.76,39.27787172220126,-115.22284435293412,39.321451969893424,-115.26202300757213,16,11,1,2,14.2,13.337000000000014
4.27,38.92317667125879,-93.07773073748088,38.8769604002559,-93.06989637049048,15,1,2,2,7.87,11.344850000000013
13.01,37.4093479392636,-92.49985540743673,37.4289361088816,-92.53844066285254,20,26,1,3,29.53,27.464699999999997
4.92,38.561291345578304,-93.05309493008669,38.56418488968045,-93.03645509407704,10,17,1,1,8.54,11.714250000000002
5.02,38.62274550242783,-90.96310993117184,38.60565912381312,-90.99231169615092,14,12,1,3,13.89,13.025849999999986
10.55,40.85540561776261,-120.5039434831497,40.89298098919716,-120.51842386551736,15,26,1,3,26.35,23.3769
8.75,39.32611229047119,-108.81708201697576,39.34318009383367,-108.77091321850088,16,3,2,4,22.38,19.819249999999982
7.49,39.63712389523029,-111.20999477653712,39.65629918744509,-111.19202770551364,12,1,1,6,11.17,16.117549999999987
12.43,40.73924461618177,-104.7774740354059,40.75415343409859,-104.7828604048691,6,6,1,4,27.54,25.63500000000001
6.11,40.96859773836901,-107.94857048392768,40.986699393938295,-107.91145452780708,1,28,1,5,18.73,13.781650000000004
8.76,39.35662605320071,-100.888956190132,39.35866129354922,-100.88574173869206,20,4,1,2,16.16,19.620599999999982
10.07,39.29399811780414,-112.51462654208804,39.30437732100666,-112.46792766666816,19,16,1,0,25.44,20.030450000000002
6.56,38.50277340115313,-88.43478369872923,38.52163027421642,-88.44180013290942,6,16,1,0,15.99,15.619849999999987
7.82,38.941150771350365,-108.74035336917612,38.93659749211714,-108.73944854461575,13,30,1,0,13.26,17.106250000000003
4.7,39.54754752972718,-97.43303534474563,39.587717947442925,-97.40696611494374,17,10,1,1,9.82,12.004849999999994
7.91,37.45320775923791,-89.56355102680871,37.43072398046766,-89.59702009121558,8,2,1,0,23.42,16.050799999999988
2.71,40.966440664111545,-89.01797737815221,40.99593117445209,-89.02764922809703,3,2,2,3,8.57,7.9730000000000025
3.97,37.49460103357527,-77.57341894495529,37.51037912279236,-77.54477464768837,16,29,1,6,10.37,10.847250000000004
9.28,40.941980216198566,-113.707561978911,40.91166577144079,-113.6703926155149,9,2,1,0,15.91,19.692800000000005
10.25,37.27150525315617,-111.33913196003957,37.24727901520274,-111.3878549699966,0,27,1,4,18.83,24.4359
3.28,40.14705687154287,-100.11004062456466,40.17364144281644,-100.07838510712232,17,28,1,5,9.29,9.179299999999998
7.48,39.94556788142909,-108.4940978630254,39.93385192751467,-108.52099384603753,0,13,1,4,19.24,16.834200000000003
4.17,39.71895374737073,-99.0366369315622,39.73999116028587,-99.0469836556168,8,22,1,6,8.03,11.646449999999984
4.41,39.18752541295442,-110.2005339741664,39.19024529249632,-110.2049240111366,20,14,1,5,12.75,10.893049999999993
1.41,37.0765718250963,-101.50142273895769,37.12143741986681,-101.47116007419118,22,2,1,0,7.63,5.542999999999998
6.09,38.733986566953455,-116.09091135542644,38.77608643897176,-116.11911631109145,3,22,1,6,12.13,13.648499999999999
5.9,39.124487497096965,-116.15485993489492,39.13263341141994,-116.12646002758896,7,4,1,2,15.17,13.2225
8.38,38.1907679953504,-98.72054593844553,38.223971624002125,-98.6925772664845,0,19,1,3,17.05,18.342650000000006
2.16,40.41889520127316,-73.54036337658076,40.44321186155768,-73.5089872723122,3,6,1,4,5.95,7.649049999999991
6.53,37.33040544655097,-99.2086141863651,37.31313959371289,-99.20410699506613,8,8,1,6,15.94,15.166999999999978
12.33,40.8560103429769,-107.6756082800189,40.822618894675976,-107.62649114251262,6,2,1,0,18.17,26.3565
7.08,37.09552144703569,-112.34516381761604,37.06171028068576,-112.38902396010248,16,20,1,4,15.53,15.325
1.64,40.12227516604703,-93.47662248254302,40.11374092176908,-93.43956664396345,4,30,1,0,6.81,5.328100000000004
5.74,38.21846419782519,-86.75219080077798,38.2328063938872,-86.7260818335071,23,8,1,6,13.52,14.224149999999986
0.39,40.29293080731368,-116.59658255460826,40.29871759550036,-116.63505094081655,23,24,1,1,4.75,3.7686499999999996
9.95,38.70821129194469,-120.97401801917806,38.68730883454924,-121.00180549603408,13,30,1,0,23.51,22.449500000000004
4.92,38.71896701699215,-109.6270291458197,38.7052383476294,-109.6652554212288,19,1,2,2,12.17,12.372049999999996
3.89,37.97355463967698,-81.6043220656381,38.00158466680056,-81.63574883973757,15,27,1,4,13.65,10.110150000000006
11.91,37.77738460192965,-117.34612262431315,37.78186555110541,-117.3458565398562,16,21,1,5,20.26,26.22629999999996
8.63,37.47975980558299,-94.3995678949788,37.52749053865489,-94.41717188726234,17,8,1,6,14.79,20.391600000000025
5.75,38.191029392106,-102.17082110302545,38.14342276359096,-102.14127216802676,11,22,1,6,13.59,14.138799999999993
5.99,40.92154095628109,-118.31783349287284,40.91557277732313,-118.358317792398,19,15,1,6,15.61,13.725950000000006
9.77,37.59525470036172,-78.80294412712001,37.62164854297949,-78.83701361814789,22,3,2,4,23.72,21.453999999999994
3.76,37.380583466237816,-109.76791181155536,37.39288892608502,-109.7594465641336,3,19,1,3,9.58,10.099849999999998
1.91,38.7296482326888,-99.564638801276,38.778060044528,-99.56535404568795,20,2,1,0,7.08,6.463250000000004
6.08,37.2728513879167,-105.25431605118816,37.25813100363755,-105.259621741713,22,5,1,3,14.35,14.237749999999988
4.4,40.96820699784257,-88.82359161175906,41.00159173274873,-88.85316148121441,20,16,1,0,12.84,11.708700000000006
6.09,39.32924008807483,-85.45263893003121,39.32576992977788,-85.43927025209031,6,12,1,3,12.42,14.287850000000008
7.47,37.57268134538881,-110.34029754656162,37.59593897104031,-110.3828565376117,12,3,2,4,18.45,17.482000000000006
5.65,38.29982279348296,-86.61035432194822,38.25860404729641,-86.56515623700332,8,11,1,2,11.21,12.709449999999999
15.84,37.77534669117906,-84.59400513818893,37.76057148015011,-84.61998862174022,21,6,1,4,30.24,31.822700000000005
4.21,37.85840650463456,-83.85751196592506,37.84765051767221,-83.87881092352403,13,17,1,1,11.22,10.003500000000004
5.81,40.7957177179843,-108.68488624400094,40.84351235259851,-108.66274846119148,14,29,1,6,9.77,13.496249999999996
9.3,38.22330948811285,-88.92166250696638,38.23556813448958,-88.94536333406455,12,28,1,5,21.91,20.346200000000003
3.37,38.12811872663137,-89.44150677208225,38.17435351587724,-89.40832251508996,22,22,1,6,9.1,8.869850000000001
9.57,37.20599341466656,-81.55690670870531,37.18564990720899,-81.60424257015127,6,17,1,1,22.63,20.82535000000003
6.11,37.4035706299538,-102.97547376998882,37.44157424846832,-102.95263334012596,14,20,1,4,15.98,14.060700000000006
10.1,37.54583605311456,-89.30369413948469,37.56371673352392,-89.34105502446674,16,31,1,1,25.67,20.618349999999996
6.72,39.61998350182456,-112.89660652660496,39.60365340080816,-112.86708902108616,15,7,1,5,17.21,15.199749999999986
9.77,37.27384727078911,-87.58016758911424,37.271699360132025,-87.5504487008391,10,20,1,4,20.52,22.255649999999992
8.82,40.6561253278363,-114.99846986967988,40.6245434055203,-114.9918126113627,23,3,1,1,12.83,18.94160000000001
7.48,40.858650596637766,-79.82412581475268,40.82511551868284,-79.81322834275167,0,16,1,0,12.64,16.936649999999993
5.64,37.778563927417046,-74.25226364147096,37.820276237203885,-74.27014338313792,8,24,1,1,10.66,12.774900000000008
7.58,37.55501834845745,-99.56211274405707,37.57695927445397,-99.58195036874,0,7,1,5,18.52,16.839850000000002
8.02,38.8712398912656,-97.55227109284309,38.902758494072025,-97.50891523279,6,22,1,6,18.74,18.129850000000012
11.16,40.58991286498188,-112.95938531917857,40.63621846004967,-112.95137330850756,0,8,1,6,25.37,23.1896
5.27,39.08882136949953,-102.50677607105452,39.1131918833547,-102.51824203345816,4,1,1,6,13.55,13.504200000000003
2.64,40.96379923960108,-114.00474428753492,40.990721174773554,-113.95919199011024,0,21,1,5,7.63,7.792550000000002
7.23,40.28100952515413,-82.66249428161407,40.28634855495503,-82.62466805786983,12,30,1,0,20.62,17.16035000000001
3.24,40.309150044165776,-107.20078633660276,40.32551343550184,-107.24781591314496,23,27,1,4,10.99,8.927300000000002
5.6,37.05593522158635,-121.660471651293,37.07376270422986,-121.624217981735,18,29,1,6,11.38,14.057200000000012
5.37,40.5505652954293,-111.03079753053048,40.51724911260842,-111.01914008804582,3,13,1,4,12.47,12.302849999999994
3.09,40.57962443285254,-99.50619384049094,40.6284137023946,-99.54839630399792,4,26,1,3,8.17,8.692
5.32,38.03977530209812,-102.85120814069684,38.019708440634176,-102.84451135222176,7,3,1,1,17.77,12.314250000000001
1.56,39.26560291301936,-101.93296608392455,39.25995676165296,-101.91367114252124,11,1,2,2,4.76,5.763500000000002
7.14,38.59523846673072,-92.43691292331803,38.6062665579764,-92.387452309846,5,5,1,3,16.1,16.071100000000012
7.61,39.82630747126152,-88.83069892469686,39.83462029552431,-88.83636461983085,0,16,1,0,12.73,16.847300000000004
4.17,39.22274370245477,-84.81974595655991,39.23098555561065,-84.77976980151064,6,22,1,6,11.45,10.66060000000001
7.51,37.24303435443214,-83.735038265192,37.20681269363635,-83.72284477733703,3,21,1,5,21.01,18.085900000000017
12.63,40.244129078725,-95.99867391366584,40.20636654475312,-96.0003281910891,20,23,1,0,33.2,25.988299999999995
11.77,37.404057316688814,-75.61579135198784,37.42659238371443,-75.63576809070827,12,28,1,5,26.55,25.950599999999994
2.49,39.37689541587464,-109.90928308119938,39.380737568873975,-109.89965624476967,18,24,1,1,9.07,8.04435000000001
13.94,39.4225422851228,-116.30330125811628,39.47232551185751,-116.30706840699558,22,1,2,2,30.55,29.085400000000007
8.44,40.63903882794688,-113.97284032865532,40.675207817698514,-113.9231177582686,16,22,1,6,23.44,19.585500000000014
10.66,37.93123621261272,-105.56129104585722,37.91563987941203,-105.57214874014224,9,10,1,1,20.76,23.26635000000001
3.03,39.826868051633696,-109.78955204683282,39.81140753184019,-109.75139879547189,9,15,1,6,8.95,8.6959
7.98,37.86157416644957,-92.57608900287735,37.89379794835334,-92.5617478639687,8,28,1,5,18.52,17.735550000000003
6.74,40.87047023699588,-73.89775557577832,40.823631004990496,-73.90975052308171,11,7,1,5,21.23,15.269099999999996
6.81,39.626150875891625,-78.47183126924472,39.60022680002255,-78.45274259279275,17,19,1,3,12.94,14.788150000000003
2.87,37.27215113149165,-113.94188748051349,37.3062153405138,-113.9450153713405,0,25,1,2,6.8,8.821699999999995
7.24,37.61543754246663,-106.39824614233096,37.61487149670351,-106.42711746199562,12,15,1,6,15.53,17.035149999999987
1.73,37.46473224820641,-106.04830988529744,37.47959047439752,-106.00814358169104,21,15,1,6,3.96,5.735400000000003
8.18,39.20498239277447,-108.49718549036196,39.16446865275343,-108.4613348630478,14,27,1,4,16.77,18.568700000000007
6.94,38.14066362628231,-95.62797402454808,38.130691275334776,-95.60029237028404,0,11,1,2,18.9,15.879550000000012
4.72,39.67489311595934,-95.02690694553876,39.62713115413815,-95.00848384871072,7,25,1,2,16.22,11.399000000000006
0.25,39.79912155618067,-92.445761234399,39.789748361173615,-92.43055468196968,16,5,1,3,5.34,3.588050000000001
4.95,38.55517725307288,-87.5478416952876,38.60019545832829,-87.55078878679194,20,5,1,3,10.51,12.699050000000005
4.73,40.84555205700217,-88.34936321882967,40.85539919781204,-88.34226447735324,7,29,1,6,10.81,12.516950000000008
4.74,40.86723987292987,-102.94731165462332,40.90123326022353,-102.90641433392524,4,13,1,4,14.35,11.696550000000002
8.24,37.57128015876146,-117.02004189077996,37.54642436018317,-117.053794530246,1,5,1,3,23.57,18.857749999999996
4.55,39.88453662888987,-120.88515825768732,39.905278620409305,-120.90829453647991,11,26,1,3,9.59,10.873850000000003
10.69,37.875625842123725,-74.26415391954598,37.88940844561142,-74.25371091106324,21,25,1,2,18.92,21.58945000000002
5.26,38.01047829978034,-117.84442030265105,38.01990286521119,-117.88761629642916,19,26,1,3,14.31,12.6325
8.55,37.13687600573394,-76.16539716617075,37.175800022331096,-76.18337812662043,10,16,1,0,19.02,19.512300000000007
11.38,38.82181954581394,-101.75694628161632,38.85105041162692,-101.7837240205631,21,21,1,5,25.94,23.76755
6.91,38.47018248216791,-121.30249715896892,38.45671576406478,-121.25591341936472,6,20,1,4,20.16,15.7183
11.04,37.95847747056137,-82.57964311062733,37.99598788871055,-82.54620761886042,3,3,1,1,29.51,24.016400000000004
10.64,40.15941679028182,-119.95675460116132,40.1676070101153,-119.96774769250626,2,17,1,1,24.65,22.489100000000004
14.1,37.59155353069796,-107.44298437668942,37.56050130722115,-107.4747929235208,18,24,1,1,21.33,29.07979999999999
8.39,38.37813884001857,-88.85795117605662,38.332655087476894,-88.83097488503375,18,7,1,5,22.91,17.67135
6.36,40.07462395355073,-113.07882494184732,40.11103745086463,-113.09265145933558,22,5,1,3,18.74,13.665549999999998
11.37,38.88778067781253,-89.61629343842304,38.85713997259946,-89.59071399775362,0,9,1,0,25.24,25.009099999999986
1.38,40.914819006562304,-117.86446426668856,40.9409293503761,-117.89015129660518,0,29,1,6,3.73,6.005450000000001
5.36,39.65640472141486,-120.63651287751782,39.68914487929729,-120.6498117552654,19,7,1,5,15.03,13.680949999999994
9.22,38.120231523810766,-109.96971554352255,38.09670399461507,-109.9414215241796,6,1,1,6,19.88,20.728450000000002
4.78,38.05120511896095,-101.61601875641938,38.0309786585407,-101.61584400222144,13,15,1,6,10.62,11.952899999999984
0.33,40.40086626041067,-102.41538171784272,40.40994103703076,-102.37102615258448,0,15,1,6,2.75,3.883450000000002
6.57,39.23517118367232,-87.31015380491266,39.23888979842028,-87.29463298969699,7,30,1,0,13.24,15.596700000000006
6.64,37.48783151065433,-78.7863610750817,37.52286664655972,-78.75924675264851,7,2,1,0,11.92,15.665550000000001
5.46,38.95375199638501,-114.8544213110671,38.93597375926992,-114.84161347982226,2,1,2,2,9.97,12.507850000000005
5.31,37.51359856084599,-81.57691684252244,37.50842222297504,-81.5490904090797,0,31,1,1,13.84,13.900800000000006
8.62,38.63271733290048,-86.17938890746683,38.63348068429514,-86.1967351254291,16,4,1,2,19.05,18.666650000000004
9.37,38.36104027741561,-80.53123590511058,38.36197089059268,-80.49449408065082,18,19,1,3,19.3,19.71560000000001
10.32,39.12256545814805,-89.79598605921908,39.07612777791952,-89.80772062857478,8,3,1,1,26.94,22.47810000000001
11.43,40.13290008012701,-121.16360660383562,40.14904133860591,-121.14561069270388,12,2,2,3,17.51,23.891450000000017
1.11,39.3888616946107,-106.86940106152088,39.377332248356026,-106.84809746405362,2,22,1,6,5.43,5.366599999999998
5.76,37.62320124366457,-97.51486682849288,37.63870047967916,-97.47195755802493,2,3,2,4,15.14,13.884250000000007
7.3,38.20537373203728,-82.57436916470371,38.174192136324656,-82.61172922266053,10,2,1,0,18.93,15.837450000000004
2.36,38.43259643165195,-106.35213416701176,38.38789658184253,-106.32248650315417,8,23,1,0,6.79,7.802399999999998
6.45,37.43706509788192,-102.3263218538541,37.39186132604466,-102.2863132661976,13,16,1,0,19.69,14.730299999999998
6.77,39.42425788423151,-91.20263958239276,39.411517601124736,-91.17025803576075,7,4,2,5,13.41,16.199300000000004
2.23,39.49163080538524,-101.2533596369481,39.5356700281336,-101.2793359639568,12,11,1,2,8.32,7.305899999999998
8.28,37.19392005981173,-73.6284076441423,37.24170924697841,-73.64438193638713,3,20,1,4,16.41,17.814749999999997
4.33,37.397933532871065,-88.00006819572093,37.35767610640221,-88.00046499780817,16,31,1,1,7.5,11.617899999999997
11.62,40.26061755823084,-89.6636584561022,40.26434443826385,-89.70823144463276,1,4,2,5,30.35,26.39239999999998
9.5,37.96104073834728,-116.73932405171014,37.942772734249054,-116.77696221799506,18,13,1,4,24.33,20.656599999999997
6.3,37.69526443988862,-106.67582827163024,37.655277757841205,-106.64565982714146,9,16,1,0,19.02,15.001250000000002
10.64,38.86211883004104,-75.32533987165664,38.82001499907442,-75.36721086573893,12,18,1,2,23.29,21.955449999999978
10.56,38.1429269776452,-74.54410914327553,38.14213153613231,-74.58787018173271,18,3,2,4,19.4,22.966600000000007
3.63,38.17192017797581,-106.64052945721178,38.159517193794535,-106.61702842220213,18,4,1,2,12.29,10.301350000000008
1.95,37.18590434308038,-120.34864215297868,37.2019166916848,-120.36789229563726,15,19,1,3,7.75,6.081549999999996
8.58,37.78657221559249,-118.82327349381738,37.831654993485095,-118.86929654816792,12,8,1,6,22.17,19.477250000000016
6.91,37.47207766098654,-114.5742339873498,37.46921550208885,-114.62232602021209,8,9,1,0,12.36,15.962450000000013
10.12,40.112204938993344,-101.67793546782691,40.141634192726606,-101.69572099150632,0,1,2,2,27.76,21.789250000000006
11.44,37.17040609962888,-120.89405009859,37.19056452205549,-120.85623020068088,22,16,1,0,29.38,25.14174999999997
6.29,40.12438874624393,-120.15835998362256,40.113350414307966,-120.15973119303642,13,20,1,4,9.46,14.847100000000001
0.89,38.02166056300185,-76.63340000469341,38.067413892170975,-76.64209982273145,0,15,1,6,2.91,5.335949999999993
9.33,38.15108051724604,-96.47690408116186,38.17096144422233,-96.4378889807128,12,1,1,6,20.24,21.996399999999998
9.81,39.33737460956549,-112.6302995108976,39.30554043993804,-112.65137779095257,6,1,1,6,27.64,21.262349999999998
7.7,39.30571061318066,-73.9054695222511,39.26715435556546,-73.86985845001193,2,18,1,2,14.42,17.83250000000001
5.95,39.74570753546703,-105.7457584437218,39.78205722495468,-105.7951168862331,17,14,1,5,12.04,12.639499999999988
7.1,37.998583819909854,-100.38956712490852,38.03209399146252,-100.42085116793368,21,1,2,2,15.16,16.833300000000005
11.91,39.02690756886936,-109.68488904331412,39.02232796084565,-109.64935693438213,11,20,1,4,22.25,24.955800000000014
6.92,38.91634568718151,-119.11465359833812,38.88579460833676,-119.10052158731608,20,10,1,1,15.97,15.881099999999998
7.9,39.11257705723737,-107.9477902328767,39.07015597441952,-107.9894016735333,23,15,1,6,14.07,17.70629999999999
5.9,37.87883667553128,-98.53550180629765,37.9060182104048,-98.503257883127,2,27,1,4,17.71,12.946549999999993
10.92,39.87657519236906,-101.97113985913792,39.87398755809984,-101.93624139364933,15,4,1,2,24.25,22.89540000000001
7.58,39.50167133529742,-85.07925820863426,39.48502606066444,-85.08744218024269,7,17,1,1,20.23,16.583500000000004
12.85,37.09814637233786,-109.7491502566332,37.110414291499545,-109.74912211357432,19,3,1,1,32.18,26.646250000000013
4.04,38.56013988201651,-83.20488477242796,38.546560973374646,-83.15825572582081,14,12,1,3,13.71,10.000650000000002
3.29,38.043991827331055,-108.94096751561176,38.066298457559895,-108.90902135095772,2,24,1,1,8.65,8.843549999999995
1.9,39.93895368487048,-95.8428930276813,39.9786039976776,-95.83632810089618,2,13,1,4,7.73,6.3595
9.65,40.632174256693496,-100.79016260218808,40.652073861968205,-100.8032684271752,2,7,1,5,21.88,19.311800000000012
7.37,39.65827118349071,-113.61098059480298,39.61582505818063,-113.57913426260012,10,6,1,4,17.28,15.59850000000001
8.04,38.21120886640894,-108.69366613532362,38.19277348519216,-108.70997145693188,7,1,1,6,18.84,17.745950000000008
6.93,39.80511107903651,-73.14755972364512,39.84345009852601,-73.19668949259353,4,7,1,5,13.83,16.19285
3.06,37.27448841920786,-85.4258390977177,37.254023710413655,-85.45548450103668,6,3,2,4,9.36,8.580049999999995
4.13,38.2698313736082,-94.7313225792894,38.2208981802815,-94.69923069884204,20,28,1,5,8.49,10.824200000000001
1.2,39.994592336151904,-106.38194997783548,39.96400309693336,-106.42324330424574,16,21,1,5,6.44,5.318549999999995
2.4,40.80240451779268,-91.97184864967632,40.84486070959928,-91.92600179156229,20,1,2,2,6.31,7.8387
9.6,38.03614736177723,-93.7562836161214,38.06964485084277,-93.7344397882194,1,25,1,2,27.25,19.781750000000002
5.92,38.03048599886326,-89.2041675087204,38.00109291921411,-89.22421129597465,20,15,1,6,10.74,14.529100000000007
7.14,37.772482093082594,-100.04627929660184,37.73359629675259,-100.0928332253883,21,7,1,5,14.31,15.385350000000006
3.9,39.81893520786637,-105.57964762615158,39.83442977313352,-105.6107117193267,11,16,1,0,8.95,10.539950000000001
1.17,39.91942576607115,-116.25395087868158,39.88731891739086,-116.26800884309856,12,27,1,4,5.19,5.191400000000005
4.36,40.55485102290631,-80.2806869009837,40.59603542438211,-80.2672332814168,4,24,1,1,11.2,10.746749999999993
6.03,40.86279335034616,-108.68190093573428,40.84440883579121,-108.67394800779722,8,28,1,5,12.36,13.79015000000001
5.67,40.6577066541363,-102.32920725517216,40.63346710188625,-102.29034921201674,0,4,2,5,13.3,12.690750000000007
8.43,39.31484810207691,-91.7515956603108,39.27669792926968,-91.72523234137702,7,7,1,5,17.09,19.142400000000002
6.38,40.19406401311578,-77.33940437326014,40.14669566116218,-77.3493191907704,14,16,1,0,15.61,15.278500000000001
9.4,37.40468182680992,-90.5260907026332,37.4469995364388,-90.57180347879864,1,5,1,3,18.35,21.041949999999996
7.48,37.01431412836959,-99.27771977801716,37.04952884116063,-99.32306033414972,22,18,1,2,21.06,18.62430000000002
7.11,40.10542173636778,-119.9089786059911,40.14994459174917,-119.86212825264532,20,15,1,6,14.06,16.4793
4.84,39.315185572903054,-120.76825755427691,39.30882458249163,-120.78444862583524,20,2,1,0,10.73,12.180599999999997
13.14,39.5295228664672,-86.84457051269965,39.48058013311071,-86.80602507736225,5,3,1,1,26.79,27.55784999999998
10.1,39.1015561111231,-103.86968293015074,39.14950352179319,-103.84488106173715,22,16,1,0,16.62,20.940800000000003
9.35,37.43740378031118,-112.04573293173934,37.39042378987754,-112.04316706187488,9,12,1,3,22.31,20.28140000000001
4.24,38.98903718059225,-74.88448733864297,38.97773085691117,-74.85350475021833,22,10,1,1,10.21,11.012199999999998
10.89,38.99947971592624,-91.03963150088336,38.96913016830727,-91.04937885640192,14,1,2,2,22.73,23.227600000000006
6.42,38.57079717747933,-98.27009481793044,38.526265351610185,-98.26229588513227,5,31,1,1,11.79,15.3171
1.79,38.7707233584429,-83.7214702571004,38.80000205289758,-83.76071286910492,7,4,2,5,4.79,5.985399999999994
6.56,40.11131102429406,-114.8689307179869,40.07401670587888,-114.91122793765643,5,6,1,4,12.75,15.452950000000008
3.24,39.13521660247034,-74.73946056662052,39.18054094565639,-74.72432371099069,13,19,1,3,9.8,9.190549999999988
5.49,39.42057420521063,-116.44873360809405,39.43197250833578,-116.41845073481524,15,31,1,1,11.69,13.696199999999992
9.3,37.93388928712469,-95.46377402553716,37.92319031483965,-95.46951653409045,18,2,1,0,13.12,20.164499999999997
9.44,37.85676343655416,-112.60234778530352,37.8174406178265,-112.61448560041302,16,15,1,6,21.25,20.28655
10.53,40.789684368975045,-77.11084445474326,40.82567829347901,-77.10700767155677,21,19,1,3,20.56,22.844399999999993
6.0,39.53725706145509,-114.84900800658228,39.49423222189535,-114.85995822811816,9,31,1,1,12.33,13.969100000000001
8.29,40.35541946225055,-101.34085105927976,40.37017765366131,-101.36903848153162,18,10,1,1,17.38,16.893349999999984
11.32,40.67401990386294,-120.08360321782168,40.62954843650813,-120.11927202197622,17,26,1,3,26.05,23.490549999999995
8.05,40.27187553972578,-109.34005265688629,40.307331932662095,-109.29475833204172,1,13,1,4,18.21,18.2726
6.44,37.51471296131125,-100.3571652713936,37.47975989981133,-100.31477035208016,15,12,1,3,18.03,14.210049999999997
7.77,38.271759992194205,-119.5989161898138,38.25198983767727,-119.64207900848078,11,18,1,2,20.9,17.615649999999988
8.04,40.9797624837317,-119.90155261019976,41.01610386693135,-119.86456886856004,15,10,1,1,14.27,18.183649999999997
2.4,37.07601720557179,-98.4395277500214,37.0667025484169,-98.45841005058512,23,8,1,6,7.09,7.773000000000005
8.69,38.68148100985816,-77.48277877393417,38.67973954041985,-77.51120682747941,21,21,1,5,20.44,18.049099999999996
1.25,38.60515495730679,-94.15821546161806,38.64287547176436,-94.19252047522832,8,5,1,3,5.86,5.522249999999997
9.63,37.25333142009981,-75.04346998926127,37.20709183213354,-74.99931856416147,2,18,1,2,22.88,21.33920000000001
5.34,37.8335441191339,-110.12168472390834,37.799270988479485,-110.0758565994544,9,4,1,2,12.41,12.94425
3.1,37.52775971045418,-108.0484114560938,37.55482782608832,-108.01865232622823,11,19,1,3,9.3,8.1363
8.41,38.25582877174357,-97.3044762874924,38.26866787847813,-97.34366647820886,23,11,1,2,20.89,18.62545000000001
9.26,37.6296644922303,-109.37705542854836,37.66622235289559,-109.3540826090868,7,2,2,3,21.05,19.03115000000001
8.91,40.03789899882035,-78.2165743112397,40.04059938318897,-78.26483394762818,5,6,1,4,16.82,18.766650000000013
4.17,39.4465178198127,-106.00221650302608,39.43381253753241,-106.00110835487529,15,8,1,6,7.24,10.778299999999987
5.93,39.50717634997952,-88.64494371889845,39.54727832527411,-88.6104114522466,12,12,1,3,16.34,13.480399999999998
8.25,37.88026802401564,-119.7488223593196,37.83753008550029,-119.7929811761972,14,29,1,6,19.28,17.25740000000001
9.12,40.35869435054326,-81.59442903599086,40.40603190660868,-81.55060935134415,3,31,1,1,24.19,19.535949999999993
9.68,37.590436787212816,-108.98167389590758,37.60490859713804,-108.95304522384956,22,24,1,1,22.34,20.146300000000018
9.29,38.62683569881638,-88.07341177500129,38.60788192803029,-88.05985567975311,18,23,1,0,15.79,19.98890000000001
8.16,38.23490241449494,-101.63896773423106,38.21556227926912,-101.60978815040174,21,30,1,0,17.98,17.91795000000003
8.55,40.56031091414163,-84.28887803177565,40.57919275348629,-84.26316228794182,19,8,1,6,18.5,20.514650000000003
9.35,40.046397107506806,-107.42070247692752,40.06336700005179,-107.4264887162716,1,3,2,4,22.03,21.227099999999993
10.72,38.56441150889153,-89.68561767052938,38.61368550735135,-89.65490329650946,15,6,1,4,18.02,23.353200000000005
11.39,38.327214303102096,-117.71786849319724,38.369697702141806,-117.75730981805322,11,26,1,3,30.11,24.26225000000001
11.14,38.50303517423806,-114.4738965499631,38.51321531345438,-114.51973577642916,15,6,1,4,23.98,24.67285000000001
8.96,38.71693227602852,-89.8705346425254,38.686848896291565,-89.90631949103181,4,6,1,4,23.95,19.79195
8.22,40.0800697862669,-73.0849345144031,40.09322215670669,-73.12291274793817,5,16,1,0,23.46,18.793350000000004
11.14,37.4214775613263,-92.36071159974055,37.463332884822,-92.4064883325848,23,24,1,1,25.01,23.910800000000027
9.43,38.23478348173382,-117.96275273151132,38.28117552313716,-117.96665850147798,4,9,1,0,20.36,21.11755
6.14,37.86611917049447,-73.93784582586441,37.88025224607937,-73.92896626310876,7,6,1,4,17.57,14.201650000000006
5.65,37.23508915966079,-98.84666709983247,37.21095566531627,-98.85722693161487,14,5,1,3,9.4,14.09035
0.62,37.3215740556844,-104.1007476546973,37.29300638292814,-104.11366511440396,19,2,2,3,3.12,3.562600000000001
10.36,40.56743454702435,-90.1638534954696,40.591672465369285,-90.11645977242269,9,27,1,4,22.92,22.259400000000007
6.93,40.58715596448589,-84.00434592379989,40.57866013182485,-84.01931146522492,22,1,2,2,16.95,15.956150000000013
6.92,39.59007357916801,-91.15445446490897,39.58187525286081,-91.1611707984312,19,27,1,4,11.61,15.661550000000002
10.97,40.04936024099051,-101.06143337321431,40.077550572251184,-101.10708316645864,22,6,1,4,17.89,22.77424999999999
7.92,39.33678815611187,-95.42129369821544,39.33172113676009,-95.4202818504087,20,16,1,0,22.42,18.021849999999986
5.79,40.83367657614076,-114.62426694441088,40.79420416573191,-114.64524222325008,22,19,1,3,13.85,15.260249999999987
7.76,37.80746768384296,-107.13587978244055,37.81227244215496,-107.12418804753136,22,29,1,6,18.12,16.459050000000005
10.32,38.55247509003787,-108.49375873743548,38.58701223294263,-108.52700184159424,2,12,1,3,27.06,21.974249999999994
7.16,37.02311567408195,-106.14245774948364,37.017015031717136,-106.10422740316343,23,26,1,3,17.5,16.642900000000004
4.87,40.21121276283761,-73.91936107238654,40.19461790141391,-73.93511673556169,7,3,1,1,7.95,12.079199999999998
12.09,38.696205445060485,-99.79432884871012,38.64910391040489,-99.81226746098989,16,23,1,0,21.25,26.440699999999982
4.8,39.62935880424703,-84.949560881434,39.61709423914053,-84.96818921078487,12,19,1,3,11.6,11.643500000000001
7.08,37.18407227243786,-91.11315606446384,37.16366040871434,-91.10598954704668,9,26,1,3,15.78,15.675849999999999
8.16,40.13565078434997,-119.95004166853364,40.18393004986478,-119.99541150956811,1,26,1,3,13.7,18.108650000000015
5.1,40.922274120405646,-87.84943927820517,40.90365656459972,-87.83247665522963,7,21,1,5,11.32,12.103499999999999
6.5,38.31075653809954,-120.4771742164116,38.31544471298344,-120.4983039952163,13,1,1,6,16.62,14.336550000000011
7.33,40.62291769652414,-82.35755494635791,40.65916272299168,-82.32758488212443,8,27,1,4,17.06,17.253599999999988
13.21,39.13437332467336,-76.27285181346605,39.14428404293698,-76.22476957330854,13,8,1,6,34.17,25.75354999999999
11.72,38.42409624095757,-98.61993052008232,38.44065569354196,-98.63915013762302,2,6,1,4,28.18,21.16645000000002
5.24,40.704692706347245,-97.6614691160282,40.660495449991735,-97.66293602370602,0,23,1,0,8.45,12.503200000000007
3.18,39.30026375350471,-85.11137985775815,39.33890754962959,-85.0695834088199,23,17,1,1,7.77,8.372249999999994
0.31,40.24302627613504,-75.64520433964427,40.23524259341051,-75.61775545846815,15,20,1,4,1.76,3.33055
8.84,38.893256703920976,-108.56983398617038,38.87249117098284,-108.56377600696268,12,9,1,0,22.57,18.967800000000008
8.05,37.7816925390995,-90.23746545696646,37.812741658278135,-90.25211095459514,13,6,1,4,15.82,17.457650000000005
4.42,37.97580102227039,-92.39827089081422,37.943828487084,-92.3715296898154,8,1,2,2,13.92,12.109100000000005
4.38,38.671464417982726,-77.7441851242678,38.69405515505484,-77.69936129907465,5,19,1,3,10.31,11.114999999999998
4.64,39.50884733902245,-90.64169716135056,39.5341399182368,-90.59883968750005,21,23,1,0,13.45,12.049399999999991
4.56,40.49607452103604,-75.65935703942165,40.4466952015479,-75.6096311339599,2,21,1,5,12.57,11.226950000000006
3.37,39.09722840081971,-106.65626454048528,39.138919600203714,-106.61099368214128,0,19,1,3,9.7,8.543149999999995
11.1,38.18184704512181,-89.93213125178127,38.14178324584293,-89.95875953354376,21,22,1,6,24.12,23.159399999999994
4.99,38.873263683799166,-114.63506372978318,38.86205754314194,-114.66536181984368,22,8,1,6,11.19,13.08069999999999
10.4,40.10963438121247,-98.42852187951677,40.12137966149582,-98.45747244421364,7,4,2,5,23.43,21.409149999999983
6.91,37.6174030433042,-101.69878690967626,37.59806761882731,-101.73697135228738,2,5,1,3,15.84,15.39015
8.8,38.94028574999329,-74.83267994985951,38.91097675918737,-74.85494705909836,21,2,2,3,21.38,19.580399999999987
13.25,38.67934279289845,-81.3094031561998,38.72657863453223,-81.32245244108873,14,1,2,2,25.98,25.411750000000016
10.16,40.47019729367335,-114.67217401939745,40.46911700553039,-114.64024527347348,5,14,1,5,20.82,21.344649999999998
2.91,39.71770453316664,-83.95052667865652,39.751685874180346,-83.96482483660964,11,11,1,2,10.29,8.601400000000002
9.94,38.932965900259774,-120.78508394146408,38.98120211288835,-120.818401839556,9,3,2,4,26.23,22.025700000000008
7.9,37.35681890505092,-80.61952156425781,37.38048118467081,-80.57801045945146,1,2,2,3,19.42,16.031799999999993
5.8,39.19988052823391,-105.75810245992778,39.232418342691886,-105.79713763234514,13,22,1,6,15.87,14.677299999999986
0.53,40.788230778571005,-77.04695591168063,40.77809891434264,-77.04408489368485,6,19,1,3,5.71,3.904549999999997
6.96,37.33089478588973,-75.24518861958785,37.37409170413851,-75.27257329360357,14,23,1,0,20.1,16.22275
12.24,38.78246147018316,-75.21667481002501,38.82153688980402,-75.22660394475463,9,11,1,2,22.52,25.688499999999994
7.47,40.79419578713154,-89.56644430512594,40.8043885777848,-89.59234044501278,4,3,2,4,18.18,16.708899999999996
10.29,40.728148518091785,-121.27232747538837,40.74151797616122,-121.24291462830487,5,21,1,5,21.83,23.7167
2.92,38.59157275430561,-86.6952132318277,38.54294251145934,-86.66697736628761,19,25,1,2,10.93,8.519200000000005
10.66,38.34917498017048,-100.21696982775468,38.34852041158757,-100.20219324803917,4,22,1,6,25.73,22.781599999999997
1.24,40.70995099406165,-109.00141645983228,40.66389602572457,-108.97894999308724,13,19,1,3,2.92,5.370049999999999
11.02,37.57370426742584,-88.73341372996833,37.62324434534927,-88.7504157869306,1,10,1,1,27.03,24.690550000000012
11.38,38.470818204061565,-103.9181478964636,38.46947700700559,-103.9475077453216,10,3,1,1,23.69,25.0755
8.75,37.09013570084832,-90.6932641109218,37.05779255842621,-90.7331324858256,21,29,1,6,16.05,19.044050000000002
8.27,38.10694271223185,-82.00091961001266,38.1208254072664,-81.95112265675867,6,17,1,1,23.3,18.596350000000005
10.99,38.24497511490762,-78.72777383358991,38.19730297507019,-78.76245529087775,6,13,1,4,28.17,23.846449999999976
3.45,39.16387807895777,-117.48241848539617,39.14087370123199,-117.48506692974954,19,3,1,1,9.91,8.965050000000007
10.47,39.89756371950217,-100.37084113846058,39.94347187315406,-100.3854105769343,21,2,1,0,22.2,22.475999999999996
5.48,38.17418359722265,-97.52692646275496,38.14563504064028,-97.4837643427706,6,18,1,2,13.17,13.388350000000004
2.86,37.2319263196657,-103.47925280630824,37.26888951913188,-103.48873561476309,8,3,1,1,8.7,8.345550000000003
10.23,38.3504417719422,-96.76574053091554,38.35999704487197,-96.7699374946136,4,4,2,5,23.21,21.511649999999996
4.88,38.16482788820753,-82.691629709481,38.1351502182079,-82.71103097643828,6,15,1,6,13.4,11.387949999999996
10.15,38.53915132802372,-99.66402799593256,38.49070845057828,-99.63495610513225,12,24,1,1,16.69,23.18279999999999
10.03,37.13833351306055,-101.4210992574263,37.11516938743825,-101.39667675036696,17,10,1,1,17.54,20.614250000000006
8.4,38.82280064095481,-109.040676228818,38.792249145750176,-109.00495833643996,4,29,1,6,18.01,18.104650000000003
3.1,40.644165261252525,-80.89036398650134,40.64781713842067,-80.93300351684839,13,17,1,1,9.86,8.727499999999996
11.32,38.766677048043896,-113.26091456253091,38.803733840930455,-113.28567667058395,3,24,1,1,21.6,24.13125000000001
4.13,39.81757866420778,-116.3889205913186,39.80781269202237,-116.40025156296714,0,4,1,2,12.91,10.81964999999999
4.4,40.67592221815181,-119.7767961573142,40.687891473436935,-119.79523271449769,7,8,1,6,11.42,11.510749999999998
3.1,37.24843871997451,-92.9430465559678,37.274951600276495,-92.90589758602133,6,30,1,0,11.16,8.923500000000004
7.99,38.22872097488288,-90.86299016424267,38.26556858658709,-90.8710838777012,22,26,1,3,20.99,18.283100000000005
9.99,38.942338195451946,-103.76824500256345,38.99129733503741,-103.81136768376427,14,17,1,1,26.59,22.41500000000001
6.38,37.817125482090944,-91.21346035219248,37.8587893652086,-91.20796304644308,10,4,1,2,15.24,14.552200000000004
7.81,39.67130611030572,-85.60687841332705,39.7194289214173,-85.56686035942194,3,11,1,2,21.3,17.542099999999984
7.02,40.0791282212052,-91.54457157965798,40.123137454436296,-91.50145837951044,0,17,1,1,15.3,15.328500000000009
11.02,37.5274136544341,-120.59049608640734,37.57260245593677,-120.59251466284344,21,26,1,3,22.07,22.109999999999992
2.14,37.09829713044102,-108.83904736532384,37.13267282231361,-108.82699812056806,14,26,1,3,4.19,7.102500000000001
6.7,38.76129165186352,-79.91864669493762,38.8019982036229,-79.94240198998574,19,10,1,1,13.88,14.963050000000015
6.72,38.13762407540366,-85.1110001212495,38.12907724796439,-85.07453707095357,18,7,1,5,14.22,16.279999999999994
7.72,37.505150986102336,-116.95514305900592,37.515646046129085,-116.97949293161037,15,3,2,4,21.64,16.805400000000002
6.38,39.95707643663565,-113.25246355735226,39.9519532736542,-113.21266976423404,14,14,1,5,10.23,14.294299999999998
5.02,37.99222063385201,-95.8084745429397,38.03680844565682,-95.84930429675468,8,22,1,6,10.32,10.556400000000005
9.8,38.08550279698828,-118.69010412145848,38.12345998002613,-118.67982656246728,17,19,1,3,21.21,20.562149999999995
1.89,39.78503287153585,-86.78733415976879,39.80190920153453,-86.76966586496219,3,4,2,5,5.16,6.564849999999998
10.19,40.29963582213155,-96.12171526873624,40.30572119255365,-96.16823217907,9,14,1,5,16.94,21.96074999999999
6.12,37.407185437797686,-100.42586690985792,37.42084880112469,-100.42870086831428,2,9,1,0,13.89,14.098600000000003
6.59,39.13841645752015,-80.26657312046515,39.14724172868642,-80.31573612874014,22,24,1,1,14.38,15.232600000000001
1.16,38.66982678593034,-77.23316734687342,38.66110304024782,-77.26958113390928,21,17,1,1,4.79,4.881800000000001
7.41,37.33782349558448,-101.5456412986224,37.32491490624367,-101.50312906816345,19,10,1,1,18.72,16.593200000000003
9.3,37.21980296290132,-117.89736051012169,37.18410450731884,-117.91996941986748,9,11,1,2,19.53,19.785300000000007
8.04,40.276692957321934,-107.3682957993884,40.2435522155661,-107.41208874028004,7,23,1,0,18.56,18.4328
2.63,40.62840449852483,-109.47809854281005,40.64454471324461,-109.46657165293637,22,3,1,1,10.54,8.090749999999998
4.61,39.24500523673215,-82.24878374880814,39.26012643133664,-82.29470811077725,6,16,1,0,13.59,11.78705
7.86,40.69479628820375,-98.59829723639623,40.72200625065863,-98.55158081585812,11,18,1,2,15.96,18.930500000000006
2.24,39.895516384012254,-76.55329842199589,39.848870704032834,-76.56572591139691,23,9,1,0,6.93,6.719649999999997
6.37,39.16709384370804,-73.0971879880513,39.14633928201801,-73.07260896713387,3,15,1,6,15.62,15.748749999999994
10.89,40.506906234665685,-120.48958833417552,40.487261208790905,-120.47663071724298,5,17,1,1,29.74,22.34024999999999
11.03,39.89322480562192,-87.2897456043541,39.93813128881112,-87.33115486211535,10,11,1,2,16.16,22.484600000000004
7.12,37.14677107814333,-107.67754955938042,37.13463482789287,-107.67198837685407,11,1,2,2,10.27,15.393500000000001
10.78,38.05836663438137,-103.27276999921352,38.0542325441816,-103.31068661675312,10,28,1,5,24.04,23.773199999999996
7.03,37.27060985630574,-89.67505574278786,37.225726262756446,-89.6688900871404,3,11,1,2,15.7,16.057550000000006
5.23,40.29002978583422,-107.0310554618705,40.31827537495518,-107.0635185616082,9,3,1,1,12.31,11.820899999999996
2.9,39.6466195076773,-76.57287249163531,39.66446899867638,-76.5617241552111,15,10,1,1,9.15,8.541250000000007
5.39,39.10804759935727,-87.1286162725722,39.10062870214242,-87.13038747135738,12,4,1,2,17.14,12.361300000000005
6.52,40.25514596811068,-85.20416506621447,40.2891656207594,-85.20274413588459,11,11,1,2,18.05,13.912750000000015
6.44,38.79742774005578,-81.11375113982551,38.75131969152696,-81.16179604371213,10,23,1,0,15.47,15.578950000000003
5.47,38.57387810657681,-87.93896270283756,38.52870257731684,-87.90139695999805,5,8,1,6,9.11,13.3512
9.62,39.213709985405735,-105.15425012306754,39.24012388940809,-105.1844650366787,14,1,1,6,14.64,19.58395
9.62,38.926387132015456,-93.79830901101366,38.91136365151511,-93.76783625779612,10,21,1,5,23.41,18.739949999999986
2.18,40.76952669885165,-96.12052093149671,40.7646419020636,-96.1480320623036,10,26,1,3,6.28,6.4973
7.65,39.98197613942386,-93.74522236967364,39.96646131791514,-93.76815731177425,15,2,1,0,15.96,16.507149999999992
12.31,37.44245053884776,-73.01762995338885,37.39557639972534,-72.99081176668615,11,16,1,0,30.15,26.793499999999998
9.22,37.474516202332495,-97.08102804823972,37.454093031964746,-97.09598734620768,1,31,1,1,16.29,20.831449999999997
5.72,39.36680400116683,-80.30180092168138,39.34987319992393,-80.29899832542304,19,13,1,4,10.3,13.295800000000003
9.97,37.42043808110607,-110.58714755216104,37.422508970701706,-110.59812757024834,15,10,1,1,23.47,19.493400000000005
12.65,38.75022055089477,-89.23641502890152,38.7262780158863,-89.2263604812059,9,9,1,0,24.73,25.47629999999999
8.9,40.965255569599854,-73.30936263380985,40.9907097814937,-73.30830783130742,2,2,2,3,19.44,19.24849999999999
12.09,37.08374212592802,-76.64091499047714,37.053056897043376,-76.59925633666508,20,21,1,5,29.73,26.61505
4.89,40.26661136347578,-73.60329017126631,40.22466335284663,-73.63206760186188,5,4,1,2,11.47,11.648599999999995
2.36,40.67139311509216,-94.06453347318288,40.69493508396444,-94.03315573430564,7,31,1,1,8.09,7.123599999999999
4.51,38.57218775437842,-109.46239225865806,38.613486985815584,-109.45304447082424,8,4,1,2,11.52,10.826849999999995
8.43,37.918508017339,-105.27673450041094,37.95189738635632,-105.2881601277208,19,31,1,1,15.81,18.299500000000027
6.75,39.33100423331118,-88.00605581278218,39.35972297896429,-88.04741439634456,23,7,1,5,16.76,16.957499999999992
8.51,37.57429972372989,-75.62008825535464,37.53768711608459,-75.66625169704768,0,18,1,2,22.34,17.73720000000002
8.91,37.11436825151825,-108.19459227264376,37.07475366826125,-108.19305683578077,12,27,1,4,17.62,19.430099999999996
4.39,37.79226020983089,-116.86884971426085,37.82269437062013,-116.86201782435208,6,25,1,2,12.78,11.395650000000005
3.61,39.58822462822611,-121.13649253341087,39.55229971226328,-121.17002654955502,22,1,1,6,11.51,9.84089999999999
7.11,39.936800629230255,-73.10212696101433,39.975143104572986,-73.13887958942196,9,1,1,6,12.47,16.26165000000001
9.91,37.533994501488046,-115.87085299128644,37.57396113720478,-115.83968874318845,17,3,2,4,18.27,21.765150000000002
8.09,40.32018361170059,-106.69873740489312,40.3390913044132,-106.6708716050029,14,20,1,4,13.12,17.86659999999998
6.22,40.82379625012617,-75.29571905873347,40.83332465369941,-75.27198785268483,15,1,2,2,12.0,13.923400000000017
6.19,38.33105348341037,-109.82314819412372,38.31461884893711,-109.78323352874826,3,4,2,5,12.51,14.96949999999999
10.15,39.61812590050511,-78.35074959593116,39.59953572894389,-78.38120008512952,13,12,1,3,17.52,19.674750000000003
2.64,40.77191297270075,-99.13174584927016,40.7587304012239,-99.15666832552348,6,17,1,1,8.91,8.461599999999995
4.24,38.43633880609677,-117.68748910974672,38.387377890039,-117.69270817946578,8,4,2,5,12.54,10.792199999999996
7.23,38.68333942227209,-92.73271804019294,38.680105490117455,-92.74020185374664,23,28,1,5,20.9,15.970750000000008
3.49,37.753177782316136,-101.7069477343308,37.79308667556512,-101.71304299329006,7,12,1,3,13.3,8.989499999999994
6.91,37.13704865039713,-73.17435376650857,37.10094637640269,-73.1803518389966,14,1,1,6,17.6,15.381249999999998
5.32,40.87397612735671,-90.54197678534892,40.8787221702965,-90.55858845038075,18,8,1,6,14.2,12.546849999999996
5.63,39.79182800660841,-100.86719672869148,39.79869925913741,-100.84637377236083,16,20,1,4,11.62,13.745350000000006
7.22,40.53004985101455,-94.1171791745312,40.54032787328307,-94.07755430062105,11,29,1,6,19.21,14.220199999999991
4.75,39.18079071592595,-111.14074849124152,39.16723405751139,-111.18715384211728,18,19,1,3,13.22,11.520649999999995
8.77,38.13796239730903,-79.31327630647993,38.14355784811947,-79.32035649940858,22,14,1,5,15.89,20.051200000000005
13.15,40.557535319391846,-116.92421823987122,40.55995214237467,-116.90526416921452,16,22,1,6,17.59,29.10774999999998
5.09,39.72558555127536,-84.66443864441268,39.74911941624252,-84.6440771533124,3,25,1,2,10.18,11.780100000000003
8.1,40.45440926415101,-91.86085336015816,40.44094026237041,-91.8889592565965,19,5,1,3,18.08,17.966949999999983
5.74,38.61120467708286,-102.95492604269327,38.64418103014787,-102.97817952172365,12,13,1,4,11.44,14.269599999999993
14.53,37.34299516567744,-108.62370434294404,37.34165761068898,-108.63901216975596,5,9,1,0,20.02,30.5556
5.39,38.07725994885163,-107.50021375398852,38.08699916635417,-107.48955191304302,15,31,1,1,9.34,13.979349999999997
2.67,40.67719755301267,-114.88649443880476,40.62780109614052,-114.8675767585404,15,23,1,0,6.72,7.586750000000006
8.78,40.64743915511541,-114.72995067577696,40.63440943966215,-114.7153060228302,6,21,1,5,13.51,20.765350000000016
12.33,37.20136722840731,-99.25175208150915,37.22476696250177,-99.3008512646144,14,4,1,2,19.79,26.098250000000004
1.61,39.574771811687874,-105.30367391750192,39.56926533691511,-105.28033898763904,11,23,1,0,5.39,6.2556500000000055
7.11,38.25087429012628,-102.9635541811434,38.23146110468856,-102.95220038496642,4,22,1,6,17.46,16.917200000000012
9.28,38.48929237826751,-74.88002765064162,38.44293329463537,-74.9128475108656,18,6,1,4,16.69,18.355099999999982
6.18,40.90020881977273,-76.56135745495502,40.85987176234293,-76.5525048660849,12,13,1,4,15.84,14.046050000000006
7.75,38.085599657125705,-108.33762950579631,38.088483101379246,-108.30922014509385,17,2,1,0,15.6,16.297400000000017
3.03,39.13549774334852,-84.58637151045639,39.13926779615463,-84.59375718618504,5,11,1,2,8.78,9.008949999999993
8.75,38.89206747500918,-97.67031732862584,38.87921544985638,-97.7121957458698,7,2,1,0,17.2,19.908749999999987
7.69,37.1943268464244,-74.75951199641769,37.18183024767904,-74.71071680959648,0,22,1,6,19.65,16.931950000000015
7.31,39.334427576171954,-88.7681225848873,39.35072046960156,-88.76804276830141,1,14,1,5,19.78,16.21484999999999
6.83,38.0925698888305,-103.89633515815734,38.09650564096281,-103.8739799292001,18,4,1,2,18.52,15.257950000000001
2.3,37.85973440787152,-84.80523378897462,37.85298924037328,-84.81190592742898,5,23,1,0,7.89,7.949249999999995
6.98,38.83945053931975,-103.44486631982733,38.85839971113812,-103.4574995395686,21,19,1,3,12.81,16.038949999999993
5.32,38.11162185365418,-94.50362384977724,38.13286637099555,-94.47406259653212,16,3,2,4,11.74,13.281449999999985
14.89,37.21325095725868,-80.93167256914319,37.16876557502595,-80.92058472770633,1,29,1,6,35.36,32.090599999999995
6.53,38.10967568082452,-75.6158885791621,38.06280052551189,-75.63321346353042,10,6,1,4,16.85,14.749549999999997
14.38,37.00816658649293,-88.85122997522113,36.96841812811913,-88.83616982145847,12,29,1,6,20.38,32.99435
3.41,37.48435074468521,-117.80568908971824,37.4907563817132,-117.82119408284076,14,2,2,3,11.58,10.342700000000013
7.61,39.88235025578309,-119.97295160151594,39.89979616991669,-120.0006611462109,7,26,1,3,14.47,16.346450000000015
7.51,38.32237883638958,-80.53845049436126,38.30503767402971,-80.58216001577675,7,1,2,2,20.05,17.827900000000017
3.35,40.14290345925975,-98.4099607101276,40.140319274028,-98.38830532659745,20,25,1,2,8.63,9.589350000000001
0.59,37.08241413646002,-85.586392559417,37.043316148468136,-85.59460987839536,7,6,1,4,1.96,3.6179999999999994
4.5,39.82022739451696,-104.77580162187904,39.77655502839884,-104.73134359272396,11,24,1,1,13.64,11.56625
8.73,38.06735453798213,-90.81453388203818,38.076987796462994,-90.80275347061205,10,21,1,5,22.88,20.17269999999998
1.42,39.12471990657375,-114.83577594275722,39.13853433922539,-114.86101928222315,9,11,1,2,4.12,5.8475
8.99,40.97907265923263,-114.74843424256936,40.95868802242761,-114.7430263096974,1,4,2,5,17.94,19.968500000000006
6.54,38.87016043461527,-99.42219262771476,38.90853090321163,-99.4109020120432,8,20,1,4,20.31,15.298799999999996
4.53,37.14329949490372,-76.7271984007575,37.16264373712424,-76.70333751141538,21,5,1,3,10.16,11.383099999999995
11.77,40.46129764916446,-83.14570335221927,40.48181982948272,-83.09891682325805,3,19,1,3,25.72,24.175450000000005
6.82,39.043298230808176,-103.6856238596002,39.004699447347264,-103.72650313163204,21,10,1,1,14.51,15.126000000000001
9.29,37.997679108674944,-79.55706500318118,38.00846403720127,-79.55399810156777,11,16,1,0,21.58,19.322949999999988
5.49,39.40549035675641,-117.9365810795979,39.4553210321622,-117.97988528345414,16,11,1,2,15.08,12.615250000000005
10.01,39.4432505656044,-85.5499295058199,39.40228963921735,-85.52982164925753,3,10,1,1,16.68,21.72855000000001
5.8,38.0755288007864,-93.77001025075882,38.11319741837978,-93.80272785511632,5,28,1,5,17.47,13.435249999999995
1.15,40.03797348358559,-101.792867176921,39.995909273757455,-101.80009441865748,20,2,2,3,4.59,4.7679000000000045
5.25,40.20358156659161,-95.06537408782825,40.24745122344577,-95.08660906527513,18,8,1,6,16.37,12.5835
7.41,38.52382077842143,-111.00559446434616,38.47413038556659,-111.03317307737636,23,18,1,2,15.67,17.59759999999999
6.67,40.28524372108026,-121.01805186926984,40.30167213921386,-121.05267438538816,9,21,1,5,13.61,13.476199999999999
12.04,40.76673100640281,-117.03423325672873,40.76894763315042,-117.02112801929502,12,4,2,5,20.71,24.0429
10.12,38.8619897329097,-112.58417547484424,38.864140993765055,-112.55396775351292,16,29,1,6,18.63,21.323799999999988
7.35,38.9039286748252,-104.48586736520828,38.92353553854493,-104.50760837363345,13,20,1,4,11.56,16.15234999999999
5.08,37.622332786426206,-92.59088137555196,37.59528012582641,-92.63456999786808,12,12,1,3,11.57,13.1194
7.29,38.57891194668592,-103.18676522641576,38.53065340987087,-103.1851330527482,18,13,1,4,16.55,16.55964999999999
5.05,39.099305798161225,-111.8187352179594,39.06144720409861,-111.78776428986949,14,16,1,0,10.13,12.827900000000005
4.79,40.43309694555895,-78.45290038539454,40.435760153940016,-78.48314248090257,8,23,1,0,9.83,11.668149999999999
6.72,37.9257110371982,-86.75412940921211,37.951961802917104,-86.77756387101851,6,6,1,4,17.47,15.023799999999992
8.81,38.21429738409049,-115.26570863451956,38.18181438043682,-115.24323744781412,15,25,1,2,25.14,18.26835000000002
9.86,40.94157671815527,-92.55460150745412,40.9317260617802,-92.56398944537747,15,21,1,5,21.09,23.23325
4.46,39.61050264652776,-121.22299072050684,39.56663391364323,-121.25856776604218,18,24,1,1,14.17,11.64625
6.98,38.52005637793395,-94.26018279955754,38.555977748567294,-94.29398145839548,0,19,1,3,15.61,15.71375000000001
4.46,37.82650826268479,-110.8605033506616,37.81124841295542,-110.8281140859186,11,21,1,5,13.49,11.337049999999993
5.48,38.21158735274752,-85.01343647849667,38.18913194118544,-85.05298823852684,14,23,1,0,14.79,12.834350000000002
5.23,37.14577529672235,-82.53484137727887,37.173643412672966,-82.49836695125089,6,8,1,6,12.15,13.2135
4.6,40.34224924137419,-86.83615517065222,40.3607833471755,-86.82121598272053,14,31,1,1,8.01,11.843399999999988
5.4,37.06328464963684,-100.9214230502318,37.03221934144451,-100.87813520694364,17,18,1,2,10.19,12.887049999999999
7.53,38.4328073851886,-90.50775014159244,38.47539694763029,-90.50384566120754,1,4,2,5,21.44,17.604100000000003
6.03,40.45816434507979,-120.1441810510801,40.50600745121592,-120.1232450665307,8,8,1,6,14.38,14.04045
8.08,40.17391058095008,-73.73652543092594,40.12955479091387,-73.71750393968544,1,21,1,5,16.79,18.151949999999996
10.2,40.27401160927053,-108.53587868273236,40.235709511767325,-108.52170547751544,14,27,1,4,24.87,22.071150000000017
5.63,38.5657095889261,-106.50579455669728,38.615144416676095,-106.49264812744828,19,1,1,6,11.46,14.151149999999989
8.29,40.243736555256405,-89.37061432327405,40.27141715464233,-89.32821277380263,6,21,1,5,15.77,19.138899999999985
5.06,39.09474647447166,-118.58885769511213,39.12241686277766,-118.629256964602,2,12,1,3,9.15,12.922600000000015
3.94,39.482647109863045,-106.96266488403532,39.52366860983364,-107.00334670887818,23,17,1,1,13.15,11.30515
5.49,37.685363590648734,-101.11259336235564,37.65033203672288,-101.0720659699695,7,22,1,6,11.74,11.850199999999994
6.85,37.43628338092714,-77.76764727031875,37.475125012528025,-77.76432841683368,12,20,1,4,19.98,17.659250000000004
5.83,38.28209454696174,-94.04902712739596,38.24453286817484,-94.00428410732792,5,4,1,2,15.37,13.604349999999993
5.46,40.3033989040612,-96.04352984481513,40.33425797556495,-96.01569098671868,18,12,1,3,14.3,12.5119
7.71,39.67851839689665,-83.41147212141746,39.65988129296256,-83.44331013742024,4,9,1,0,18.22,17.49875
4.8,40.9493666099987,-76.47135434004636,40.956905402856414,-76.50461758048732,7,23,1,0,10.26,12.192800000000013
4.62,40.85711738288338,-93.46733078719494,40.87373711355177,-93.44453185154298,4,9,1,0,7.19,11.317950000000002
8.09,39.44800367403628,-98.72457346593067,39.48254013835203,-98.70750800587024,6,3,2,4,15.42,18.6519
7.46,38.06287494743619,-121.26389890426638,38.03515811517688,-121.22508476224031,0,16,1,0,16.16,16.375850000000025
9.21,38.00922201795712,-75.03881460808333,38.03745502742097,-75.07680140273692,19,8,1,6,25.44,18.14094999999999
10.3,38.3277216279856,-87.27734115993576,38.32207885613943,-87.30696884672012,18,1,2,2,25.22,23.155049999999992
6.43,37.31817092258066,-107.73930830729928,37.333056616555126,-107.75987777563265,1,31,1,1,13.31,16.627949999999995
2.45,38.76273574525834,-92.2246871578352,38.79191649593412,-92.19937862706158,7,14,1,5,8.01,7.866249999999996
4.61,40.00823157883036,-112.4141150113702,40.02122646133844,-112.44472675305508,1,2,1,0,9.18,11.094949999999994
2.03,39.09073067819495,-102.53971936066266,39.05559123984884,-102.58189161180874,14,1,1,6,7.36,6.935599999999999
8.04,40.93935703784901,-76.19659307752582,40.91945736201995,-76.24589258547272,7,9,1,0,12.16,18.525499999999994
7.49,37.25024883995725,-115.35371547822416,37.29671225181683,-115.33046877496892,13,8,1,6,11.4,16.547550000000005
4.84,39.27225185000968,-82.77005308376329,39.22646918297695,-82.78592250114615,12,30,1,0,9.87,12.121749999999993
5.2,37.29854798864402,-94.27556902109713,37.27547949015148,-94.24418292496708,1,26,1,3,12.38,11.99165000000001
9.71,38.73996527221531,-87.53612983188216,38.7113666680787,-87.56355806711193,14,10,1,1,21.81,21.417949999999987
5.61,39.6170895803835,-107.55515011290268,39.60890758881296,-107.54731677999786,9,22,1,6,12.54,13.502600000000005
10.44,37.462612798163526,-91.45692866512914,37.455711013753465,-91.4363415631174,0,22,1,6,27.42,23.905950000000004
7.01,38.39911200746771,-85.57490487692151,38.35215307673545,-85.6232807352006,11,20,1,4,17.98,16.541750000000015
12.47,37.26556853199491,-118.4332476940832,37.24841643530738,-118.43207999547354,21,16,1,0,30.27,27.300099999999965
2.42,38.50152562738592,-96.10393608515054,38.53790444915101,-96.06549993414276,8,5,1,3,5.91,7.80195
10.24,40.77328593696144,-97.98417374280348,40.77329989005282,-97.97027657305333,11,17,1,1,17.38,22.002349999999996
11.45,40.955764729851296,-121.24147398274508,40.970495199880986,-121.21541950535794,20,26,1,3,29.97,22.585149999999977
9.3,37.131398184143286,-120.67270798787013,37.16848620081384,-120.63573283466722,13,20,1,4,17.68,20.892349999999997
4.32,37.57197951686474,-97.36377100708114,37.6118921967987,-97.39128301566046,13,17,1,1,12.69,10.91175
7.09,37.35235775457659,-89.59722558254819,37.33813759728256,-89.56181382936174,21,25,1,2,20.5,16.20795000000001
7.02,40.60445282912233,-79.47395345088597,40.590756924209536,-79.45898299991643,11,26,1,3,15.71,15.08865
10.4,40.95518291219591,-93.02832882444692,40.99400563221505,-93.03994998766512,17,27,1,4,24.31,22.996449999999992
9.03,40.188733255436055,-101.571268134067,40.208196952263776,-101.61554700634004,8,24,1,1,22.98,19.281200000000005
6.71,38.30526129216006,-88.29320068407789,38.26640628647838,-88.2850015180907,9,23,1,0,11.29,15.51954999999999
6.36,37.36426873131536,-108.998687284288,37.381574465297184,-108.9723939849871,8,26,1,3,16.99,15.099150000000007
7.91,40.64093645042212,-107.68740731406778,40.63071057968867,-107.66958956733345,9,30,1,0,20.23,18.03630000000001
8.07,40.06389716686359,-86.91763938124606,40.095532581640434,-86.90487568715744,4,2,1,0,15.37,17.921449999999993
13.0,37.75445036439601,-82.6362907652269,37.70601931915808,-82.59237942792137,19,7,1,5,24.05,30.653999999999964
11.88,38.38987475589013,-88.32009430562651,38.39495708786859,-88.36830729295976,11,19,1,3,28.08,24.709250000000026
8.14,37.67197253375952,-99.74512222052776,37.63175705590065,-99.75811723444018,15,5,1,3,21.38,18.565250000000006
11.47,39.96091641679166,-106.2307529229345,39.98539170602307,-106.19076955708596,1,3,1,1,31.33,25.996899999999997
1.56,40.96768905265292,-86.20734568395795,40.98453620034046,-86.19770794112472,4,3,1,1,4.94,6.436399999999997
6.32,40.70393700636642,-85.45905535164309,40.69813134934038,-85.43904916894543,1,3,1,1,13.57,14.451800000000013
7.49,37.35773450601432,-98.32199020163355,37.32875838851939,-98.30428265441356,10,22,1,6,19.26,18.577450000000024
8.74,38.18661105860768,-82.69983953847867,38.14069162173699,-82.7383047390959,7,6,1,4,16.66,19.514449999999997
5.61,39.620932695317336,-112.29305197661093,39.66834796722727,-112.25542711779244,0,27,1,4,10.9,13.801300000000001
7.7,40.14949740597631,-95.42692181440424,40.129406090471015,-95.39033557879289,7,31,1,1,15.25,18.50049999999999
13.25,40.66850288085845,-110.26632790853398,40.652402039048496,-110.30215320872396,17,25,1,2,35.07,27.163599999999953
9.64,40.21534645359095,-99.0282979840241,40.19880003521965,-99.02656380925252,3,19,1,3,16.22,20.24035
8.42,40.71589000016462,-93.97365598847692,40.75626038445706,-93.956469155137,1,17,1,1,23.06,16.94739999999999
5.66,37.61044257321857,-85.63062760348114,37.59787422989724,-85.60181824535448,13,9,1,0,17.49,14.251549999999995
0.81,39.87637100052607,-115.58168336861492,39.83212326241506,-115.60944374436798,8,22,1,6,4.3,4.082749999999999
10.33,38.88036789798326,-114.04614004255384,38.86559318379235,-114.05300245465918,22,15,1,6,24.4,22.111349999999998
3.81,38.89157231858903,-108.20262535113984,38.880228782352674,-108.16822638616878,2,16,1,0,8.08,9.979149999999992
7.1,39.18817156877364,-116.3016041277367,39.15786323020402,-116.3309722987632,13,29,1,6,13.05,16.491849999999996
9.01,38.71052098292476,-76.88720395538844,38.71518927083113,-76.8444510080023,7,31,1,1,21.16,21.04789999999999
6.51,39.7903030307775,-83.36227160043549,39.76443282612272,-83.41052229269557,17,4,1,2,14.18,15.187350000000015
7.43,39.94006586067977,-108.23642033263307,39.904019118139416,-108.23240187361374,23,24,1,1,18.66,18.106800000000003
2.16,38.94598053426623,-100.905474567355,38.9481424808528,-100.9040876324502,21,30,1,0,6.77,6.791700000000002
6.08,38.627845480172496,-104.80794706816448,38.6769189007448,-104.83427669450856,14,31,1,1,17.18,14.153349999999996
10.19,37.05188353361407,-78.2112609339998,37.035910810576254,-78.21285406089274,22,22,1,6,15.94,21.8678
8.05,39.23666477863515,-88.71430407837315,39.28031561156238,-88.74695052827565,5,26,1,3,21.24,18.805899999999987
5.23,38.91930563472063,-113.79231951633068,38.95818200801745,-113.7489373249469,17,10,1,1,16.41,13.028200000000009
8.0,39.94269055047004,-114.885652716557,39.918461579801146,-114.84170634560516,17,1,2,2,22.31,16.94955000000001
11.68,38.21241169979678,-98.52724319231702,38.17148739223024,-98.48426698243318,3,1,2,2,21.43,24.12365000000003
5.86,37.52062864009562,-89.93130107164635,37.49268407472846,-89.91214072404684,16,27,1,4,11.25,14.023149999999998
8.07,40.046608211781205,-82.83696200351892,40.07318814944115,-82.80136919657926,2,30,1,0,16.29,19.01604999999999
11.76,39.713463015764205,-115.74828036687296,39.72398194998559,-115.72000052718444,15,18,1,2,17.44,25.716600000000035
3.28,38.40661394663582,-108.30574523372898,38.36796709402983,-108.2588305449892,6,18,1,2,11.61,9.02544999999999
11.3,39.61536994831365,-102.95018626697204,39.58482743918396,-102.9864381189844,11,7,1,5,28.18,24.350199999999994
6.8,38.46127663316156,-100.53232543001936,38.4414727596274,-100.55915863999434,17,31,1,1,10.47,14.37665
9.43,39.97009808889069,-111.85245991798112,39.9405267584588,-111.80333214118406,1,26,1,3,16.97,19.928349999999995
6.2,37.78540561140896,-110.88831771997648,37.82869341554161,-110.87133597652874,3,30,1,0,15.29,15.952400000000006
2.2,39.16445447813906,-91.13810730980488,39.15224782874065,-91.09547818106628,11,9,1,0,4.68,7.275549999999997
6.38,39.49608265992861,-114.5497039999941,39.50643470269341,-114.5890857637582,2,21,1,5,12.64,14.878799999999995
5.65,39.37747425664973,-104.66179183566877,39.4004296684048,-104.61929873667796,23,11,1,2,9.81,13.695549999999995
6.39,40.66226486427153,-110.77110024043483,40.64998500455956,-110.8041646455099,14,11,1,2,10.42,13.949250000000001
4.55,39.25722253393734,-113.00026153569858,39.2095306730851,-113.01458549537136,17,7,1,5,10.33,12.029700000000005
12.1,38.753711576743,-83.33749996680777,38.74285794119925,-83.31721005303073,3,13,1,4,20.83,25.37015
6.22,37.25343504923359,-80.52499905856304,37.28004665448659,-80.54547696251407,3,27,1,4,17.29,13.037749999999994
7.93,40.18295219756552,-121.8431861215082,40.15901844207905,-121.861861726214,9,2,2,3,21.52,16.27340000000001
2.37,40.30040853652304,-95.54851496644878,40.2691517811978,-95.58665542155984,7,24,1,1,7.38,7.100400000000004
5.82,37.0318826647909,-83.6976917961181,36.9929975699975,-83.66769383340029,12,2,2,3,14.02,13.835349999999995
6.09,40.086485165252576,-114.09119972168332,40.10409606584925,-114.04799777722492,1,13,1,4,14.31,14.8399
9.66,38.564120468170806,-90.48222399877538,38.54798790813617,-90.52416801786924,16,30,1,0,16.21,20.081749999999996
9.42,40.01459267066932,-74.09815527016946,40.0249004793509,-74.1142826130807,16,19,1,3,17.94,19.67665000000001
9.75,38.03217799880122,-94.46388918662848,38.05491324404031,-94.47427059204075,10,29,1,6,25.16,20.562600000000025
9.52,38.64842745610263,-120.136557209508,38.64238323054068,-120.16194523251572,10,26,1,3,21.33,20.34459999999998
9.15,40.91351295804706,-79.79054457389597,40.93508233428662,-79.82276813261824,18,4,1,2,23.46,21.1485
3.45,38.53570676761963,-83.38474107832542,38.51347263442516,-83.34084438263062,2,1,2,2,10.0,9.181900000000008
5.96,40.35456669133537,-88.48021692413838,40.344878843242704,-88.46166385903787,6,15,1,6,15.52,14.462700000000009
3.2,39.34860331593582,-89.03800007884331,39.30969761301299,-89.03520226723337,3,2,1,0,10.18,8.979850000000013
1.17,38.695731371304944,-112.71695999285748,38.70226029083356,-112.70429474366264,20,27,1,4,3.52,4.770249999999995
5.3,37.51603109662116,-119.57411426332312,37.47028405506689,-119.5515491625847,15,19,1,3,11.13,12.712449999999997
11.95,39.67382311038286,-83.13233632858928,39.71243432491272,-83.11423967992681,1,16,1,0,23.51,25.39784999999999
3.58,39.696927339544494,-104.4606709254058,39.745678700374825,-104.4738373748169,4,28,1,5,10.8,9.962450000000008
6.06,38.37969872583191,-113.5930569880841,38.39559183284069,-113.64274052682347,8,12,1,3,15.89,14.259150000000007
6.77,40.20308323546475,-94.27253789168796,40.16440483052223,-94.27723301765904,4,19,1,3,10.04,15.59410000000002
5.2,39.19202216084012,-95.84808370873156,39.18747940025096,-95.84144338645596,5,19,1,3,10.61,11.576099999999999
5.35,40.86300340140293,-78.27363271396874,40.82135162855054,-78.31510541243661,18,14,1,5,14.61,13.478299999999997
8.19,40.008973021153565,-92.40384197977674,40.02696176411504,-92.40374845170751,22,6,1,4,20.83,16.818299999999994
9.63,39.482018467163854,-116.73358445746337,39.470946875630105,-116.77676015063425,14,15,1,6,20.78,18.348100000000002
4.32,39.58859442299778,-102.70603207182604,39.62061617542049,-102.723309017,18,1,1,6,12.13,9.967849999999997
6.74,40.37651828986848,-120.58187431114288,40.39145815010238,-120.59169645622752,9,20,1,4,14.15,13.905449999999997
5.23,39.02676778565528,-105.49596689501644,38.988405648362416,-105.4933532823954,8,20,1,4,8.06,12.850550000000005
5.93,39.37862639848058,-86.3914666868341,39.34304078021479,-86.43160085852523,7,2,2,3,11.47,12.951249999999998
8.38,40.10035771343232,-109.75472791798823,40.05979879367038,-109.76260519037392,18,5,1,3,15.36,17.752300000000005
8.46,40.75272164096418,-103.1718763012188,40.73549602844631,-103.12453939636684,1,1,2,2,11.99,17.7951
13.98,40.494851746668886,-111.14008291976788,40.51232134138506,-111.1285621963227,5,4,2,5,31.47,28.074050000000025
9.9,39.47982677518098,-112.88162374097604,39.4980541854228,-112.92988235098258,2,30,1,0,17.14,22.97935
9.32,37.691071633419405,-78.4280752195811,37.67422075854502,-78.4171466958075,4,2,2,3,15.71,22.014299999999984
5.81,40.85034525416625,-88.9286479163924,40.88332162187677,-88.93063708492237,16,10,1,1,11.16,13.168199999999999
6.01,37.27786439554895,-99.26099646881414,37.28182501191285,-99.28819815138756,15,31,1,1,16.02,14.061949999999992
9.44,37.209594852080414,-105.3265025744815,37.24197805857088,-105.3422798547758,10,16,1,0,21.69,22.323050000000016
3.53,37.351599808404885,-106.1635960977076,37.363617774650095,-106.18686174738208,1,10,1,1,13.12,10.27995
6.56,38.06117201958083,-108.9449564476854,38.07869691938004,-108.90331203327736,10,24,1,1,20.58,14.396849999999997
3.07,40.64159863441199,-94.60465763910736,40.68565565837178,-94.56399438476274,4,6,1,4,9.27,9.079150000000006
4.25,40.88078364628534,-97.5619871694016,40.86903945765021,-97.58020819369776,0,31,1,1,9.89,11.448750000000011
8.68,39.51370297487411,-120.02608767589123,39.54975684331858,-120.03278325926456,11,27,1,4,18.14,18.565599999999996
9.06,38.69999285885083,-118.9912232724828,38.740782191168094,-118.95488691077207,11,29,1,6,17.24,19.065099999999987
3.01,39.92134599715203,-78.75155936877366,39.93808118492026,-78.77954631254829,4,25,1,2,11.83,9.080499999999995
6.02,38.40869165089504,-88.89740466829207,38.427789688182,-88.87993132444163,19,5,1,3,12.64,14.362299999999989
4.53,40.03109403169121,-101.22315668279144,40.039583501076336,-101.24478715243504,9,2,1,0,9.88,11.57169999999999
5.14,37.59649728439695,-87.3808972342851,37.59613890218043,-87.42472295165551,8,10,1,1,10.9,12.844550000000009
5.23,37.47900607552706,-96.13553824794494,37.50611034049848,-96.1552987233612,10,26,1,3,8.89,12.938149999999998
3.98,37.32489724347431,-82.88438608095288,37.33193852751782,-82.90868303726812,6,18,1,2,7.71,10.691249999999993
7.04,40.30339621277369,-85.78976824298257,40.2667102547633,-85.80823715282753,10,11,1,2,21.45,16.675600000000017
5.72,40.43474815620493,-117.36770888386368,40.47558160224648,-117.41212244281456,22,15,1,6,13.94,13.866900000000005
6.62,40.67156117679478,-121.74726854768656,40.66035391939315,-121.7096599552504,7,8,1,6,15.46,14.3517
5.39,38.270579548976905,-101.80145751868687,38.30093404286356,-101.7907444360962,11,2,2,3,12.89,13.183049999999998
5.24,39.25248076959919,-103.7723992374523,39.20255633414148,-103.77813226510894,16,22,1,6,15.42,13.186849999999984
14.0,37.63153459447436,-84.72866861273752,37.59021359175509,-84.69923501897273,6,8,1,6,33.12,29.530800000000003
8.01,40.67751270913821,-99.8772582934239,40.698078661536194,-99.83168977008742,4,3,1,1,12.32,17.67715
6.13,38.3813065739743,-95.25992877860251,38.36041392838884,-95.2890653191499,6,20,1,4,10.71,13.753200000000009
11.24,37.55108305466728,-114.53774140180955,37.54686027255772,-114.54295723218016,0,17,1,1,23.4,24.730049999999977
7.81,39.86758056926119,-106.57834504976476,39.84027509121627,-106.5987025730445,11,20,1,4,20.67,16.784600000000008
9.39,40.96654002651984,-120.672643596572,40.9319987963789,-120.64424659628774,3,28,1,5,16.81,21.187099999999983
11.4,40.38215696508259,-102.438049187947,40.356390309339226,-102.41540722900815,0,4,2,5,24.72,25.27629999999998
8.04,40.68574461993394,-98.55562975118818,40.67851448509497,-98.54589923420365,22,12,1,3,15.7,19.72650000000001
1.18,40.08178431145083,-106.99691448615188,40.07811599314053,-106.97322369786708,8,4,2,5,2.79,4.800850000000003
5.8,37.98864230636534,-116.63165047182991,38.01796476698691,-116.66844727318708,23,31,1,1,9.18,14.177800000000007
8.05,40.45831456186436,-81.67126310354149,40.49434889351112,-81.66596342284691,7,24,1,1,18.82,18.60784999999998
8.23,37.75565416374862,-78.52807300782645,37.76105673886428,-78.4986844149595,0,20,1,4,23.54,17.340149999999998
8.25,38.4855510960271,-73.24276742416593,38.50904961391672,-73.29154342552921,9,1,1,6,21.54,18.086400000000005
1.16,38.75567534415204,-78.0999465243066,38.77375881083671,-78.0593555736325,17,1,2,2,4.48,4.258499999999997
10.22,38.8414296275524,-120.83144684290318,38.882197312275885,-120.848651214722,17,5,1,3,29.38,22.56540000000002
5.34,40.27005204729468,-84.85655349992231,40.27971110236004,-84.89410736289662,20,14,1,5,11.59,12.461650000000004
4.59,38.5688855901757,-96.72099464164302,38.56271110412112,-96.74303982941824,11,12,1,3,13.38,11.480550000000001
7.52,40.17459108293024,-104.46433826774212,40.14244749706069,-104.47035974391922,20,27,1,4,16.76,15.69920000000001
6.91,40.28018263618762,-111.95316328817108,40.27738602382159,-111.9341196092057,1,15,1,6,17.38,17.103350000000006
9.8,40.67070459765779,-112.10005942391456,40.693722576876056,-112.09309053487716,5,28,1,5,19.21,20.485649999999996
7.18,37.405367641599945,-91.16676149908922,37.44198700703667,-91.18664530665149,22,20,1,4,17.18,17.103199999999994
9.84,40.71912790524701,-111.86513390838137,40.7218894569632,-111.83957808651668,16,8,1,6,17.11,19.853549999999977
7.55,38.71756845130007,-100.74186206568083,38.700099786803776,-100.77192481990532,13,22,1,6,16.6,17.978199999999983
3.59,37.27998460580585,-101.97530465466964,37.23135454951262,-102.0093028043382,18,3,2,4,8.9,9.630700000000008
6.09,38.035912347588,-118.5675049952405,38.04729306971618,-118.61447062960806,18,3,2,4,10.11,13.996700000000006
5.65,40.58600669450756,-77.72310561515485,40.54984013532784,-77.75629717933056,20,12,1,3,13.11,12.388799999999998
10.34,37.017875972403765,-88.03811083990004,36.98574662417935,-88.0771026270663,15,28,1,5,21.13,23.67455
3.95,39.37958708777302,-118.7468427083662,39.410369242309976,-118.7934772867974,6,27,1,4,11.41,10.440100000000005
4.72,37.21379727543392,-90.64827681339492,37.25684504801426,-90.60048917601776,5,27,1,4,10.82,12.160649999999999
5.32,38.42881584237984,-89.38295586106912,38.4498023868835,-89.37105296600804,2,28,1,5,14.67,12.635799999999996
7.9,37.91677934361197,-107.54818240788455,37.92602361885947,-107.55426545249028,4,30,1,0,22.22,16.942450000000004
0.98,39.29637613072891,-76.90465572037962,39.29113493460907,-76.89759619565318,1,2,1,0,2.71,4.318349999999994
7.03,38.61785057638371,-118.32381175380218,38.60444527355538,-118.31010387083064,11,9,1,0,13.51,16.223699999999994
7.71,39.84483555398166,-108.82166609277496,39.80628466866737,-108.7916783403672,22,13,1,4,20.38,16.489999999999995
6.7,37.92439236479508,-75.51087738733443,37.89091342669344,-75.49408536321363,0,30,1,0,13.16,15.401799999999996
12.86,40.52925770201728,-115.89309669797876,40.578640649614506,-115.90800946813346,8,9,1,0,32.84,29.1377
2.74,39.23756421506072,-96.8018830394483,39.20224484743744,-96.76558268582916,14,13,1,4,7.58,7.366350000000007
10.89,39.17412206890008,-86.45381023336083,39.14201599304592,-86.45373890831364,10,4,2,5,19.95,21.777649999999994
7.68,39.22881925738353,-91.55621752661644,39.26020197288588,-91.59231297055308,0,18,1,2,15.55,18.248949999999976
4.67,39.832222078519024,-108.47542001238492,39.83268259501354,-108.43459057281808,9,20,1,4,14.25,11.847650000000002
7.95,38.99747035851415,-106.59436028931756,39.04134266860009,-106.63837842976308,2,31,1,1,18.34,18.501550000000005
7.34,38.073425685998174,-121.41270546092387,38.10918932538163,-121.39052636421172,4,7,1,5,14.06,18.691500000000012
9.4,37.95968195720024,-98.05628868660688,37.973691182895536,-98.09795295424824,16,14,1,5,23.59,20.215750000000018
10.08,39.82150159799174,-114.27690715129955,39.79867328658754,-114.24406537142664,7,4,1,2,22.46,22.143899999999984
3.54,39.9517650207293,-96.52057804243586,39.90373814862829,-96.5584585982163,9,26,1,3,11.74,9.480700000000008
4.45,37.84493886632638,-76.51461945585454,37.89413579040377,-76.49161772094038,9,27,1,4,13.87,11.030250000000002
9.31,40.08138893291609,-84.3846014479146,40.08646570019763,-84.43395795507827,11,4,2,5,14.56,20.12964999999998
9.4,39.88832172024581,-98.2111901539676,39.8411143631654,-98.2522595000273,10,26,1,3,13.95,20.758249999999997
8.98,37.498024786331406,-83.1848895817555,37.47186569505669,-83.16836186855534,14,2,2,3,25.73,19.327849999999994
8.15,38.052768731418745,-110.3562376166312,38.07843823206091,-110.3575115724573,17,20,1,4,16.4,18.167
10.84,37.34799898580054,-93.7931387557369,37.347864348091626,-93.81538607313924,3,26,1,3,20.88,21.43309999999998
9.96,37.34791609925572,-79.63138012997692,37.37305186780755,-79.60213773235937,1,7,1,5,25.11,21.450850000000006
0.09,37.98888702468857,-121.08752644980972,37.95399014225649,-121.104751176048,15,31,1,1,3.9,2.7973999999999997
7.49,38.603645014194974,-85.58530678268264,38.6187925561192,-85.58025756127144,15,7,1,5,16.81,17.10134999999999
13.15,40.08542341037552,-97.09889876313744,40.09866377774927,-97.14377859060336,9,2,1,0,26.97,28.63329999999999
10.69,38.94651497801487,-84.66968224008914,38.953680190174175,-84.70668747025084,1,27,1,4,19.21,22.211199999999995
9.32,38.86919378604904,-114.39067421571968,38.84654110100812,-114.36992457413032,21,2,2,3,19.58,20.1629
7.16,40.96349679776942,-113.50031590347086,40.98898010657754,-113.5083979950546,20,31,1,1,21.19,16.389100000000003
8.15,37.591039314714536,-89.71515703582321,37.54681660573526,-89.7018557486238,18,6,1,4,22.22,18.145949999999992
2.37,37.269193264218345,-82.65377896044947,37.23127354389329,-82.63720220720054,20,1,2,2,5.39,8.192499999999995
10.62,38.1853696696662,-106.87122609245844,38.21977962340829,-106.83087821451596,21,2,2,3,21.18,22.042250000000003
9.49,40.49320165778926,-99.83107704736128,40.48472582782279,-99.83877784322456,19,8,1,6,24.45,19.036050000000003
2.51,40.05582776776569,-79.15546232457906,40.09302298392808,-79.13544515784463,22,30,1,0,6.76,7.26295
1.59,39.26662354343132,-94.42130585334358,39.30104200993501,-94.39218463454488,2,31,1,1,8.43,5.593700000000004
7.68,39.88092089132408,-112.3760885938202,39.88302984957269,-112.37730510733982,18,25,1,2,13.44,16.160999999999998
2.06,38.85235249775703,-101.42403274656928,38.88098241221402,-101.43526954473316,4,22,1,6,5.89,6.573849999999998
1.57,37.9662491076196,-106.72267504036778,37.93482219490984,-106.68616785414412,18,28,1,5,6.73,5.520550000000002
10.36,38.066645337318405,-108.3360651279562,38.09897860265519,-108.2945500749112,7,7,1,5,24.35,22.58745
5.41,39.438658249699664,-85.36630904567592,39.46486705326436,-85.38647277169933,1,24,1,1,10.7,13.217150000000002
8.69,37.43698094875052,-97.59372443437228,37.4342817823495,-97.54504595753149,17,10,1,1,15.96,19.038849999999996
11.69,37.57561677847539,-104.368971794684,37.60987886858258,-104.40553164132382,1,25,1,2,18.95,23.29805
12.06,37.21079988808111,-78.11311933331797,37.17799844711399,-78.14369554590716,10,4,1,2,20.56,26.493449999999992
3.89,37.93593390732405,-93.93677956850247,37.95808453843541,-93.94702202699668,16,23,1,0,11.4,10.107050000000003
9.26,37.042682211205616,-94.5951620183421,37.02743666966176,-94.61252633669392,3,4,1,2,21.68,19.70505
8.79,40.3509550875141,-75.29151287875956,40.39914575511631,-75.25679542407123,12,9,1,0,13.93,20.089899999999993
6.34,39.77517292106437,-73.19703163223608,39.76484899437658,-73.21533312051925,14,28,1,5,13.28,14.806499999999993
8.14,37.85253898351367,-121.07918725964656,37.83502799827569,-121.10026611069452,12,19,1,3,18.12,18.11904999999998
1.89,37.74604139256228,-91.8404946014763,37.74196824912086,-91.81259926173598,10,7,1,5,7.54,6.509700000000004
8.11,40.40755396767084,-99.97110434962724,40.45482174854631,-99.95674227860496,2,10,1,1,13.73,18.338050000000013
7.35,38.2019124002107,-95.86455740477464,38.17541452130252,-95.84161721830108,15,8,1,6,18.95,15.66545
2.7,38.68170201461177,-105.13682882390192,38.69309146736929,-105.15255846219708,14,12,1,3,6.54,7.639349999999999
8.63,40.50959519192634,-117.8730998702232,40.53079423440541,-117.8899516860116,19,1,2,2,20.1,20.261750000000006
6.88,37.969335958607694,-98.58159255270488,37.95336585934125,-98.61548011702718,9,17,1,1,12.32,15.737150000000009
7.47,38.697703452741486,-100.65334289398204,38.71737784666839,-100.61940349105704,19,10,1,1,15.25,17.245850000000004
11.39,37.23786334735334,-115.51712607716752,37.24820888193634,-115.5289758307162,1,1,2,2,19.08,24.91615
5.46,38.53337317980746,-112.69523030313044,38.53633716879789,-112.67417456598255,12,31,1,1,15.95,12.683599999999995
6.27,39.00243330282535,-121.66952312903668,39.01559241038328,-121.67564832116396,6,17,1,1,10.39,15.793250000000002
8.82,38.08601290180532,-80.72097110206633,38.10880056949371,-80.7647817582232,6,28,1,5,15.59,19.62090000000002
7.95,38.15658458636656,-80.6110046054395,38.157441916215774,-80.60836987696581,13,28,1,5,21.58,17.694100000000013
1.9,39.33340315507519,-88.73797221879119,39.30438760252426,-88.71662260744641,20,30,1,0,4.11,6.707199999999998
3.27,39.24482802360586,-116.5089555321662,39.27587120224547,-116.53030884321458,22,21,1,5,8.65,9.282700000000007
6.49,38.05708203154058,-100.4104886192144,38.06420217495119,-100.44611493544636,19,5,1,3,16.74,15.562599999999998
3.52,37.12595933146908,-113.71487984504137,37.07904738352137,-113.71990196914106,14,14,1,5,7.32,9.646749999999999
4.89,39.66108823495207,-100.81956693658928,39.70159823356706,-100.82317917467842,6,11,1,2,11.26,11.624099999999991
8.92,38.61762970142143,-115.85076831388056,38.6539751770893,-115.8509059931006,4,11,1,2,21.46,20.035000000000004
2.73,38.36162483992188,-92.752977240961,38.36564193349203,-92.74343201851046,10,1,1,6,7.31,7.92725
4.66,40.13451862362069,-84.05101066396034,40.11589179144578,-84.02990775369405,6,19,1,3,10.39,11.487400000000004
10.27,39.7809636552063,-88.21698660600602,39.74038377892375,-88.22126683501409,23,17,1,1,22.35,20.599549999999986
8.59,40.27079323164124,-114.59199571533942,40.28345610777054,-114.5508893176661,3,10,1,1,15.51,18.96444999999999
10.4,40.834704633102255,-98.51431391260608,40.87369420985056,-98.50857172969904,6,25,1,2,25.98,23.32469999999998
4.49,38.38927851855299,-73.07769343984327,38.43097408322591,-73.03786430549584,9,5,1,3,13.84,12.274749999999989
7.54,39.70965772619167,-87.51272434998697,39.70261129560734,-87.5163434840454,23,28,1,5,16.25,17.200649999999992
7.18,40.954686602989774,-104.78429306719724,40.936193599428606,-104.79647865535414,16,25,1,2,14.53,15.360700000000003
0.62,40.45673918177812,-95.6184781814684,40.48132521004448,-95.59329109803036,1,31,1,1,3.85,4.260449999999993
2.27,38.706823011325234,-108.36991263561498,38.69105061666886,-108.34087913253032,2,7,1,5,8.13,7.901399999999998
9.95,40.699618316924266,-107.67139771287196,40.67811826847319,-107.64237422019922,0,4,2,5,20.53,22.49680000000003
7.27,40.08508938661342,-115.47723026272274,40.04120161073478,-115.51786790914603,12,26,1,3,15.0,16.767250000000008
7.45,38.15424505170138,-78.9322184648417,38.19545312735864,-78.93978809987308,14,30,1,0,15.49,16.425600000000003
2.46,38.23611050415568,-120.70185932582848,38.20343321670506,-120.67271975724992,2,23,1,0,8.16,7.268449999999996
3.57,39.57551168447386,-74.93166055857651,39.62161914461501,-74.97417320128011,12,9,1,0,11.29,10.058800000000014
8.28,39.6107781169375,-83.22714779346673,39.62757439633321,-83.23940954765025,2,21,1,5,19.09,18.944499999999987
11.71,37.00307650566051,-80.25388120136427,37.01307513694484,-80.25156377531378,21,11,1,2,28.77,23.948600000000006
8.73,40.463328649952274,-99.78977167196696,40.4219477418953,-99.83201201475556,0,4,2,5,19.96,19.234499999999993
7.04,38.2310895627169,-104.7032521290608,38.226429096906266,-104.65695957502292,1,31,1,1,13.98,15.948950000000014
7.96,38.31567483801445,-86.96106584405864,38.35660234968255,-87.00148533040876,11,3,2,4,18.42,18.343699999999988
3.89,40.59529120314192,-108.14227172418234,40.5598473099576,-108.16878342283084,15,31,1,1,9.03,10.550049999999993
8.11,38.47840092027565,-112.47736010123316,38.44334864028694,-112.44080711657108,11,11,1,2,20.89,18.541799999999988
6.68,37.85075635383213,-94.2900413055968,37.80466079789394,-94.24825872535148,0,9,1,0,13.63,15.466900000000003
8.14,40.58446569810751,-79.180620552562,40.55876788333656,-79.14364102990804,22,14,1,5,15.58,17.302050000000005
5.88,38.69412462556582,-80.59918858027014,38.70455867319758,-80.60983991234413,7,2,2,3,14.2,13.143449999999996
5.77,38.88046715659516,-118.09880794808927,38.85049305683363,-118.09603271034209,22,30,1,0,10.98,13.260100000000007
8.29,40.67637254569392,-115.88785879071844,40.66566020184457,-115.89728545667604,10,27,1,4,18.96,18.131950000000003
2.96,40.17155626833447,-78.37577034406678,40.16962789396752,-78.4236742874461,16,1,1,6,8.95,8.508850000000002
2.31,38.787940379127576,-111.1159432305165,38.74913960444344,-111.06956424017346,14,1,2,2,7.98,8.302549999999998
6.73,40.85857032232576,-90.24424353309264,40.87154596401727,-90.24727080109902,9,14,1,5,10.41,16.35585
5.76,38.8167242998577,-103.1335346511736,38.853522473661926,-103.10981280716724,12,1,2,2,12.87,13.168100000000004
14.29,40.56022920700023,-75.1198318193223,40.58566583292041,-75.13087519220404,17,3,2,4,24.05,29.09660000000002
8.05,38.284108501679874,-102.105119685851,38.32221815476141,-102.08941618423373,0,19,1,3,15.75,18.735
9.94,39.193034567956296,-88.65510079114102,39.146771565653296,-88.66245215537751,12,27,1,4,23.48,22.09155
11.36,40.68422659024102,-98.85501310265226,40.71662338871429,-98.8201340519052,2,29,1,6,16.48,23.609449999999992
8.26,40.39711587478938,-83.20684113116506,40.38167979775207,-83.2398616200572,23,17,1,1,20.11,17.5105
9.78,37.38209810453684,-91.59443804739414,37.42850984762028,-91.64007281618429,18,15,1,6,23.54,20.995000000000008
9.01,40.24161714560106,-108.76299780565466,40.26092766727099,-108.7580745101265,15,9,1,0,16.91,19.107699999999987
9.3,37.4210452156869,-87.496490110481,37.406203881791896,-87.51001858346001,13,1,1,6,16.03,19.15199999999999
5.11,40.5559509851691,-118.94095401094876,40.51946292219994,-118.98698528319892,22,27,1,4,12.96,12.435700000000006
3.3,40.741169001829945,-93.28942282044152,40.70666554755998,-93.31387063137656,2,3,2,4,7.59,9.345299999999993
5.97,38.93515393216934,-110.3551192996643,38.91332025348313,-110.33694179024108,23,21,1,5,15.87,13.285599999999995
2.49,38.21716083579288,-116.64768953808594,38.225392601308485,-116.59946468327144,16,3,1,1,7.45,7.962950000000009
3.44,40.993611446842976,-73.75896835220021,40.99555344852281,-73.80794610396242,0,14,1,5,7.05,9.155649999999993
7.98,39.88013121633742,-85.3815429368115,39.90957370127784,-85.37953295469201,1,9,1,0,20.51,18.235449999999975
7.6,37.54421269766602,-94.82022714077988,37.52170831169711,-94.8515432223568,9,4,1,2,23.21,17.83140000000001
6.42,37.82669527749956,-98.89912089564544,37.8260048695515,-98.94219283634808,7,26,1,3,12.84,14.898000000000009
9.0,37.6327316399551,-118.57713669428568,37.62808689555282,-118.5823282474766,17,16,1,0,21.34,19.406100000000023
5.18,40.62250546999036,-74.10426198896752,40.64526213293303,-74.13629051203355,20,24,1,1,12.08,12.526350000000011
8.36,38.70277591457975,-100.16935802612268,38.693861690931946,-100.1881202499592,5,28,1,5,22.77,19.21145000000001
12.46,37.37476077123146,-107.08918084597327,37.3763555325228,-107.13237470598789,23,1,2,2,24.62,26.853700000000003
4.84,39.4820795290688,-115.41022984765324,39.49886764769749,-115.3696526685758,11,12,1,3,12.38,11.954849999999988
7.63,37.90412711573288,-76.51900742594117,37.90854775226804,-76.53505076678137,12,2,1,0,16.81,17.534750000000003
8.81,39.956894328053295,-117.89954927147174,39.950010016363215,-117.8953005761568,3,23,1,0,22.55,20.730500000000003
6.46,39.17309023097169,-91.6552386576878,39.17613514068976,-91.66970914345876,22,3,2,4,17.37,15.00125000000001
11.09,39.175126862285325,-115.06786351686009,39.16807204190724,-115.0434228009116,2,16,1,0,24.38,25.01764999999999
2.85,37.7302813993216,-91.33617575326586,37.76578348230432,-91.37117205023476,10,3,2,4,9.21,8.885299999999999
10.19,38.75166660470023,-91.80504876269046,38.76415558739416,-91.817579378212,9,10,1,1,19.21,22.622650000000004
4.92,37.94088957667236,-91.3775387783314,37.92056835920772,-91.33103969173727,10,31,1,1,11.04,10.917149999999982
5.64,39.70846943945268,-86.8535020872464,39.68022287069804,-86.80953584306978,5,24,1,1,14.24,13.696000000000016
5.23,40.81408071086082,-82.08359937527845,40.82912512322016,-82.09763797921607,15,22,1,6,8.03,13.287699999999994
0.43,39.62083814263444,-106.79985038539388,39.61716411498174,-106.79153232765616,8,12,1,3,4.5,3.691700000000004
6.64,37.193553332180905,-115.43254326002688,37.144145432876414,-115.45706316097817,19,4,1,2,10.31,15.550650000000001
2.94,37.074432654614746,-73.98816026965335,37.026414604849215,-74.02256756658319,1,15,1,6,9.79,8.655350000000016
9.1,38.35304785040808,-102.036077446689,38.3680811716342,-102.0523019833361,22,7,1,5,13.75,19.87885000000001
3.76,39.29475223864599,-98.84367058475624,39.31139635536879,-98.7990317963936,20,19,1,3,8.85,10.38169999999999
5.09,40.43309667050275,-113.64620073096464,40.42526383359528,-113.63900586463264,11,11,1,2,12.02,12.646600000000005
8.35,37.16199725631766,-119.30296829171338,37.19336341152754,-119.3312773141165,21,26,1,3,20.69,17.731999999999992
5.81,39.66417762947665,-116.88389988602952,39.64730208513745,-116.8519997171948,16,10,1,1,8.66,13.032300000000005
11.91,38.831015390164175,-112.8115153560656,38.79918153340352,-112.82398772236589,23,18,1,2,25.47,23.69780000000001
6.06,37.58799497714707,-88.37913969511918,37.61451491680261,-88.35934578425332,9,21,1,5,12.49,15.182050000000011
9.5,38.715271591974165,-118.12027245291162,38.67250252906525,-118.09695540806608,1,12,1,3,23.72,22.241049999999987
7.92,38.06402574337599,-99.73203436804351,38.02962065357633,-99.70249511777314,11,5,1,3,15.73,17.2326
7.02,40.21756562907372,-115.45675530217645,40.26105857959496,-115.45302092955453,6,13,1,4,17.44,16.036999999999992
1.32,40.75652624095884,-76.02977354960461,40.71576649427964,-76.01591296034877,19,16,1,0,6.37,6.238850000000002
8.76,39.22564755551787,-109.47708221041285,39.2726645268649,-109.4846958238467,2,31,1,1,20.7,18.5273
7.87,37.15763002394842,-81.53997378759453,37.11593825376406,-81.56824859974908,23,18,1,2,15.74,18.286100000000005
4.28,38.50170044509922,-80.57707025396675,38.48651847814634,-80.534093507423,3,9,1,0,12.64,10.459150000000006
0.37,39.5457952545291,-105.50304220825586,39.528100358091685,-105.51077356330109,16,31,1,1,5.14,3.345900000000002
9.58,37.93071830777161,-91.44772130748756,37.9493391761381,-91.41168437647572,12,23,1,0,20.79,20.87334999999999
4.67,40.73981342868303,-74.19574778352083,40.70918767576766,-74.20527299681116,13,21,1,5,10.85,12.110350000000004
13.28,39.773539938388005,-118.19103321965892,39.751792372034735,-118.20911420832782,18,29,1,6,34.08,28.243149999999993
2.22,40.75696153308256,-94.30097279945738,40.79659675934281,-94.34000955008146,4,5,1,3,6.02,7.1727
5.63,37.90352579695666,-101.13376967105776,37.85385347117989,-101.17648920307974,17,5,1,3,17.36,13.71525
5.48,40.73118798072656,-81.33394712794427,40.7216701811897,-81.34322201301057,4,18,1,2,13.31,13.207350000000009
6.29,38.91113826509415,-88.33352541407069,38.93122192374637,-88.32105862593967,3,2,1,0,14.64,14.113500000000014
6.06,38.568463016963214,-108.68241894841265,38.58889874975,-108.66333978093874,7,29,1,6,14.96,14.593149999999989
6.46,40.75521913665643,-75.70765643771716,40.7655050027451,-75.66192412388682,5,7,1,5,12.81,15.014949999999997
6.63,40.42650330387298,-88.49295913161632,40.37858936836284,-88.53307950817319,1,8,1,6,15.99,15.093200000000017
4.68,38.12697342517309,-100.81470134281184,38.103573045952224,-100.79337988334824,1,19,1,3,8.2,11.520849999999996
9.22,39.34080782922799,-80.42388024076493,39.32551375314658,-80.40779155546664,11,21,1,5,12.64,17.893
7.85,40.492670803285264,-96.47283775273662,40.50035495836186,-96.43567064775532,22,7,1,5,15.41,19.210199999999997
5.56,38.57087689184594,-77.82231962279494,38.59421598990388,-77.87070596988309,10,10,1,1,13.65,12.725700000000002
11.55,40.498548539683846,-93.18531048414178,40.49788831998462,-93.23382488022264,12,5,1,3,27.85,24.88844999999999
8.51,37.10609025395824,-118.62027619435074,37.08347137503195,-118.58351122666616,5,24,1,1,19.0,17.83874999999999
10.95,38.67886668909895,-120.5769058954322,38.713361191763056,-120.55499476829662,9,30,1,0,28.07,22.272699999999976
12.02,37.00908150967526,-121.01203954893118,37.04672114306574,-120.98421664107885,0,27,1,4,30.89,24.215999999999994
11.31,38.18495416572471,-86.29544790806891,38.14382952114247,-86.28322162414939,12,27,1,4,30.59,21.83144999999999
7.89,39.985615772695446,-73.62078864556135,39.99571723571289,-73.655723885171,2,23,1,0,17.03,18.399800000000006
7.69,39.29405304873316,-114.84866751321348,39.247790574311686,-114.8933895241666,15,30,1,0,17.72,18.104299999999984
12.89,40.00324883684984,-74.3320211934884,39.971662384335474,-74.29607764619907,3,12,1,3,19.29,25.391950000000016
12.6,38.01238905831175,-107.27424336992084,37.9902328053923,-107.23775745590054,20,15,1,6,16.68,25.55545000000002
3.57,38.741974775411705,-91.99907676367508,38.7285370967154,-92.01254298445016,22,30,1,0,9.18,9.310000000000004
7.85,40.61167210069547,-110.23019684464153,40.56788247208497,-110.22631205129086,9,19,1,3,15.25,17.98130000000001
7.49,37.5008207836322,-106.25937370635585,37.498250090229895,-106.24510765015538,2,2,1,0,13.27,18.32590000000002
4.24,39.80385686237452,-109.64253358455385,39.8062078936255,-109.6272403198005,23,31,1,1,12.7,11.233899999999991
5.16,40.77806060637766,-110.72862202768172,40.76164228790429,-110.73894880978276,21,2,2,3,11.18,11.80694999999999
5.36,39.18990830583869,-85.5371616204059,39.16100360779949,-85.58469210618935,17,13,1,4,10.12,12.239099999999993
6.96,39.1394400280466,-73.9369353250549,39.16307354797078,-73.9455408701884,11,31,1,1,19.24,16.791249999999994
8.74,37.47246963671213,-108.300919407654,37.445294115647705,-108.30033696777905,6,8,1,6,17.32,19.25385
4.47,38.57899985125099,-89.42385041489595,38.61373612292868,-89.38925833063715,14,19,1,3,13.48,11.309000000000008
6.45,37.74535487528743,-103.40544645318288,37.72481471225639,-103.42576344110678,21,9,1,0,11.79,15.22319999999999
5.01,37.658334465896864,-119.2448187895433,37.69140782689302,-119.28828435982264,3,11,1,2,16.44,12.569950000000004
7.65,37.09231408705484,-75.79593156355988,37.11660989357968,-75.80789281821455,18,29,1,6,15.74,17.190650000000016
10.01,39.10260562720929,-105.21806299542034,39.06959397690296,-105.19066944739706,13,27,1,4,24.29,22.863800000000005
7.27,38.5862314876708,-88.81979379766204,38.53702567366695,-88.86229084939548,14,2,2,3,20.15,16.303900000000002
9.19,38.40179470336801,-79.72061224639373,38.43892757775095,-79.74858201790133,11,10,1,1,19.52,20.036649999999984
8.15,37.97298186552357,-86.20854840059732,37.94115955993677,-86.25278746675525,5,2,1,0,14.27,19.016249999999978
3.29,39.250528912963794,-89.77863789553382,39.28206916807188,-89.75758283020673,23,25,1,2,7.98,8.805850000000003
3.03,38.46626941524316,-112.87910284971665,38.45353718285581,-112.88883346525006,8,7,1,5,8.92,9.759549999999999
8.34,39.88836221915477,-107.59919878171104,39.86251500421296,-107.59819823566023,22,23,1,0,15.56,17.942449999999997
8.77,37.74297863890923,-92.58271751916264,37.78796027266554,-92.5713758453062,1,5,1,3,21.89,19.50255
7.79,37.6554757061801,-85.61533945934349,37.65694121620226,-85.58159119278382,10,8,1,6,12.42,16.838349999999995
6.47,38.02374290199813,-112.53329030121849,37.98657651947068,-112.5829717488662,15,28,1,5,20.68,14.602299999999996
4.38,37.34690478773102,-104.25244698812745,37.35164663828742,-104.28326324317686,6,29,1,6,11.46,11.300650000000005
7.36,37.881992924525335,-92.02142810745464,37.86765196986724,-91.99471007880744,6,11,1,2,14.03,15.359400000000011
10.11,40.24448866543049,-75.65391792665329,40.204822336322586,-75.64904054560444,2,2,2,3,29.86,20.901700000000005
6.23,37.92238330348139,-89.71157771540982,37.90694378509359,-89.73445954755432,17,26,1,3,15.41,14.043149999999999
6.64,39.05832381890424,-96.69803930321356,39.04930345301021,-96.70885543634704,15,7,1,5,18.52,15.27989999999999
3.27,37.6082738546462,-82.13514658347134,37.58961285496275,-82.14355204278942,4,2,2,3,8.16,8.798049999999995
5.86,40.579510308075854,-86.9304481153777,40.54984747595534,-86.95431143406128,14,14,1,5,9.23,13.701699999999994
8.25,37.01111771550485,-107.6530750075003,37.0156171924258,-107.63162952876218,23,21,1,5,19.09,16.66019999999999
5.37,40.51714019164739,-82.44091870848354,40.54644054558698,-82.45088715776274,0,31,1,1,11.95,12.917049999999996
7.7,40.95592453471756,-97.47048381444522,40.95500845196212,-97.42755392108468,16,10,1,1,22.58,18.19265000000001
8.83,37.8832171543637,-87.18531218983064,37.84914045914596,-87.19129395891538,22,29,1,6,24.92,20.23034999999999
6.65,37.03175817557973,-111.85671662800928,37.00506300625892,-111.8561918920664,18,15,1,6,13.93,15.11645
1.43,38.17215864741963,-92.72549780256898,38.14746273242351,-92.70868864494804,6,29,1,6,4.0,5.450600000000001
7.49,38.35802109670315,-100.77334226021456,38.38638285524014,-100.78905261988812,4,30,1,0,16.49,17.08309999999998
7.15,37.56519068662212,-79.7097221326653,37.5705332838714,-79.75578936445241,15,27,1,4,12.57,16.35949999999998
5.17,38.73096545102019,-107.863975687726,38.77943134999536,-107.85872062907696,18,8,1,6,14.33,12.7379
8.21,40.228216423943415,-99.64614832918076,40.23575252729697,-99.61566337197712,17,21,1,5,13.66,18.686499999999988
4.35,38.644003739378185,-119.49701408158036,38.60290566145112,-119.490964551837,23,5,1,3,9.38,11.015449999999998
2.33,38.39255179966155,-108.65393526817536,38.35723522949485,-108.61165834863516,9,25,1,2,8.08,7.466
11.91,38.50628619119094,-105.06933565928762,38.48993776490208,-105.09026667965672,11,18,1,2,27.24,25.361700000000013
4.64,40.31558690503536,-121.57456151558198,40.28049112730166,-121.56671250751388,11,16,1,0,9.13,11.360849999999997
7.75,39.63140612926748,-77.00849425826303,39.59898523132394,-77.04056900387695,8,2,2,3,17.77,17.120050000000013
6.75,37.457012148196085,-109.53658126412503,37.461809783218825,-109.5630248807625,16,14,1,5,11.11,16.1528
11.57,39.4000052328491,-78.48021060830918,39.40603586043565,-78.48016699021461,4,4,2,5,29.49,24.276450000000004
3.15,40.333841852634926,-80.91602631943704,40.357095585158575,-80.94262950006735,15,14,1,5,6.85,8.920399999999995
3.98,40.44256848531696,-111.37963508002136,40.416760922539,-111.37659078866588,8,17,1,1,10.37,9.684200000000004
3.63,38.9589212578161,-104.83276409682092,39.0021642863091,-104.82363558930854,8,25,1,2,8.31,9.972900000000006
1.1,39.73869290203847,-95.55393888831124,39.73954374761899,-95.58320484608052,10,1,2,2,4.36,4.3542000000000005
6.15,40.06218450359157,-102.0978877387268,40.07367294251053,-102.12991010776663,8,22,1,6,14.1,14.331000000000008
8.96,40.5654965887328,-92.97665560031358,40.51682065329219,-92.93901780058268,4,1,2,2,19.25,19.52430000000001
4.38,38.79123461001083,-82.43093313372555,38.75699817898965,-82.41803995067073,14,21,1,5,8.73,11.232350000000004
8.95,38.73436028533742,-76.5151950976346,38.76170044301239,-76.53332474548117,7,9,1,0,14.88,20.215999999999998
7.21,39.28547506168873,-105.03454224154544,39.32499352381405,-105.04215697424416,15,19,1,3,12.61,16.179299999999998
6.52,38.548565473756575,-117.43869650025825,38.57679722623982,-117.45212524664773,1,12,1,3,15.64,14.414700000000007
7.51,39.94713783622357,-86.79048220251795,39.94381306009099,-86.75027493503954,0,1,2,2,20.17,15.884049999999986
10.77,39.77561651552325,-117.9941024187754,39.809135967417575,-118.0093589019781,11,29,1,6,16.27,22.988399999999988
5.2,37.99350850394912,-101.94718120495288,37.97883871586397,-101.96298181759744,1,21,1,5,14.05,11.806049999999995
9.43,39.75154756151851,-96.10168217661844,39.72188011132921,-96.06685444741645,22,11,1,2,20.83,20.597049999999985
8.09,39.864401077426734,-98.04902662121556,39.891732337981765,-98.087627599824,19,19,1,3,13.37,17.70994999999998
4.76,37.026957888235685,-101.41833372372966,36.97834832413894,-101.40108355758994,1,13,1,4,13.45,11.726899999999995
3.95,37.3540120769681,-75.5547609619693,37.383183697520586,-75.5423593855124,12,4,1,2,9.21,10.962399999999986
3.47,39.05725359032535,-101.53833118607342,39.0850043477139,-101.49321638379644,15,3,2,4,7.24,9.926649999999988
2.3,38.87196978458864,-84.47443363579774,38.9175113194866,-84.43056533242822,23,28,1,5,5.97,7.448199999999999
9.25,37.96840455564446,-104.00262889284969,37.9304128639354,-103.99742177359848,11,27,1,4,25.28,18.95759999999999
10.61,37.34662295355368,-109.01063054341654,37.31967643120465,-108.97863287797352,22,31,1,1,24.66,23.5835
3.54,38.80081011467068,-74.25359883525809,38.81285577502219,-74.22113965144128,3,15,1,6,9.72,9.457650000000003
12.62,40.33165721119677,-109.07260633832932,40.2876096742993,-109.0527656405806,8,2,1,0,17.36,26.5956
9.31,38.41202615448984,-99.17503420145115,38.452809310487744,-99.19907036144586,6,1,1,6,15.3,18.651499999999984
13.32,40.13549010352813,-111.15987355663935,40.18115926869388,-111.1676756062651,0,19,1,3,20.32,26.063849999999956
6.32,38.808432202857176,-108.37979311565655,38.81616166630471,-108.37861039760136,18,26,1,3,14.75,14.320850000000002
10.45,38.93848636380493,-83.19769588426588,38.96078811682733,-83.17698448282732,15,19,1,3,17.4,24.22959999999997
1.02,39.54839486091057,-80.20708551643443,39.577987527972695,-80.21426633964109,0,30,1,0,6.9,4.62015
10.28,38.424325507161214,-74.1771136353319,38.43367651833948,-74.20198449540827,13,3,2,4,22.84,22.490150000000003
7.48,37.50481574009151,-102.7044361535078,37.46269808200206,-102.65724081751408,18,1,1,6,17.11,16.87075
9.94,37.99408175972357,-105.59918195824172,37.97555698166532,-105.57448108013868,21,11,1,2,25.7,20.77734999999999
4.82,37.66750983720395,-115.38551876589304,37.64942936313573,-115.35952375449202,17,3,1,1,10.92,11.249699999999992
7.02,38.71598098968765,-82.86261158954487,38.7333191476942,-82.89044515484281,9,18,1,2,16.94,15.761649999999996
8.96,39.90075146120317,-92.35888233055792,39.91867474152182,-92.37978113701632,1,26,1,3,15.13,20.202699999999997
8.96,39.55635855832752,-93.7570208788518,39.57387634853737,-93.75311770066676,4,8,1,6,21.17,19.02265000000002
7.21,39.763968875927965,-96.6056139624686,39.75053814366571,-96.56959012123156,20,24,1,1,20.61,15.973149999999997
9.21,38.79765734673254,-89.06973806448453,38.777958790358,-89.0799272156702,22,10,1,1,24.89,21.005700000000015
3.43,39.442785271021926,-112.29673604279476,39.4465570454741,-112.31939523483992,7,7,1,5,9.81,9.5728
4.91,40.294621064184845,-79.30232519815115,40.27777698535714,-79.34441914167311,22,18,1,2,10.69,11.837099999999998
2.47,40.484535478743375,-88.89521756977292,40.48476494059377,-88.94230053451729,8,24,1,1,7.16,7.0188
6.0,37.04184874818518,-94.9634731372198,37.07575306457737,-95.00851002361452,21,3,1,1,12.51,15.014499999999988
5.33,40.40787690932374,-104.55858520355496,40.4360834038352,-104.56759164480935,2,18,1,2,14.64,12.184099999999999
4.96,38.90971243375876,-74.02121153260009,38.86979887086545,-74.05840011744736,23,28,1,5,14.48,12.216300000000006
8.94,40.82195246606595,-120.42004587687008,40.83935118802115,-120.45435239030292,16,9,1,0,25.68,18.425
6.48,38.01422077315746,-75.82654316762236,38.02770554915034,-75.8713426745726,15,17,1,1,13.74,15.110350000000004
9.5,39.02177930887383,-78.59321699352576,39.007947080108245,-78.6285815887868,14,20,1,4,20.45,19.880849999999988
2.19,38.518435738196985,-99.50055700527878,38.50291069319617,-99.4541191927501,0,29,1,6,6.94,6.858600000000011
10.33,37.09992789621708,-93.88909702109645,37.11516773776774,-93.86439110608244,21,1,2,2,19.34,22.3073
11.43,40.4052439207735,-91.00132817577978,40.44996289192347,-90.98484607690904,20,20,1,4,32.93,24.10445
7.54,38.71892330582182,-75.52911849350025,38.70562634976156,-75.57390629993732,7,22,1,6,14.09,17.930199999999996
7.63,39.63356972676151,-121.65910799999254,39.59298938497202,-121.65863631036903,23,6,1,4,17.58,15.916799999999993
7.46,40.16145385175261,-115.08180870755372,40.20855910881815,-115.0808634990442,0,6,1,4,16.1,17.1304
5.43,38.89980168872209,-82.49828841679317,38.91690877359076,-82.52342079818155,12,24,1,1,17.12,12.908599999999995
4.74,38.37626875116244,-78.3516768800796,38.35862457160434,-78.38275638421992,14,1,1,6,10.46,11.68575
5.58,39.74206713018151,-101.51186828592276,39.74703585018518,-101.52216468645528,3,30,1,0,15.05,12.624000000000015
11.9,39.648121339038994,-114.22639337405016,39.67000423862692,-114.2657514173656,6,3,2,4,22.86,24.036749999999994
4.95,40.607370246636926,-117.83728441329842,40.586028214149664,-117.8708592153875,10,30,1,0,14.24,12.003399999999994
7.12,37.566400633864966,-80.01125545123979,37.53495334406578,-80.01250900325394,11,6,1,4,15.33,15.795050000000003
1.51,40.732694905948016,-93.60443100843496,40.77451800254103,-93.57208986930806,19,10,1,1,3.92,5.4616
5.0,39.527883664898106,-91.90701735820689,39.49443697625971,-91.93710322593304,0,3,2,4,13.68,12.317149999999994
6.96,38.23404057933945,-90.89206408302228,38.25443856596079,-90.87442759632232,6,30,1,0,19.85,16.37815000000001
6.0,40.27930512597878,-80.49706496391619,40.246533250846376,-80.50364668225707,12,29,1,6,15.98,14.629300000000011
9.22,38.908530420194936,-94.56181858252673,38.93017602828015,-94.60777489681814,14,1,2,2,22.49,21.37909999999998
5.29,37.94927090551945,-119.50353255674484,37.98690499876086,-119.53496220917006,0,20,1,4,16.6,12.832449999999989
3.88,40.37991000023106,-111.96865769738255,40.33017881528586,-111.9812969890336,21,3,1,1,6.52,9.392750000000003
5.42,39.04986626214679,-90.9654885720081,39.05365430208403,-90.98463037327544,8,26,1,3,11.57,12.06425
7.2,38.44666634520913,-105.64268407121484,38.49023531261269,-105.64255171043008,10,9,1,0,11.65,16.744450000000008
7.15,37.83382749224387,-83.16026141413285,37.7911476177999,-83.16550827647167,11,10,1,1,11.92,15.658549999999991
3.87,38.68497979815561,-103.38929839446293,38.70534286016954,-103.39240603264156,13,8,1,6,10.94,10.710300000000009
0.2,40.09301750101611,-80.7015379648262,40.05454187126578,-80.74647880204701,22,12,1,3,5.27,2.911449999999998
7.72,38.11942931885389,-85.19920378636,38.0949388327954,-85.22525773960939,13,27,1,4,19.9,18.03664999999998
2.14,40.92781846202515,-93.31038814990627,40.94490925133857,-93.33243407742684,15,15,1,6,5.23,7.396500000000002
7.43,40.375120219876834,-103.36000926444724,40.34631796094054,-103.32124456229538,17,4,1,2,15.43,17.358850000000004
3.3,40.36588835899136,-93.4442476202998,40.39047609542412,-93.44675290601543,3,10,1,1,11.05,8.802599999999995
6.72,38.89487539152741,-111.41074667125172,38.8893771308543,-111.38745302544832,4,29,1,6,16.95,15.8857
8.42,40.06601117474105,-111.524296060742,40.076756657431,-111.5155402751971,15,1,1,6,20.04,19.016199999999987
3.8,40.98348683056233,-90.7189457464382,40.97447042654042,-90.708618376158,16,26,1,3,8.25,10.52565
6.44,37.73518729955827,-87.12532875703286,37.77252464039245,-87.17036670321153,2,19,1,3,10.73,15.012300000000005
8.65,37.04681388212999,-94.46274302450423,37.04701519095111,-94.45753548045651,16,28,1,5,19.68,17.416350000000016
6.08,38.07544927162648,-95.30321060327348,38.12012412498631,-95.3078011672647,1,16,1,0,14.7,14.642500000000007
7.48,39.26230620364196,-75.36567438054834,39.27076310244976,-75.39511064800186,16,20,1,4,19.64,16.540599999999994
2.4,38.41950032873921,-88.0685984856577,38.4529923226804,-88.11350027429677,19,12,1,3,10.32,8.071599999999997
11.25,38.4536123821829,-94.04167009347306,38.50250529673103,-94.08407691650577,5,29,1,6,17.0,23.777899999999985
6.1,40.22829109402016,-118.15950879562136,40.18367245406024,-118.1416827353874,13,27,1,4,16.31,14.343299999999997
11.75,38.20693810407872,-105.84337057232533,38.22531664359958,-105.83215434571832,17,28,1,5,25.34,24.30915000000001
8.54,40.62958528282718,-98.7387189161614,40.60379069267927,-98.71595306623486,5,20,1,4,19.92,19.924250000000004
11.27,40.34810942167896,-77.92075326009211,40.359347536654255,-77.89952902674052,22,13,1,4,26.25,22.147749999999995
6.76,40.42859436036576,-99.94043481098716,40.4052462583234,-99.97901460839486,14,27,1,4,17.19,15.22795000000001
1.12,37.9637813832754,-99.19551460386732,37.95145920601907,-99.23626214332282,23,2,2,3,4.42,4.860549999999995
6.56,40.66368830591604,-104.89827317088384,40.6608920034701,-104.89075994674526,4,15,1,6,17.6,14.754200000000008
6.16,40.74070659953881,-91.99961695306264,40.737074182605696,-91.9761634686617,20,31,1,1,14.45,13.30635000000001
5.49,37.35902228829239,-74.7789870359866,37.39918021001485,-74.736585187805,5,1,1,6,14.23,13.699400000000011
12.38,38.05482037189013,-79.44541923366535,38.0405025229627,-79.44586485864016,16,12,1,3,28.81,26.817449999999976
4.84,38.94712311074148,-109.99230542723488,38.91978400381598,-109.94528236338768,11,3,1,1,15.28,11.646349999999986
3.03,40.04697069497011,-91.48765671497316,39.99869372404178,-91.52256606439612,0,11,1,2,6.2,8.809849999999997
6.79,39.77927416206661,-108.14182335795414,39.78683560415975,-108.0987128861396,7,31,1,1,12.71,14.643600000000008
6.59,39.387875386449934,-115.88179044486807,39.43385934131706,-115.91579491811672,8,30,1,0,19.08,14.486599999999994
7.8,38.84996095844022,-87.21647117246917,38.83358142503881,-87.2556573415071,17,15,1,6,11.63,18.07429999999999
4.6,37.67112624219128,-112.43798279916648,37.6336125959399,-112.4268491322354,17,24,1,1,13.33,12.205550000000008
3.73,40.40392804812375,-89.1243848476146,40.41051890513872,-89.11950544148684,22,21,1,5,12.57,9.871999999999993
4.55,37.20513865326679,-102.56381847679287,37.18548023785675,-102.54124759244856,2,28,1,5,12.7,11.106849999999993
6.25,40.08224930317255,-104.28166770347676,40.04783409941463,-104.29237734926932,13,3,1,1,11.21,13.521200000000006
7.96,38.7084240568656,-75.53482478481142,38.66980778457516,-75.5497831363209,16,2,2,3,24.22,17.11235000000002
1.31,39.52398813479759,-99.91923054096075,39.51784024020777,-99.92944561785696,3,19,1,3,7.07,6.222099999999998
8.44,38.23608532636496,-104.77177896378274,38.28136943948917,-104.76018137018634,1,15,1,6,19.57,18.76104999999999
10.44,39.49959893592007,-111.58855106996148,39.46463342044932,-111.60224817331084,14,19,1,3,26.61,23.292350000000006
6.1,40.28666270760718,-75.21634419319608,40.25735221220044,-75.19378241351791,21,2,1,0,11.83,14.411349999999997
8.58,40.09517187085149,-73.15055304917288,40.05515811584648,-73.16772004701954,12,20,1,4,18.66,18.140549999999983
7.13,38.01642442387496,-106.36664590164222,37.98426917291757,-106.33695969687004,9,30,1,0,15.43,16.032900000000005
6.24,37.252762177240776,-74.9131032597864,37.2395376001494,-74.95896893006338,3,20,1,4,13.94,14.073699999999999
5.54,39.94101982561133,-117.75498673760887,39.910247781819976,-117.79217067164532,11,18,1,2,14.81,12.470749999999999
3.01,40.17608620667917,-91.08294679314122,40.1450294006656,-91.09552202564474,13,22,1,6,7.87,9.201299999999998
6.46,40.0944220139196,-109.3441083731951,40.094184724744615,-109.33853270491896,20,15,1,6,12.6,14.827399999999995
3.85,38.71427929341091,-97.92532092504642,38.73967073410813,-97.91335481756678,1,2,1,0,13.69,10.497550000000006
8.14,40.131565978387,-82.20926066249334,40.1056996434262,-82.2425990222372,0,18,1,2,17.87,16.8471
4.69,39.71335546582446,-75.2253956661735,39.75747289715323,-75.24148426034186,5,8,1,6,12.23,11.54415
9.1,38.02660405695679,-119.56294401337723,38.04896596100544,-119.552771858473,9,9,1,0,17.85,19.643150000000013
7.43,39.6547677658784,-94.16217254077438,39.6516267132953,-94.15802813139356,2,29,1,6,11.54,16.77044999999999
12.16,39.19568461797184,-107.38706163607525,39.16095273363033,-107.34428392348909,12,2,1,0,24.7,26.090299999999992
0.54,40.450648439216174,-89.95308554996326,40.42896869398881,-89.93424471849171,5,1,2,2,2.38,4.041100000000002
14.28,38.65659784686377,-117.2066345360572,38.66834093421296,-117.1787504629374,23,9,1,0,37.1,27.695599999999995
4.32,37.99075161390833,-94.24106789729802,38.00575249264547,-94.2258914573182,13,24,1,1,9.64,10.421450000000002
3.83,38.67927774811993,-111.3835134045464,38.703018288490775,-111.37938922583878,17,3,2,4,7.62,10.232799999999996
10.15,38.561412409392965,-86.44265475899468,38.59626399382133,-86.44825383136818,16,17,1,1,27.07,21.11819999999999
0.88,38.213480961766734,-86.54683571990131,38.18177422229505,-86.55104531101041,14,11,1,2,3.28,4.7672000000000025
9.63,37.02848485532861,-118.53572091001564,37.03368602506263,-118.52968712206994,7,7,1,5,21.34,19.93854999999999
11.51,37.71681139104426,-92.2436036393376,37.69618491414976,-92.2601315816239,20,29,1,6,30.48,24.357200000000013
6.15,39.93715597234013,-120.37005232082612,39.97529326384517,-120.37115168749536,4,28,1,5,18.69,14.535500000000006
13.81,37.01629118913831,-98.68241389530698,37.02180557636701,-98.6950647193427,6,26,1,3,29.14,33.31165000000002
4.47,37.55871019117797,-102.49591534479804,37.52060413894149,-102.54109165170888,8,31,1,1,10.69,11.014449999999993
11.05,37.6151733728404,-120.3123193689032,37.6624315851164,-120.26287431963136,8,2,1,0,30.44,24.138199999999983
9.07,40.82578300664118,-93.02626340862092,40.79277469546297,-92.99503529408264,14,1,1,6,19.79,20.21395
8.82,37.442770040001164,-89.9118726062733,37.40096804497909,-89.94226418404799,8,26,1,3,22.44,19.09050000000002
13.31,40.95176828251581,-79.91537701001394,40.92672334699076,-79.8723706834897,18,2,1,0,32.7,25.738699999999977
8.93,38.51559006710664,-75.44528719973151,38.55625607563447,-75.43546887539048,9,11,1,2,23.22,19.683949999999985
4.67,39.84095277261461,-114.08645977473988,39.876542901985765,-114.06859980569088,13,1,2,2,11.49,11.55025
4.99,40.93998837545208,-73.11931003935459,40.9541670123355,-73.07124203714807,10,20,1,4,10.47,12.610750000000001
5.94,37.18875010243776,-74.68459936039417,37.219170370456105,-74.66319915889892,18,5,1,3,14.83,14.39360000000001
7.02,40.505954366931,-82.41742765488215,40.4674602495889,-82.45606701470561,13,18,1,2,20.87,16.676700000000004
3.89,40.07623748251552,-84.23910581830343,40.070568590954046,-84.24677783337447,8,16,1,0,10.65,10.486649999999997
10.99,39.28781469457186,-85.58313896925262,39.335435840153714,-85.53899750835369,0,7,1,5,24.82,20.910199999999985
7.07,40.16321726367083,-114.71415483940594,40.20069014596684,-114.67908585120132,20,27,1,4,14.28,15.080800000000005
5.62,37.70338683806919,-98.2430290924818,37.702535663493535,-98.2589094320018,4,4,2,5,15.14,13.857949999999999
8.72,38.4385744305349,-107.34206186435672,38.40175658625851,-107.31632423638004,15,3,2,4,16.09,19.74224999999998
9.62,39.3274961065852,-90.37387082262214,39.30413896599743,-90.33425960991676,19,1,1,6,26.2,19.334250000000008
0.78,37.874948908121056,-81.11838280297374,37.85922219420642,-81.11237176657995,21,11,1,2,2.63,4.408750000000001
7.66,39.66853686962303,-87.92179898467545,39.634648144600426,-87.89439436677468,12,21,1,5,13.3,18.6703
8.89,40.09530652468348,-86.269263197998,40.09961588144037,-86.27757273912975,5,4,1,2,14.77,18.825499999999998
5.26,37.24060313094592,-79.38592403780015,37.1947204532477,-79.37178216008576,21,2,1,0,13.99,12.96385
6.25,38.28365761692688,-97.44044795345164,38.28168967649645,-97.474915048905,12,19,1,3,15.88,14.119099999999998
2.78,37.86166427718256,-116.27576038682749,37.87694316356136,-116.26633319569152,3,7,1,5,9.62,8.608100000000006
7.01,38.933233573066886,-105.669441151827,38.90169299212855,-105.63866040967564,6,7,1,5,18.79,16.579900000000002
4.4,40.48261638346035,-87.48375780385075,40.45140043701359,-87.52199779111089,14,23,1,0,11.09,11.1843
8.22,38.43924033095717,-89.29152126567234,38.479346424236304,-89.24502080074414,11,4,2,5,21.58,17.725950000000008
5.9,38.514299421655934,-105.38373744381032,38.47085573260276,-105.37459379647387,15,1,1,6,15.01,13.789300000000003
9.37,40.819860740037385,-120.36742531242838,40.77570546284111,-120.41115604835058,0,4,1,2,25.66,22.165699999999983
13.13,39.78070416924306,-90.11921555528272,39.75451435766826,-90.1034202256996,18,17,1,1,28.81,28.685149999999975
6.62,37.23609137992917,-115.54295716844044,37.216179526220856,-115.57351668057368,11,21,1,5,13.31,15.64504999999999
3.31,40.727953337102136,-93.2657233971873,40.7558502171445,-93.22946473545208,7,24,1,1,11.84,8.792199999999998
5.53,40.6668700312087,-96.00549880460008,40.64713238270449,-96.02092548590323,2,12,1,3,14.83,12.756500000000006
6.8,38.04333594696245,-73.03088212127932,38.042655100057466,-73.00830429152967,23,22,1,6,18.69,17.152449999999977
7.94,39.85103249491907,-106.74759325521086,39.89924234198063,-106.76614177828895,23,11,1,2,19.0,17.2049
5.98,40.23739879431278,-86.23802893537483,40.2491071298769,-86.25885228048077,2,20,1,4,13.12,14.713650000000014
8.87,37.03714784829609,-92.19113182450307,37.06675632724381,-92.14880584415546,19,3,1,1,23.38,19.822950000000006
8.89,38.71698621451953,-95.73059998704085,38.69481865889672,-95.70730690171725,10,12,1,3,19.39,18.292550000000002
12.37,40.17288872860431,-112.52010251402746,40.13784909576468,-112.51950139239584,8,28,1,5,27.27,27.455299999999976
5.44,38.30053100548043,-115.44981034095817,38.344331453173865,-115.46719451126312,5,1,1,6,9.29,12.601000000000004
6.78,39.94184360235454,-73.42812267027513,39.94484778511684,-73.40448446604032,10,12,1,3,13.23,14.702749999999991
3.08,40.56336719055626,-114.72044330203865,40.56410102593431,-114.75880763357291,0,22,1,6,9.01,9.146799999999995
8.79,40.73580138402368,-111.76812901949997,40.778828417835314,-111.74565367601774,20,9,1,0,19.44,19.352250000000023
5.57,40.40491377928702,-111.32138182132178,40.43034694231016,-111.36989593984968,11,14,1,5,13.94,13.6877
4.17,39.42222372966806,-100.07062304176866,39.45408085680062,-100.06097424961229,1,15,1,6,12.49,10.794099999999991
9.94,40.80681368280546,-81.10497093268017,40.85403722240572,-81.08351367674128,13,13,1,4,20.19,23.264550000000007
3.96,39.90913180293372,-119.1879719429804,39.9387403871109,-119.22965712513316,16,29,1,6,10.79,10.68125000000001
8.2,38.414406663521255,-100.46609111174608,38.40878660936922,-100.50769210384009,15,20,1,4,17.94,18.93350000000001
5.59,37.79520256609123,-117.57809989393706,37.84401388083331,-117.62414215446132,22,1,1,6,13.86,13.721499999999999
9.17,39.05412562205799,-82.36765161874862,39.076450058867394,-82.32241143355387,12,15,1,6,21.44,18.547150000000016
10.38,40.370631214565485,-95.21414304190594,40.34168581570157,-95.20711215741356,10,9,1,0,19.44,22.29289999999999
7.84,40.69273314370472,-81.7411391761339,40.703194078567726,-81.7032260629598,21,27,1,4,13.25,17.215900000000005
4.89,38.383549670604566,-102.55325180018237,38.37578091790144,-102.59872323543398,17,7,1,5,9.68,12.22930000000001
8.9,40.0436955031152,-95.02761979409745,40.071287887242114,-95.04448497790744,23,7,1,5,21.55,18.965399999999995
6.49,39.37515901357393,-78.82205765211484,39.33051359768237,-78.87189531615631,16,3,1,1,13.27,15.191600000000015
5.8,40.28358267868957,-96.56357697815638,40.243706298830375,-96.58998947584644,7,2,2,3,11.75,13.472549999999995
9.09,39.89415704733863,-102.05829806323952,39.8735692017567,-102.09272841079388,19,5,1,3,24.64,18.968999999999994
5.99,40.62672853536102,-114.66522107652084,40.67466313109199,-114.6906863210193,17,25,1,2,15.7,14.601500000000001
4.62,37.98596232237795,-105.43106045375902,37.96284962786275,-105.39748548857304,14,28,1,5,8.5,11.56195
4.43,40.34899996318722,-82.94810591226381,40.3964948132926,-82.97113288760832,7,28,1,5,11.9,11.272150000000002
6.24,37.02740417378006,-96.57059560284176,37.03987761699143,-96.59965577683938,5,4,2,5,17.85,14.18045
0.82,40.86503494753842,-76.07797397981088,40.84475921738037,-76.07015441141745,12,26,1,3,3.13,4.509249999999995
7.43,39.0524109818692,-101.7081254276928,39.01001237563017,-101.7540827267334,2,11,1,2,18.69,16.524699999999985
11.46,38.44954965104927,-93.537520507883,38.46121985988,-93.51399030043112,18,11,1,2,28.39,23.313450000000003
5.91,39.9855199019644,-104.10734606309,39.96217497488775,-104.09357369545758,3,4,1,2,13.61,14.296549999999991
7.95,39.59541114466322,-79.05527938719297,39.63371990811935,-79.04311864005396,13,12,1,3,21.71,18.318
6.04,40.04078284714918,-84.87339660016397,40.00917201766967,-84.85883297117294,23,28,1,5,11.72,14.328149999999983
10.57,37.7943428830747,-82.12390451143989,37.809556740751376,-82.16872632872382,19,5,1,3,17.36,22.39535000000002
4.8,39.156387242063126,-96.7649354591201,39.12797920395326,-96.7812541565284,0,7,1,5,11.73,11.755899999999999
8.35,40.28749280806396,-120.05980671945674,40.25029926944656,-120.0229550074288,18,25,1,2,12.99,18.36249999999999
3.26,37.74241450173308,-107.1863899605658,37.71732086062482,-107.13672929299264,14,27,1,4,8.68,9.156549999999994
8.11,39.23676986320217,-75.90666897910864,39.18861378385334,-75.94027619247527,16,4,1,2,15.55,18.0071
10.3,39.588733869374494,-81.41667416777808,39.57944552289207,-81.36998323565591,23,22,1,6,23.08,21.600599999999982
0.54,39.40252168225124,-110.33139444287602,39.3893326879656,-110.3036427217618,2,12,1,3,4.45,4.3477500000000004
8.08,39.19914487904957,-80.04577591353589,39.15378600690569,-80.02916010879339,1,24,1,1,21.29,18.93855
6.88,37.37354740772504,-114.78741243503636,37.3789726384651,-114.83274800535888,11,4,1,2,15.26,15.139149999999997
9.71,39.03907868316457,-119.745469511875,39.08407115834947,-119.70938239375732,22,5,1,3,17.67,20.185950000000034
1.68,38.635365412914,-81.88739603491246,38.61699289440625,-81.89770622012318,0,10,1,1,5.9,6.609550000000001
3.77,38.031983338415145,-86.59937906061214,37.99888662087499,-86.64053734687425,21,10,1,1,7.36,10.128399999999997
8.47,39.48855029983877,-94.51248109493972,39.534673860511646,-94.54940322200076,2,15,1,6,17.8,19.109599999999997
5.66,37.41115585869344,-105.00090459065372,37.44022866847738,-104.96048465828316,19,7,1,5,17.76,13.79975
6.47,39.44935538165245,-121.61857515981498,39.47695578727706,-121.5988410014122,2,5,1,3,10.85,14.2395
7.89,39.69089853767999,-113.29535390151268,39.65704811025444,-113.29272668891636,12,14,1,5,15.01,16.682600000000008
5.45,38.079521602404114,-75.41515360297362,38.07184831735375,-75.42638628508536,21,19,1,3,12.81,13.376000000000008
11.86,39.61175880490762,-90.66950110515592,39.597443239618144,-90.65487229179786,1,20,1,4,19.47,25.516849999999987
3.76,39.620697389667214,-117.61539850731435,39.64181848756773,-117.61725414643328,8,24,1,1,7.21,10.612400000000004
10.06,37.01929314886094,-103.76291128229454,37.03563329365081,-103.77212434149106,1,29,1,6,23.71,23.982399999999974
8.6,40.72271785368496,-113.48175544226628,40.72626182070575,-113.47360345995648,4,5,1,3,17.07,19.534550000000003
9.63,38.12368445317212,-82.2171036416573,38.11438662749362,-82.17593474275165,18,18,1,2,16.42,20.05799999999998
7.21,38.02753329854303,-88.8063387898761,38.04576662611889,-88.81320181239101,0,2,2,3,19.68,16.92699999999999
5.19,39.25001376578638,-103.79449656850208,39.230668139672645,-103.74615286668563,20,3,2,4,14.31,12.455849999999998
5.35,37.90665925898317,-74.47820693591567,37.94609500739997,-74.4335322198447,8,11,1,2,14.43,12.453450000000016
9.46,37.605445777172434,-88.68012243862847,37.64479178100972,-88.72099359070512,17,20,1,4,19.82,19.950349999999993
5.26,37.930025080694655,-83.928958560387,37.92583850348769,-83.91567369291872,2,15,1,6,17.85,12.31735
8.37,40.55692659679111,-86.23633683360003,40.5511609843408,-86.23592707731724,16,21,1,5,14.72,19.812100000000015
8.51,39.34568722661029,-113.43023743106076,39.32433970511676,-113.44229584437817,22,7,1,5,18.85,18.4546
4.0,40.05319558061903,-107.3176302728448,40.07717921302969,-107.35147145447604,23,25,1,2,11.42,10.1533
7.67,40.77627806655988,-119.97267890770044,40.76927320481072,-120.00609643238523,15,1,1,6,22.54,17.135550000000013
7.59,39.93966719986408,-102.48691080171514,39.95268340331198,-102.49346312747564,13,25,1,2,17.88,16.848950000000016
6.46,40.29009740475095,-100.71554543124236,40.24519152648713,-100.75248422561435,14,1,2,2,12.25,14.857700000000001
3.6,37.29256247644798,-120.93226987942278,37.33538813841365,-120.96144637368788,19,12,1,3,9.26,9.67225
8.48,40.9761814024397,-79.61076433971894,40.99188659918446,-79.65647096709837,23,28,1,5,23.72,18.80795
8.2,39.11109458501882,-99.56841976053288,39.13403113318336,-99.5299216433342,3,4,1,2,22.09,17.353100000000005
7.27,39.00051334139992,-81.42774381567581,38.99540346678516,-81.4125253129909,18,5,1,3,19.9,16.620349999999984
3.11,39.48154525427604,-95.57252755645636,39.51647004082656,-95.5376799318801,1,4,1,2,9.32,8.865650000000002
10.44,40.79831503149514,-73.72548646413622,40.78092840746869,-73.6928754736562,9,6,1,4,22.58,23.798799999999993
10.56,37.32914295092045,-91.02566353328704,37.29044811054892,-91.060252104207,18,31,1,1,17.19,23.790899999999983
8.81,40.530300056146025,-77.10974616038864,40.52688606690658,-77.12565218858234,4,5,1,3,18.71,19.367149999999995
9.43,39.13333437839936,-115.86705920345666,39.08419807561823,-115.87480246170476,15,17,1,1,16.18,21.011349999999982
10.35,40.32788707621504,-74.63815601050345,40.358702723044686,-74.65092806893173,13,2,1,0,18.61,23.01585000000002
4.79,39.75102031825794,-119.96618263548524,39.766590581432624,-119.95094517479244,17,1,1,6,10.49,12.983549999999989
6.65,40.9965675157818,-106.1514860295088,41.03083596423955,-106.14163305837468,20,10,1,1,18.14,15.593649999999984
2.15,38.9708427051802,-90.83649333251007,38.996254846877086,-90.8803869224543,10,10,1,1,8.36,7.504799999999998
7.9,38.435454449462085,-87.57923268834446,38.40379802333417,-87.61621031885332,9,2,2,3,18.32,17.219549999999977
9.51,38.80656809512979,-112.32586020977028,38.81151214598137,-112.3075746167139,3,1,2,2,19.74,18.657149999999998
11.53,38.11972365826768,-108.6716406977358,38.10644144079833,-108.63775116265668,9,11,1,2,25.95,23.820499999999996
4.66,40.70814772459967,-89.19874084316967,40.75488934273016,-89.15349866939577,10,23,1,0,10.78,11.274700000000001
4.18,40.74474059925133,-117.53794017589344,40.69574491708072,-117.53137570522152,15,28,1,5,10.78,10.045649999999997
8.33,40.67917244407534,-86.80707133315958,40.660296804672896,-86.8184423671206,0,12,1,3,19.57,19.072200000000013
10.22,37.091275022332326,-76.53211578256955,37.06322153105919,-76.5192662445025,7,10,1,1,13.84,21.803149999999988
6.3,38.20498220572579,-97.34777201819108,38.17386308849553,-97.3747585829738,23,3,1,1,11.93,14.185000000000008
6.2,38.90860910648331,-86.39134384643933,38.950975881578536,-86.4093380385071,4,10,1,1,14.71,14.484500000000011
5.81,37.224391737832754,-100.70061095983112,37.2525896401658,-100.73923883336964,8,11,1,2,14.16,14.027900000000011
4.01,37.12561519053608,-87.64110526802236,37.17111007175991,-87.68402809692898,15,1,1,6,12.2,10.594149999999997
8.9,38.74422796039687,-114.7615087533057,38.76506478076163,-114.76176164344078,8,18,1,2,25.85,19.69585000000001
3.53,39.82941651927864,-96.39369024503831,39.78437144133412,-96.3466537407224,4,4,2,5,9.38,10.099999999999984
7.76,38.842098958107606,-92.0993489904931,38.886956062271175,-92.13199991976704,6,11,1,2,22.83,17.303549999999994
3.89,37.870750729348856,-101.74125760192796,37.86665247421931,-101.77268945496536,2,11,1,2,6.49,10.334399999999993
3.25,39.86174744362118,-111.15573411432048,39.84909801170946,-111.12431679839584,20,21,1,5,12.03,9.160349999999994
11.01,38.28101681293147,-105.030646480678,38.30709440263468,-105.07734777332742,16,24,1,1,21.0,23.762049999999995
7.31,38.339731037667285,-93.97108364357852,38.38401897471428,-94.00369381508747,20,6,1,4,17.56,16.36305
11.66,39.41378960585863,-86.0263373191541,39.43227362306998,-86.0502538168788,12,19,1,3,21.59,25.222499999999997
6.73,40.87558862429219,-78.7995212209624,40.85269010428191,-78.83525962044224,1,3,1,1,18.08,14.724350000000008
5.33,40.53969584156872,-119.55757280404254,40.57319912921814,-119.56287998789104,4,13,1,4,12.63,12.944099999999999
7.56,38.04417196371276,-102.98617693877743,38.00790888948373,-102.97694969304568,17,6,1,4,10.84,17.57935
4.44,38.298799921335366,-88.17388294613309,38.28380351788825,-88.19205876664101,3,25,1,2,14.36,11.630900000000008
8.54,37.333311977393,-113.18387927985928,37.36194878498808,-113.19751160815974,12,3,2,4,16.77,18.972700000000007
11.44,37.073707122270775,-74.8190795941621,37.09373440579218,-74.82745951206323,23,9,1,0,29.82,23.553000000000008
6.46,40.64958072281263,-98.6409992698131,40.63965094170128,-98.67564913483292,9,20,1,4,12.93,14.405750000000005
9.26,40.858847910334845,-73.35283885239738,40.89792998494753,-73.3258138521354,8,30,1,0,15.1,21.109999999999992
6.19,38.12915169741157,-91.5387326537472,38.10352125365978,-91.53432020583782,13,12,1,3,9.98,14.513600000000007
8.83,37.40565903276408,-101.49554602150728,37.36576988171274,-101.47624631955458,20,16,1,0,19.65,20.266150000000025
6.33,38.22560526199966,-114.00363471911264,38.18250491890602,-114.04546595776031,0,9,1,0,12.84,13.276549999999993
3.58,38.25148512382028,-88.9946787508467,38.22103554823135,-88.98340774393998,8,17,1,1,9.5,9.592350000000012
8.76,37.45624274962429,-77.96773454310213,37.49980609273116,-77.92946681084145,1,26,1,3,22.81,18.478299999999994
8.28,39.10384745128068,-89.07966386756055,39.11870631406946,-89.09428541491408,23,30,1,0,18.73,17.773950000000003
9.22,39.42917779454466,-97.17641509845257,39.44584367499547,-97.13395372076413,6,2,2,3,17.46,19.10445
3.69,38.15057572354601,-106.801333400243,38.19670257931976,-106.79455676256298,18,16,1,0,11.77,10.142300000000011
5.02,39.69736009759887,-103.41104213086528,39.65999435681955,-103.45560231897116,18,25,1,2,10.7,13.066450000000017
11.88,39.83463460997925,-91.59711610415027,39.78850346322656,-91.55636786208132,11,31,1,1,20.88,25.182550000000003
10.46,40.86805606742578,-94.27867297196023,40.91609958012954,-94.30736540280294,1,4,2,5,19.09,23.216650000000012
7.07,40.09925078472197,-91.8294984823041,40.146032478018775,-91.86899961013576,2,28,1,5,12.73,15.910450000000004
7.35,40.37128357876964,-96.88484536679202,40.39946015976072,-96.847032724645,1,14,1,5,19.72,15.730150000000013
7.41,40.44384740019424,-78.50551345695811,40.44688736165632,-78.49687581590639,4,26,1,3,21.58,17.847999999999995
9.07,39.61735818999789,-108.98276046790478,39.62574488527342,-108.94744180891254,14,27,1,4,23.73,20.423200000000012
0.05,40.69199422722741,-74.29802529419993,40.6872665566194,-74.25866548065767,3,4,1,2,3.96,3.1358500000000005
11.29,39.47677812743913,-82.21860965815898,39.49018426042711,-82.18110287762765,10,19,1,3,21.39,24.576699999999988
6.1,39.78516329006723,-98.01534202034676,39.73624897297959,-98.01119255273892,18,19,1,3,15.1,14.168099999999997
6.03,40.58879984942436,-105.28069326391648,40.60140061398341,-105.3253202499595,13,3,1,1,12.52,14.148999999999983
1.9,37.02928140197392,-101.08950139184584,37.05425456790753,-101.09585289004497,14,24,1,1,4.38,6.859350000000002
9.36,40.38141612754487,-76.32081554430997,40.33684583557841,-76.29251432964233,4,22,1,6,21.63,21.523699999999998
8.16,39.43062238582688,-95.45627633171831,39.39988915165433,-95.45433385739788,13,19,1,3,13.43,19.38865
10.74,39.51532436794098,-93.77989469357676,39.46586427206042,-93.77447695591398,13,27,1,4,28.09,23.72074999999999
7.03,39.99561469925184,-93.57058057404736,39.97985368874374,-93.59264232102696,19,22,1,6,14.53,15.614450000000012
7.6,37.937648533500784,-93.225388657552,37.94452332069023,-93.20763604391487,12,19,1,3,20.82,17.104150000000008
10.38,40.5772048033907,-81.41179669697556,40.532967252247296,-81.43988386614515,12,7,1,5,23.38,23.031750000000006
11.05,37.41992637369181,-107.54074966120548,37.38198771713517,-107.56592516131788,13,1,1,6,22.96,22.506599999999985
10.5,40.20169814540554,-112.97088882241798,40.16137547091794,-113.00424363724652,16,7,1,5,30.62,22.832200000000007
12.09,37.25685691563693,-78.60073046510965,37.24429982922448,-78.60372130226884,6,15,1,6,27.82,26.65535
5.42,39.45649299290181,-94.74054845917738,39.47486148999749,-94.6982123915854,12,11,1,2,16.7,12.286800000000014
6.09,38.9417348906581,-84.79382188794642,38.943719388930695,-84.84319554151847,12,20,1,4,11.97,13.778700000000006
13.74,38.67979321147553,-75.76844183325116,38.72742818909143,-75.77126897179716,22,24,1,1,20.04,27.963250000000002
9.19,38.5237688039498,-105.01467312818784,38.53468316618248,-104.98687564379868,15,7,1,5,21.15,19.391849999999998
6.7,40.98998988856231,-115.19491620690324,41.014185470520026,-115.15479651849088,13,19,1,3,10.83,15.339199999999988
0.08,37.92437412459651,-112.36881975730373,37.93408409644637,-112.3196657607066,14,26,1,3,4.35,3.192099999999997
6.25,39.02105002649371,-97.11478619538296,39.00399264774975,-97.11702312174774,0,17,1,1,11.78,14.374350000000002
4.58,38.77857794862648,-88.05757225944541,38.82766126808912,-88.10098809607784,4,3,2,4,13.04,11.53265
6.4,38.62695298611239,-82.68216938694466,38.59621466120576,-82.6644796383556,20,20,1,4,15.88,14.79930000000001
8.39,38.502760258757526,-112.39227921365767,38.51067359833944,-112.36151374981046,11,17,1,1,15.89,16.96699999999998
2.76,40.94510425445237,-81.49465671900566,40.97930923211166,-81.51458082361063,8,6,1,4,9.63,8.244800000000009
8.77,38.74347974306176,-117.33867322543944,38.73107219413636,-117.33257118370184,13,31,1,1,23.88,19.184149999999995
5.9,40.57936464438091,-110.6039897471816,40.54418357038146,-110.64808127613723,13,2,1,0,12.33,14.369249999999996
5.78,38.72264285786076,-93.6957145540374,38.7681367927388,-93.71938858637466,21,2,1,0,12.81,13.713550000000007
10.5,38.97239533578873,-121.482912862048,38.99208841336341,-121.46790441380276,0,1,1,6,19.15,24.696149999999992
2.68,39.425363345024216,-116.34264301467768,39.402873254054704,-116.31640204800289,21,10,1,1,8.57,7.406649999999997
8.47,37.80620702086991,-97.22942868641432,37.78158702588891,-97.27242778892852,19,25,1,2,22.96,19.16050000000001
8.13,39.35939298990311,-113.25288925172796,39.33426742627708,-113.24166368328756,16,1,1,6,18.8,18.00680000000002
0.94,37.61920441785675,-75.71962337329774,37.57735212909876,-75.76921094266028,0,3,2,4,5.23,5.304349999999997
9.11,39.72181040125777,-78.20181834343941,39.72000319831981,-78.24369608383297,2,7,1,5,23.19,19.846050000000005
9.39,37.64629782331502,-98.28275999576688,37.690866693161546,-98.24839479424806,22,21,1,5,17.29,20.007349999999995
8.6,37.218160359883576,-108.24746736292572,37.19875995167959,-108.2646827806871,13,12,1,3,20.77,19.995799999999996
7.44,40.98795805567279,-120.12279774963277,40.9842900207978,-120.12001442485132,22,10,1,1,16.82,15.614899999999977
5.57,40.27207509558456,-78.6987041681706,40.25112641090469,-78.71097859308658,2,12,1,3,17.25,12.963500000000003
11.59,39.21739833155043,-100.691983184009,39.267003740992514,-100.70707366666171,5,4,1,2,19.27,24.816200000000013
7.72,40.2819684885129,-86.10889877491452,40.24087142910349,-86.0733315028892,21,8,1,6,17.52,16.228899999999992
3.99,38.92320015065952,-98.24007861444984,38.95686562006959,-98.23828098521312,16,2,2,3,11.03,9.930649999999998
3.01,39.35752777454799,-87.92412228005811,39.359910804886425,-87.94549678632399,0,30,1,0,7.81,9.437649999999993
4.73,37.94984829465762,-112.3125049289048,37.93325064436403,-112.33284159285289,20,15,1,6,7.16,11.642549999999988
8.76,38.76244686933262,-115.3768395140454,38.748215746461845,-115.34857715921925,8,12,1,3,20.9,19.035550000000015
10.7,40.227165479674014,-114.77853573465276,40.19195757358649,-114.7695809213496,15,29,1,6,19.35,21.756050000000002
2.33,38.7484253368396,-77.95009607950777,38.76755244875754,-77.9787723252396,1,15,1,6,7.63,6.35435
6.66,38.23650509318911,-104.06643461733316,38.20971942858053,-104.06326821456172,0,4,2,5,13.63,14.345350000000012
9.87,37.56698346029906,-95.87268545710955,37.51981777026685,-95.85034052063769,1,9,1,0,19.05,21.45495
5.24,39.09593115530869,-109.70688311608372,39.06408615545784,-109.67002461404616,6,3,1,1,10.18,12.738549999999996
4.36,39.317011715246544,-78.59025811382394,39.32610124119411,-78.61689003500818,9,28,1,5,14.63,10.983199999999988
12.12,37.83949460045218,-82.42997272263298,37.83295680043109,-82.47015577388565,8,21,1,5,21.16,24.96030000000001
7.14,39.25059416978485,-76.67959977285025,39.30045850433568,-76.69178499773224,21,20,1,4,14.75,16.976149999999993
6.96,39.40886554667847,-73.17144442410478,39.37999963606873,-73.1739797047835,17,9,1,0,21.26,16.716199999999983
10.44,40.87112958562898,-115.00934953826813,40.8253476548957,-115.03760746607416,5,30,1,0,19.77,23.785350000000008
3.79,38.91862956804909,-104.41570780077556,38.94885217302553,-104.4408650454058,21,8,1,6,9.49,9.922199999999991
9.57,40.54539799771936,-104.56270539773617,40.51105516745147,-104.55861316339325,21,6,1,4,28.06,19.52915000000002
8.08,37.77770601241082,-100.74528477588004,37.78249910327912,-100.70537621925298,10,11,1,2,11.65,17.776900000000015
5.84,40.44884699314962,-73.29006236744512,40.48613184171462,-73.25118094757791,11,4,1,2,9.1,13.625899999999996
10.91,37.14069418713736,-104.611124256339,37.15755003373471,-104.5984296592036,10,3,1,1,24.32,21.799600000000005
6.68,40.43090335095219,-92.16853564268855,40.39665926399408,-92.21762400206087,17,11,1,2,12.17,15.44349999999999
4.47,38.74978258017737,-81.44150869168863,38.79831789050581,-81.42289881997979,20,2,1,0,12.42,11.10575000000001
6.57,40.6729834674278,-117.02615589259533,40.71310852678531,-116.99703830125574,18,26,1,3,17.73,15.675350000000005
8.19,39.2859319830975,-109.61858600447536,39.26587171002544,-109.59241183105468,20,11,1,2,14.12,17.8831
3.47,40.59655555585336,-87.59765062488773,40.64396982010141,-87.55466839330721,18,3,1,1,10.41,9.191650000000006
5.72,40.218823821306216,-120.53901071712976,40.1805652125848,-120.56841851023503,1,16,1,0,10.32,13.084099999999996
5.27,39.51185389800348,-108.4943572100987,39.51297754901629,-108.5206863832206,19,5,1,3,10.41,12.324999999999994
3.17,39.7785866208796,-115.81507993935696,39.79956853654683,-115.77722270864288,11,7,1,5,10.4,9.05025000000001
9.79,40.34528032186571,-106.8523841905022,40.35912542225815,-106.81937831791012,16,14,1,5,17.09,20.65504999999998
9.71,40.49838611558926,-98.67434382166398,40.47190562592023,-98.630444095694,9,29,1,6,21.89,20.040099999999995
5.53,37.27875624717241,-116.75327984179988,37.29065662468089,-116.7530163749499,23,15,1,6,13.34,12.786699999999998
4.27,38.809257251353046,-117.50797936989386,38.858144312783786,-117.48014043493568,17,12,1,3,9.92,11.161050000000007
9.81,39.32645007771964,-97.25341320102356,39.32737613706569,-97.24573138585924,16,30,1,0,25.57,20.61734999999999
6.44,39.99341536790524,-104.39243144826186,39.94810460838707,-104.39366725070282,15,2,2,3,10.6,14.86495
0.03,40.48000726826807,-76.3082743498049,40.502221030933455,-76.31261111499298,23,6,1,4,1.24,2.6399499999999976
2.56,40.76177179458461,-90.08230228366014,40.71877448434872,-90.0632559570356,16,22,1,6,7.67,8.236400000000001
5.08,39.33016696021854,-81.04569259557945,39.33993555570101,-81.09196921450229,15,26,1,3,11.91,13.1765
9.63,40.675083827739584,-77.54061529947434,40.68657703845433,-77.5812047214252,19,3,1,1,26.06,21.06030000000002
6.86,37.14016231290489,-91.19614375580925,37.11706484128121,-91.1478616445583,1,30,1,0,14.43,16.422049999999988
10.82,37.591445957227606,-109.28588550032498,37.60092635730504,-109.2779920632012,17,23,1,0,22.71,21.566650000000024
9.68,37.85517601798168,-93.50405208472608,37.89923434612408,-93.4843555012824,6,30,1,0,23.15,20.334750000000003
7.4,37.90439325864965,-89.86925770443912,37.90719654207753,-89.88921451314035,5,12,1,3,20.33,16.72984999999999
11.81,39.51274096259995,-95.11179868101088,39.508732272255735,-95.08642894076152,20,11,1,2,18.46,26.115900000000007
5.49,40.10827516651942,-87.18666079327264,40.14485940526966,-87.20084791012779,0,2,2,3,9.84,12.763500000000013
8.87,39.23994857438253,-78.20195441727611,39.20900672353295,-78.16335709290519,8,16,1,0,23.2,20.115349999999992
5.89,39.41707690826121,-107.58536392382236,39.38851911350914,-107.5816432524622,17,16,1,0,8.85,13.575749999999998
8.07,38.08791644147083,-92.76775062102648,38.0711734487913,-92.78751769612028,3,30,1,0,18.77,18.541199999999982
5.89,39.688749608179,-95.64323832686829,39.64673496101372,-95.66126537098972,5,12,1,3,13.08,13.180600000000004
7.58,39.68982057984089,-83.7854656534031,39.70729111088385,-83.8079531767101,13,31,1,1,20.75,16.806549999999994
7.75,39.3377981400042,-90.93550994282144,39.32659776742579,-90.94925975367669,5,19,1,3,18.89,17.71744999999997
8.87,40.55140286529491,-91.956317417416,40.55206525497125,-91.95811130907592,9,24,1,1,16.56,21.20929999999999
11.19,37.952193259259055,-110.42344595054286,37.93905173759708,-110.41344648400074,0,29,1,6,23.43,23.66174999999998
6.22,39.27658577645836,-90.22654006859705,39.265798034316695,-90.24274367761126,2,16,1,0,17.64,14.562750000000015
8.58,38.64711527940917,-100.16343195208536,38.67029052500913,-100.19555763997656,16,15,1,6,19.3,19.883650000000003
8.91,39.32958233452744,-100.51993687588316,39.29887265744821,-100.52665102066118,16,7,1,5,18.89,18.829799999999995
4.75,40.98682996604526,-97.90928031693926,40.9568133412953,-97.88082948353292,16,8,1,6,10.77,12.099650000000002
7.75,38.242911707668746,-80.09157255027947,38.19419780779082,-80.1101669740421,5,4,1,2,14.54,17.818550000000005
10.93,40.62692287909024,-95.43959832934256,40.61444706319307,-95.45696969817055,19,3,1,1,17.81,21.98695
6.46,40.9481399406878,-120.33894043652212,40.95126069368808,-120.36981875812604,3,6,1,4,13.96,16.295449999999988
5.24,38.7276425652581,-91.32126808802252,38.70140624883595,-91.31076337058548,11,6,1,4,11.03,13.600200000000003
6.54,39.73261714118218,-108.30860254499144,39.76324169933013,-108.30877202373806,19,27,1,4,17.75,14.307899999999986
12.56,40.66612495622886,-106.1420326757337,40.70539859538552,-106.10354917480836,17,25,1,2,25.14,27.133700000000022
0.61,37.54224261858114,-119.6068892400832,37.52056844300713,-119.60420505913888,1,24,1,1,2.7,4.021250000000004
3.44,40.84129317366927,-119.3075923245532,40.81426106460385,-119.32138486651507,3,22,1,6,9.04,8.438950000000004
13.88,37.09236618702362,-75.32436791564176,37.06759745630615,-75.3180452927952,6,26,1,3,22.02,29.956150000000022
10.2,39.075934531802666,-101.26335243172149,39.10231192941027,-101.2566569565629,21,16,1,0,20.87,21.841900000000006
10.02,38.2452275191532,-108.3907115116354,38.23090187404614,-108.37187513422909,1,11,1,2,27.77,20.664599999999986
10.61,40.92865378897076,-76.42119984382012,40.91263572149599,-76.3908226651904,15,20,1,4,21.26,23.7315
6.96,40.49516143487767,-105.2960587184326,40.51238721905401,-105.26815172580508,11,4,1,2,17.52,15.739999999999991
10.93,37.78823364971122,-81.77502880578834,37.78163539589653,-81.76380081213576,4,20,1,4,30.14,23.166650000000008
6.26,39.22010300819426,-102.50585420111273,39.21842216283685,-102.47126412988524,18,2,2,3,12.36,14.399649999999998
5.28,39.88774990176544,-110.72620902500908,39.92913505017987,-110.71846802038328,5,5,1,3,8.56,12.671049999999985
3.99,40.09448167777227,-120.53797564863022,40.08950987587158,-120.58232359696514,14,28,1,5,9.95,10.147599999999997
12.77,38.00211606277639,-118.52679065589642,38.02774905309807,-118.5009593565886,1,18,1,2,29.25,23.3644
4.21,39.597877545505376,-121.04045307819618,39.60281351840305,-121.0036338959476,6,9,1,0,7.52,10.219049999999998
7.21,40.58428865284404,-89.66322147826004,40.6076298086662,-89.64109991254378,9,2,1,0,18.22,16.625299999999985
16.56,40.51621520776358,-115.12002662280534,40.47350783184661,-115.09841621925386,12,8,1,6,28.25,31.132550000000005
9.3,38.255251690789024,-109.83275758936026,38.29683662412985,-109.82771833442555,14,9,1,0,18.26,20.343000000000007
11.55,39.96584990910628,-90.90304353889567,39.96784463427234,-90.90201955651716,21,5,1,3,29.24,23.25574999999999
11.29,37.6925679267899,-107.32397076867164,37.70186273958407,-107.34399838049708,2,16,1,0,29.07,23.68529999999998
7.25,39.902887473798806,-105.76587101678564,39.89565157287223,-105.74400980951988,4,11,1,2,11.75,16.7436
5.49,38.909593743843125,-86.67865575424989,38.90813456230676,-86.72697265392088,1,4,1,2,14.02,12.8456
12.72,37.56275698631673,-86.11386891170595,37.58557713120543,-86.16102791626005,12,12,1,3,24.38,25.252450000000003
6.95,38.91173594013951,-102.8228248791374,38.90047401162086,-102.82392912758358,15,31,1,1,11.55,16.244399999999985
5.96,38.46976513152299,-98.61085776092848,38.45620703644877,-98.6606457536752,7,23,1,0,10.91,14.386250000000008
5.09,40.49953157102309,-102.97387954336818,40.52280210165776,-102.9394487793797,11,25,1,2,10.07,12.38049999999999
2.98,39.81255092804483,-119.12852095165232,39.85634358796197,-119.12075786968026,2,12,1,3,7.74,8.748800000000008
10.45,37.11075926208572,-91.53131635115682,37.106150013295725,-91.49800650410629,12,15,1,6,15.97,22.732649999999982
8.55,38.317514021975605,-102.52098372141006,38.324173133807,-102.50919554842436,8,29,1,6,19.83,19.735300000000016
7.6,38.27527976795604,-82.82124045055798,38.24950939905584,-82.82042684753768,16,2,1,0,22.26,17.394800000000004
8.4,38.80390148931809,-108.83182022220808,38.76871557885688,-108.85733343265414,20,21,1,5,14.61,19.082650000000005
3.44,40.60997579615754,-113.22630061248584,40.56477269290088,-113.18161407599054,15,2,1,0,9.29,9.186700000000005
8.3,40.790795316234544,-88.37788967977937,40.74701418451551,-88.42776913803357,1,6,1,4,21.56,18.961949999999995
2.79,39.02459135434082,-75.08806645119978,39.06459500825898,-75.09499048933179,8,4,1,2,8.36,8.46575
9.31,39.509996543955054,-114.3962976615813,39.46341478866802,-114.34787819363224,16,26,1,3,15.34,20.265850000000004
6.08,37.38921800001594,-81.65188745639526,37.39490946264127,-81.6422528312428,12,13,1,4,17.0,13.01555000000001
8.11,38.73339843283363,-82.90420762844575,38.76308293290073,-82.93894767702298,9,19,1,3,20.82,17.28135000000001
11.06,38.452364158375886,-74.14717209704,38.424164370895646,-74.18445444405218,3,9,1,0,14.91,22.304600000000004
10.53,39.10169593363713,-98.0535304960216,39.10609614764334,-98.0405880355582,12,31,1,1,16.62,23.16005
4.11,39.2710951706262,-85.05312902704627,39.298098883664665,-85.10220791549241,8,28,1,5,8.18,10.748800000000006
6.11,38.42704016349104,-78.05172685762979,38.43246102611007,-78.08407009352615,1,30,1,0,16.17,14.270649999999995
11.84,39.20437978466239,-76.51859042564863,39.17833282104448,-76.51298902656116,12,18,1,2,23.77,27.520950000000003
6.93,39.93852439658206,-107.63685776609196,39.92079450037044,-107.59995161960836,5,5,1,3,15.12,16.073599999999995
2.77,37.026543120876845,-82.77305659835373,37.02245015874794,-82.75827581696355,18,3,2,4,9.9,7.360049999999998
7.48,38.68265072600168,-105.93498369691498,38.670571567441975,-105.98484686043,22,5,1,3,14.18,18.266250000000014
5.83,40.52471509248912,-99.50554878882532,40.499132731559946,-99.48808238809572,13,30,1,0,13.79,13.858099999999993
9.6,38.133635622906674,-88.95660450758187,38.16988860821957,-88.98258512410882,20,11,1,2,28.34,19.068249999999995
8.04,37.277011669986855,-93.43686927938325,37.31935679757117,-93.4164709634877,13,8,1,6,13.03,17.65194999999999
9.63,39.97078048332455,-119.93565381384543,39.975879786762285,-119.96530423946142,1,6,1,4,26.87,19.017899999999994
12.47,39.907313930908366,-74.01295841642083,39.90012693544488,-74.02013333379409,14,14,1,5,24.36,25.124600000000004
6.0,40.92983387576631,-95.12429066560688,40.90085567991123,-95.1046319587074,9,5,1,3,11.17,15.537249999999979
4.24,39.6611713519746,-94.43285510603968,39.658181454317656,-94.46310667140702,6,7,1,5,10.09,10.297299999999993
6.02,40.64880678738409,-96.58559653671064,40.69622377085054,-96.58892984035856,14,12,1,3,14.58,14.49160000000001
2.96,40.6539833544554,-109.46011664753571,40.67625621801723,-109.43678419280174,17,27,1,4,10.85,7.998449999999998
6.92,39.37843098542223,-96.7515627833114,39.34778330161597,-96.70194420462028,21,8,1,6,21.05,16.359349999999996
2.82,37.82654576082538,-109.8583550218624,37.81711858840364,-109.89084533832616,3,27,1,4,7.24,8.832250000000007
2.54,40.08082160685576,-104.24287510635098,40.064953143905534,-104.20053569175715,19,29,1,6,7.59,7.164450000000003
3.99,37.25285612591276,-117.81588808782706,37.23679578421327,-117.77487212912808,7,3,1,1,11.43,10.048699999999998
9.58,39.616690656276205,-94.75661837455785,39.57927895081804,-94.72159982941058,7,24,1,1,21.12,21.129
2.89,37.545788613636205,-92.84116574973682,37.58932919138351,-92.87285838907232,1,20,1,4,6.96,8.229199999999997
6.34,38.33833757081863,-83.19710728250826,38.34683067214186,-83.18079247700301,19,18,1,2,16.01,14.712700000000014
5.79,39.87266863217755,-117.66621202910164,39.82484834262822,-117.6877263283137,6,24,1,1,14.85,12.547250000000012
8.91,37.30226693448624,-102.1304708880187,37.26981276672908,-102.13229876257569,0,13,1,4,21.13,18.42894999999998
9.45,40.30654167818312,-111.84551654872712,40.289567986395525,-111.8885417979738,9,23,1,0,21.35,21.003449999999994
5.12,37.07255163686772,-84.390966206857,37.11785300779695,-84.37098738556801,13,31,1,1,11.73,12.248800000000001
7.05,37.43766630359736,-82.08665528150246,37.4803634336214,-82.13382204687673,11,27,1,4,20.93,16.05045000000001
13.81,38.778488453086176,-105.5244325095372,38.77277460708989,-105.51664785744964,4,13,1,4,33.18,27.592149999999993
5.29,40.482327254474434,-87.59976341599898,40.47692849192039,-87.55413644035035,14,11,1,2,13.31,12.360850000000006
3.12,39.71693952725094,-92.48340821032252,39.68771755383064,-92.50500550686913,15,26,1,3,10.82,8.995949999999999
10.08,39.14287850688251,-92.46500377365562,39.09518575225118,-92.47787734948189,10,8,1,6,15.21,21.9771
1.71,40.37627706405189,-98.23209613308222,40.35226307053812,-98.20207433467353,4,29,1,6,8.45,5.755400000000003
12.94,39.4840639301242,-103.66550772162344,39.50840574204263,-103.6434849187442,0,7,1,5,27.12,27.025049999999993
9.77,39.125313789241154,-101.70450379772052,39.08773623808671,-101.70128852813998,18,2,2,3,24.86,19.32475
10.55,38.53930293481531,-82.34654714524447,38.52783093644328,-82.30692435787036,23,27,1,4,17.85,22.157199999999992
9.5,40.80031273409111,-119.19699985137294,40.83111924715724,-119.16362468052066,9,17,1,1,16.18,23.490249999999993
6.93,38.32784249316824,-78.69417502315227,38.36307935207874,-78.66319633334116,13,16,1,0,20.65,15.874250000000004
9.91,40.432967402435,-105.13998578432124,40.4513493567032,-105.12754633047332,6,21,1,5,26.76,21.232350000000007
3.63,37.06890040212775,-120.30586662630738,37.07266891995252,-120.28862010290688,3,11,1,2,9.87,10.420149999999987
7.57,37.76956834832603,-96.56007998308895,37.81526837116667,-96.51760670699936,17,25,1,2,15.95,15.598149999999974
7.67,37.5592450876023,-107.89421601572302,37.52859732653296,-107.93714814851498,20,15,1,6,16.96,16.539799999999996
7.01,40.63301218375316,-104.52355693076665,40.60690024873557,-104.5120465349708,18,24,1,1,12.08,14.847749999999992
7.6,38.635320255772655,-116.28994638304718,38.61460292774733,-116.24472830128538,3,10,1,1,15.49,16.987800000000014
2.39,40.2637884673552,-77.46314346734752,40.26539249090455,-77.47440691861948,3,6,1,4,9.76,7.4474
3.32,38.70733083880739,-96.03323411750098,38.68725408790073,-96.01829630685994,10,6,1,4,10.17,9.958599999999983
4.47,37.12333726338871,-117.13734703419424,37.16565583385654,-117.1536100872421,5,19,1,3,9.74,10.703500000000002
11.71,37.797498261762094,-83.80732592194697,37.80799786363134,-83.81226383735583,0,25,1,2,21.61,23.44519999999999
9.63,37.74223949771893,-90.728730876411,37.7330907606825,-90.77871228880332,1,1,2,2,18.8,19.28399999999999
4.61,39.94899161649733,-107.90990683458278,39.97766172335142,-107.94028240942563,0,11,1,2,12.02,11.137100000000006
14.96,39.79476827350579,-84.43787405025878,39.79903432297503,-84.40203171134193,3,4,2,5,33.29,31.402149999999974
7.74,40.85694971290038,-75.52696844908037,40.90630778085235,-75.57209499555582,2,26,1,3,12.8,17.76519999999999
9.04,40.80359270447303,-92.27893144188664,40.78808100662447,-92.26801660388512,9,2,1,0,18.14,19.507149999999996
6.16,37.1899658839418,-89.01085580960776,37.23263706059433,-89.02670418892377,2,27,1,4,14.56,14.219600000000003
8.15,37.19658485142328,-95.89518683797913,37.16007264847536,-95.9124193531499,23,5,1,3,14.71,17.651500000000002
7.96,39.34515942892659,-88.90362093800104,39.34631837852528,-88.86553510433791,12,11,1,2,23.16,19.088099999999983
11.45,37.08062261480447,-113.6559479473995,37.123546532548325,-113.60912538631688,21,12,1,3,25.38,25.548250000000003
3.81,38.0519220148698,-77.2757686712188,38.031673971271545,-77.26912535063383,11,22,1,6,10.83,9.930599999999998
13.34,38.46023675460745,-81.56865397677745,38.43352788116485,-81.55902354909392,9,18,1,2,24.16,25.57464999999999
6.42,39.56448850005658,-85.46487603106723,39.599505425525,-85.49687300858646,2,10,1,1,13.6,14.62665000000001
5.13,40.5700779578676,-75.42889747980684,40.561403385353245,-75.39245071985864,10,12,1,3,9.88,13.3818
8.33,40.469931162933854,-101.07705175636669,40.47042000359912,-101.07308786346952,11,4,1,2,16.25,17.419199999999986
8.34,37.79358633799265,-75.16421578734958,37.8211489420749,-75.14461340426521,23,1,2,2,15.39,18.460550000000026
8.23,37.25187874230473,-104.44803543107612,37.20788668525328,-104.43146305438418,11,9,1,0,13.06,17.66795000000001
5.15,40.63348251131156,-78.81575854312663,40.594610514339614,-78.82772513649567,23,28,1,5,12.48,12.501950000000013
12.16,38.98078618026217,-106.7347136382574,38.96094329953218,-106.77275463181932,19,6,1,4,22.83,25.628399999999996
2.97,38.305921441255975,-104.08033042262235,38.25673324783141,-104.03965477843856,16,7,1,5,8.37,8.140450000000003
9.73,38.72141982460055,-97.39727223870794,38.75164077383536,-97.43823077543726,17,30,1,0,24.34,20.98869999999999
5.76,37.869549520848025,-99.96930139161358,37.85588868043821,-99.98111650827468,13,4,1,2,13.74,12.978250000000005
1.94,38.28246368025409,-89.07320582947287,38.23690494491627,-89.1207391042728,5,14,1,5,7.08,7.059500000000005
3.06,40.751737450637386,-96.11357841449104,40.799342413555486,-96.09698896302672,7,8,1,6,8.22,8.85750000000001
8.34,38.095924901876586,-115.54305174015342,38.05278497545886,-115.51499414767288,18,1,2,2,13.63,18.122299999999985
9.7,37.61900949126666,-85.39819360673785,37.57381033254341,-85.38838657925595,17,21,1,5,17.88,21.77859999999998
3.89,37.74787363760115,-85.26479844779911,37.75012465926351,-85.27543942055411,2,8,1,6,9.45,10.9012
3.4,38.226822010340086,-104.88825389238691,38.23431715575065,-104.90223956456823,14,19,1,3,6.9,9.167650000000014
4.97,38.0202922533667,-78.80530347675003,37.97546504484202,-78.8041122214323,4,15,1,6,11.41,12.335500000000009
4.89,38.35889208089511,-97.13017409134,38.40872458880313,-97.08712794964951,17,24,1,1,14.69,12.150399999999996
9.92,37.435594767083096,-119.37863959142604,37.45608687623129,-119.35111986450109,3,28,1,5,19.8,22.03704999999999
8.0,38.8438111636738,-77.54172099577214,38.86413384544356,-77.56529293823974,22,13,1,4,14.0,16.865050000000004
9.81,39.35035842105065,-94.87613264845884,39.30876758777597,-94.90291905573476,14,19,1,3,19.79,20.118499999999997
3.72,37.5090354120925,-96.85600294601268,37.47294550662693,-96.89885678829216,10,3,1,1,11.02,9.845700000000008
6.51,40.66254049220411,-107.81938999258983,40.646257146690914,-107.8418990355052,2,3,1,1,16.87,15.041750000000006
10.48,37.88698260690614,-106.32989897555755,37.9113935580646,-106.34154601259304,3,2,1,0,21.57,24.20465000000003
6.94,39.98159023843138,-92.35334010273807,39.9954008087236,-92.3111459092195,1,12,1,3,11.49,16.74730000000001
5.92,40.55373011406911,-117.64885918868718,40.58830149747521,-117.61200039722156,13,22,1,6,13.85,14.23159999999999
5.94,37.883564074698526,-80.5006312051316,37.88700088909436,-80.47093978463539,17,25,1,2,10.67,14.58130000000001
8.67,38.21781712900213,-90.35116380293331,38.24742692831534,-90.36433724808336,19,16,1,0,19.44,19.0136
4.7,39.49266331279591,-82.00567687011736,39.44612609911815,-82.03535669392303,18,17,1,1,9.75,12.20214999999999
5.77,37.42631066182148,-80.29566412723136,37.390911953608885,-80.29747402067079,13,15,1,6,14.59,14.120550000000012
5.2,37.236063639429496,-98.50802525402032,37.22565267927312,-98.55689956017108,23,29,1,6,13.74,12.7236
10.84,38.295084326482886,-110.21665078961006,38.26134179783112,-110.21110313326884,11,14,1,5,17.59,22.036249999999995
9.3,39.4711821142764,-100.94000286180152,39.49179112805605,-100.98846525724136,19,18,1,2,16.91,19.9052
7.15,39.03906053617924,-85.24907136982716,39.075000574711474,-85.22191140374824,2,28,1,5,14.67,16.058750000000014
4.9,40.8282496683163,-111.52002665006786,40.78675126165291,-111.50597376449994,23,31,1,1,15.53,12.015350000000005
10.37,40.69838824258861,-79.57087254531041,40.738983715279794,-79.57394301129843,5,3,1,1,20.48,21.72445000000002
2.01,38.76101341675499,-109.21472343655743,38.7590328272021,-109.26163659176868,5,2,1,0,7.2,6.665949999999998
6.6,39.17064483235677,-84.00044242256797,39.13819483551502,-84.00888049171407,3,3,1,1,11.47,15.608600000000001
1.09,37.95625957714871,-103.09487213027654,37.91207862495683,-103.12321784390124,10,7,1,5,6.47,5.096649999999998
8.76,39.24090389406582,-116.61246860179772,39.210805261273066,-116.6203906413478,22,29,1,6,15.77,18.264200000000006
7.37,40.727202666504425,-88.27008068571878,40.6983717573629,-88.2625303072462,2,4,1,2,17.05,17.031899999999993
5.63,37.07502181379471,-104.6753903039556,37.1033621530457,-104.69497441364577,19,5,1,3,13.13,13.713399999999986
11.34,40.19667466466736,-84.73274199109818,40.220594209513095,-84.6922987712659,9,25,1,2,24.78,23.126799999999985
10.15,37.23208521114404,-95.4886545457794,37.23122932423116,-95.45446761271263,8,5,1,3,15.29,22.688699999999997
5.63,39.7925968040909,-109.16242165390356,39.78459381086772,-109.14996496886506,15,29,1,6,12.33,13.6823
0.47,40.715482127292304,-105.68859838113096,40.74097370624932,-105.73196492959768,11,30,1,0,5.59,4.03585
8.63,38.76906466467487,-83.51669331953786,38.74353792956664,-83.5458172209806,23,28,1,5,17.08,19.87655
5.06,38.49438903478306,-105.9321437387146,38.51645507112261,-105.93494264984612,11,18,1,2,8.6,12.451700000000006
5.98,40.6040933252424,-102.6172075165176,40.59467564592938,-102.5953910174935,1,29,1,6,10.01,14.238049999999994
6.67,39.44271104130031,-104.44231762592209,39.41372284096789,-104.4213321834462,21,28,1,5,13.31,15.418399999999995
8.11,38.07371860088481,-106.15644955195616,38.02431340117203,-106.144686994222,7,9,1,0,16.62,18.30855000000001
6.65,38.5136526539052,-81.41976799481114,38.51425696763124,-81.4118503922662,9,13,1,4,11.81,15.023000000000001
5.76,37.03568031411049,-88.54356500202871,37.036072724347385,-88.59209474246897,3,28,1,5,12.15,12.852249999999993
15.97,37.17296106290818,-89.79503299000302,37.16274688102981,-89.77713963246498,10,27,1,4,43.54,35.836600000000004
11.37,39.41662145325622,-84.82113213847836,39.44618325974216,-84.8552219533647,1,31,1,1,27.75,23.543149999999997
9.71,40.63577737763711,-101.63751886949518,40.66969132520092,-101.658351041203,1,3,1,1,21.86,20.56765000000002
6.27,37.80470373674371,-114.3564961747878,37.83549152335794,-114.3920476037635,3,16,1,0,15.53,15.741449999999986
3.12,39.48978600718069,-90.0071618172018,39.44456191646491,-90.0281294175742,21,13,1,4,6.87,8.5398
2.77,40.57055131307252,-114.7428842079911,40.59940229024117,-114.71147847752354,5,6,1,4,7.15,8.2561
9.97,38.57046066899994,-99.00081134979298,38.57983736005104,-99.0214909767341,16,30,1,0,20.0,23.40155000000001
12.48,39.21423110159877,-98.0979112373091,39.20997760806537,-98.12750418152856,12,4,1,2,33.85,26.989399999999968
5.66,37.952448264071705,-89.51678911151964,37.942701545745486,-89.52812454721565,22,2,1,0,11.95,13.433450000000002
7.88,37.8549666656875,-85.86187970252226,37.84336896400373,-85.8418115359763,0,6,1,4,11.87,17.019099999999984
2.3,37.40429707038247,-79.06228967217281,37.45424784472502,-79.03587487506745,4,4,2,5,7.03,7.984549999999993
3.51,40.175084016979646,-121.58682850565177,40.20954814584007,-121.5939676897236,21,2,1,0,11.03,9.477800000000006
10.27,38.35699957058228,-117.31284263589843,38.3135878405609,-117.35773169142804,9,9,1,0,14.19,21.802650000000003
3.31,38.14398525399111,-97.50335099021956,38.11786213205029,-97.48898690638022,15,18,1,2,7.77,9.059249999999999
9.84,40.2119995928656,-92.04601230803718,40.164194095495326,-92.005427409915,9,30,1,0,16.76,21.791999999999977
3.74,37.78071401825577,-109.96417651458172,37.82383523002235,-110.00128868900846,4,6,1,4,10.63,9.675600000000001
6.42,38.64703317714796,-91.0674599267684,38.620275217264826,-91.10928618975286,2,31,1,1,19.35,15.01809999999999
5.21,40.85644124908026,-105.1150795547796,40.85546057690744,-105.15300739372567,13,21,1,5,13.03,12.792300000000003
5.46,38.73565482687845,-94.97066364362684,38.70252826662105,-94.9743818803464,8,19,1,3,15.68,12.964099999999998
3.48,38.1402476285179,-120.14936462042294,38.15930133363465,-120.13290197464694,1,22,1,6,12.4,8.222299999999995
11.8,40.81684958955309,-73.00967656776201,40.78212836906571,-72.99991402140779,13,28,1,5,32.74,25.56410000000002
3.13,40.15700947656838,-116.53208327233978,40.15947503220711,-116.53296919784302,4,1,1,6,9.46,9.283799999999998
5.05,37.04830129799048,-108.25420788943347,37.020902464143184,-108.23946493697774,12,25,1,2,15.14,12.053700000000001
9.58,38.38451431506557,-89.68253839019073,38.395997829068,-89.65679619485323,6,1,2,2,20.18,18.773650000000014
4.52,38.0765103465193,-81.2373629666476,38.05843595129807,-81.27148689062052,5,4,2,5,14.37,11.051450000000012
6.14,38.142510004738725,-89.41585528054969,38.125519869291935,-89.4550946309958,10,11,1,2,13.29,14.643649999999994
9.47,37.377316944750575,-75.00767152923831,37.343659008830045,-74.9650372995072,22,2,1,0,24.12,21.70110000000001
5.47,38.67897953322375,-107.18907495982717,38.719091109456016,-107.2341459506152,3,3,1,1,11.22,13.132600000000002
2.1,39.34125372884596,-111.70142217083809,39.32021755306709,-111.65550530580543,14,5,1,3,7.42,7.2766499999999965
5.68,37.26636350482451,-115.08259138595024,37.27042187892947,-115.1194966354862,5,4,2,5,17.46,13.142999999999995
12.47,39.61960802704876,-82.86856332285568,39.58112676915183,-82.82962465847508,8,8,1,6,19.89,25.751350000000038
7.69,39.15685377429313,-100.68907147980762,39.1467739826065,-100.71088088690242,18,28,1,5,21.98,17.854649999999992
8.69,38.61440427086775,-79.80384575520262,38.64471985209536,-79.78664516127152,5,7,1,5,19.3,18.431950000000008
6.45,40.12868649564743,-99.4326693429117,40.1191792502589,-99.42642467024667,9,23,1,0,17.54,14.960450000000016
4.83,38.66980610739086,-88.26116960535973,38.65478904108737,-88.2712614158998,2,13,1,4,12.86,11.0457
7.9,39.12472589473771,-75.21047084776308,39.10182206999224,-75.25122605455348,3,14,1,5,18.44,18.381349999999987
8.27,40.46282055161807,-77.69485917651386,40.46265674232082,-77.6910486368674,20,23,1,0,19.53,19.75065000000001
6.49,38.94629592824988,-82.30066060724471,38.923732705283925,-82.34508755251574,1,29,1,6,15.76,16.056099999999986
8.33,38.502882204835394,-86.2171135904945,38.48200495806877,-86.26493813927905,4,27,1,4,15.24,18.580250000000007
14.84,39.538519119246935,-102.10762107197972,39.494156314046144,-102.07194797750086,16,26,1,3,26.1,28.132749999999998
8.65,38.8474532654172,-97.83257845588976,38.86417152529731,-97.8685937496901,1,31,1,1,20.05,19.58555000000001
2.87,38.76816885343536,-81.94577734636253,38.79891270059981,-81.91923491168033,18,9,1,0,9.49,9.078250000000002
6.82,40.998911035566216,-77.15629015670619,40.9831155046504,-77.15933449832944,0,12,1,3,15.18,15.539300000000004
8.04,40.06828275072692,-112.69874814854128,40.05394059533081,-112.71574304099464,9,6,1,4,17.73,16.758200000000002
8.05,37.207962095208025,-92.39349933493088,37.256702298380205,-92.35925865168464,15,18,1,2,19.64,17.111950000000014
10.3,40.35360416171582,-103.9139041352314,40.33575774570332,-103.93983926094812,3,18,1,2,24.57,22.276900000000005
6.17,40.07449719090426,-94.48149079975936,40.11732279289581,-94.50031907940163,20,22,1,6,15.46,14.479700000000015
3.79,40.81641865378784,-94.00917544425756,40.77988286164907,-94.02033375393252,17,4,1,2,7.54,10.343649999999998
13.55,38.97460707156614,-96.8859710012688,38.94307509108496,-96.92630798791836,15,10,1,1,18.57,27.849799999999995
5.04,38.50290848321462,-98.70804770071204,38.5078589939508,-98.72762446885956,18,11,1,2,12.58,12.589149999999997
8.27,40.94870280620223,-83.39477948437782,40.90759073732652,-83.3871152748727,13,24,1,1,19.07,19.537250000000007
3.81,40.06245186738628,-77.30262985091358,40.04386206943348,-77.34693781878289,10,24,1,1,10.7,11.225049999999992
1.52,37.27898501618843,-102.68576404743,37.25019112322198,-102.67497263673036,1,18,1,2,6.55,6.164799999999998
7.14,39.70045692189877,-93.2301161760976,39.72342868856799,-93.25202013597584,7,1,2,2,14.42,16.232249999999997
3.57,39.183501927724194,-93.34184026600668,39.20467692328928,-93.33535090434673,2,1,1,6,8.37,9.982099999999996
7.42,40.57976581166238,-80.75322674816226,40.58316551068772,-80.7668045665191,14,30,1,0,11.32,17.18620000000002
10.75,39.62678905621002,-88.41822066209932,39.58390266279439,-88.45313909077566,8,12,1,3,21.66,21.677299999999995
5.26,38.508561119641065,-77.48871281443083,38.48311172152717,-77.50035307821803,5,6,1,4,14.38,13.826249999999995
4.54,38.7600165105075,-87.81706031904291,38.77363262265621,-87.84926362870392,4,24,1,1,11.11,11.842200000000005
12.03,38.785328425157125,-106.47019180071374,38.8171384560055,-106.47425995870417,4,17,1,1,31.95,25.8248
5.97,37.50630066733336,-92.42879791285269,37.50253823543592,-92.40146517647354,4,30,1,0,15.04,13.579699999999995
9.5,40.72250877807342,-73.21017952626006,40.75513229071392,-73.19260252121549,22,6,1,4,22.35,19.6463
5.86,40.52353518377702,-97.94397430522866,40.530380986382255,-97.99315648268876,4,21,1,5,15.93,13.363699999999993
5.96,39.91382368923267,-120.06715145767376,39.94521723903457,-120.0724130936032,6,8,1,6,10.22,13.896899999999999
5.28,38.29719458295615,-114.7681075654923,38.252897218431904,-114.8011700667009,2,19,1,3,9.84,11.985950000000003
10.24,39.69020455284535,-111.83791143060742,39.65835239295545,-111.79856777974912,16,3,1,1,19.44,23.626450000000006
7.3,39.61815873305538,-85.14077433739904,39.63377638651687,-85.14591739516416,20,15,1,6,19.0,15.936949999999998
8.97,40.71619825870979,-91.7492680519404,40.711762383904,-91.72845558146602,21,3,2,4,17.0,20.923500000000008
10.37,37.351828293599446,-91.28288411906888,37.33802748721247,-91.32214799465608,11,23,1,0,23.54,22.716549999999994
6.97,37.01674604800711,-76.89537937988356,37.015409897514864,-76.93337565692426,4,10,1,1,13.84,15.700899999999997
15.35,40.81153263378374,-73.7136921268572,40.77499409598744,-73.70916050169971,4,15,1,6,36.67,34.27024999999999
7.65,38.120369725416296,-114.249087450624,38.16661115114914,-114.21044994083438,2,17,1,1,19.22,16.472550000000002
10.61,39.23828131485986,-74.64855411969776,39.28806005721005,-74.66794683668134,8,22,1,6,17.39,21.69399999999998
9.49,39.56320621635018,-94.6109215141527,39.605627025272106,-94.62683837483048,7,7,1,5,15.59,20.37784999999998
6.5,37.32982581159935,-93.70435539469452,37.3338969784638,-93.74387253234724,3,6,1,4,14.47,15.353199999999994
7.19,38.13286407470381,-73.18821586202827,38.10302103774151,-73.18914460901831,9,1,1,6,18.49,16.44015
12.4,40.74035745507268,-102.83690948502314,40.74484213425536,-102.8091178941069,8,1,1,6,25.78,25.421049999999994
9.01,39.110461225947056,-120.01104188785042,39.1511739477804,-120.01506191182604,21,11,1,2,18.14,19.803900000000002
7.88,37.9840216221266,-94.73955434683324,38.03216857801223,-94.69885059971318,16,14,1,5,21.21,17.547050000000006
8.26,38.35315096994382,-91.65741251613596,38.31785818973931,-91.61925627232232,10,3,2,4,21.35,17.971300000000003
7.77,40.76701899291504,-109.91305992726416,40.72119685801762,-109.949537376771,13,9,1,0,22.84,18.14465000000001
15.21,37.45830955640752,-74.38857178393572,37.5045607623182,-74.43015386073435,17,4,1,2,40.2,34.00414999999999
5.05,38.6273006600045,-105.1191127530115,38.62848081387512,-105.14215371517356,21,31,1,1,12.49,13.269650000000004
12.39,38.33551427324251,-91.36751916130248,38.31639512330559,-91.32733778945992,16,4,1,2,19.77,26.176349999999985
7.11,37.42446294444776,-88.96195477052302,37.39428110664003,-88.99503506419333,20,25,1,2,17.84,16.29060000000001
7.89,37.20029403444956,-79.1939570400643,37.22199456639532,-79.2297819667659,18,26,1,3,19.63,18.977800000000016
1.74,39.43057346908871,-79.84780311978236,39.473430330240326,-79.85174552014796,2,21,1,5,6.36,6.350399999999994
5.38,40.63772912231992,-106.1469483218455,40.5883783190568,-106.1939732634743,14,18,1,2,11.19,12.306099999999997
7.72,37.678050217118944,-111.24804368101329,37.6398080899312,-111.29053361759624,4,2,1,0,15.37,17.65945000000001
10.26,39.3074315537712,-109.77277296983722,39.33016022896618,-109.73887379737972,13,17,1,1,25.28,21.354450000000007
10.12,38.43565268058274,-121.1288806571944,38.48357746184475,-121.11003920403688,17,1,2,2,26.89,21.915049999999983
3.27,38.517829166499375,-103.00979715241289,38.50137467031909,-102.98503385502796,22,25,1,2,9.34,8.8016
5.86,38.45956244000626,-101.50207498146187,38.4832120184451,-101.46674877686075,18,15,1,6,13.97,15.49134999999998
6.44,40.599126345978725,-116.91961038816788,40.62096092545797,-116.87721763611547,17,1,1,6,18.87,15.14420000000002
11.14,37.99177610981791,-96.26833044327547,37.954287204409255,-96.30095147332348,22,7,1,5,18.49,23.24980000000002
8.31,39.89476138824492,-106.05950263770166,39.94001987530283,-106.08344739867836,22,30,1,0,18.26,17.678150000000002
4.3,40.02167590793172,-114.13861079877036,40.05186601410442,-114.1767977664446,9,16,1,0,11.02,10.897200000000005
5.83,40.469389054008296,-115.3053883073092,40.488787480196216,-115.3478137210678,8,24,1,1,12.42,13.021199999999999
2.46,39.539314811802456,-108.63445562212252,39.49999582375634,-108.6456712606634,11,1,1,6,8.39,8.278550000000003
5.04,40.40957661504391,-106.99631370975882,40.38358310987317,-106.99783714464564,20,26,1,3,14.21,12.867849999999997
7.25,39.92771642903881,-120.28678127976325,39.88764844931525,-120.32574397038132,20,30,1,0,13.91,16.493399999999998
9.28,40.859999240210925,-76.09022650902801,40.88431373204479,-76.06507045075311,10,17,1,1,15.19,20.782299999999996
7.69,40.06225715516695,-109.8601537785585,40.10212480889399,-109.8613009030184,10,24,1,1,11.18,16.450249999999993
11.03,40.167870135655846,-97.6325638022594,40.18689839652089,-97.61240292439804,13,19,1,3,26.57,22.23734999999999
5.57,38.37092171460635,-109.9933016835576,38.4071211772666,-110.01428232398229,15,26,1,3,14.55,13.333599999999992
6.66,38.02271065959616,-73.80527052187546,38.007424010599536,-73.77042777085514,23,1,2,2,14.33,15.492299999999993
7.16,38.60062773443895,-102.13612567400418,38.59484511294661,-102.12494731145048,11,11,1,2,18.88,15.947899999999999
6.39,38.73905059902914,-93.83612736921508,38.77442300301778,-93.88495284736776,16,28,1,5,18.89,14.495599999999992
4.34,39.55308472372299,-120.58291504662756,39.53623196148051,-120.55378028997416,19,28,1,5,7.21,10.573799999999999
5.01,38.11206103012699,-73.04354521545326,38.12453350478256,-73.08981849168711,9,4,1,2,10.81,13.16315
3.51,37.87942016636517,-115.9131404922478,37.922802142355,-115.89580484944204,14,2,2,3,6.85,9.725299999999995
13.68,40.96570622016003,-108.39240094272353,40.99597402752482,-108.41175091902755,22,25,1,2,31.47,30.221249999999955
8.58,38.18526839653294,-100.0520700275443,38.20637061396509,-100.0928787639268,5,23,1,0,21.52,18.6972
8.73,39.59983801260718,-117.61845267863112,39.58648292707272,-117.64590081755524,10,2,1,0,15.73,18.587800000000005
4.15,38.24042088140464,-116.58918251950516,38.19719412762691,-116.57620839661494,21,3,1,1,8.84,9.73855
8.64,37.243785628872615,-78.81711026912592,37.20937690575867,-78.78636344131046,20,12,1,3,23.19,21.480800000000002
7.48,38.596294931873466,-120.5597620716832,38.60263189491268,-120.55173672715796,12,23,1,0,18.87,16.76729999999999
10.84,39.47195947620742,-97.7195061795033,39.489798665664765,-97.725624424078,8,5,1,3,20.7,22.932199999999998
3.61,37.98202537129394,-92.74726955020893,37.95901068636793,-92.73389631078494,23,20,1,4,5.54,10.251699999999996
6.55,39.53708465896094,-118.27187470597886,39.57231677370182,-118.31010185359928,16,16,1,0,17.63,15.481950000000007
8.52,40.214069183037296,-100.34376706774552,40.18274957216606,-100.35909752762176,14,24,1,1,17.26,17.932549999999996
7.11,38.42909243045589,-93.3654570362574,38.47510702241612,-93.379377395414,20,9,1,0,20.5,15.783999999999992
6.44,40.0024530476947,-76.20915033183724,39.98757785450019,-76.20549453502457,6,15,1,6,17.89,15.100150000000003
9.49,40.274377606408095,-91.9292004583954,40.2282662582069,-91.88470636666533,10,7,1,5,20.92,21.047699999999995
6.74,40.24163538261645,-86.67320246798859,40.23833729191092,-86.6415280786196,16,4,2,5,13.23,14.840550000000007
9.39,38.19944391166402,-75.2492616794717,38.15587609120168,-75.24217755304785,2,5,1,3,16.29,20.86590000000001
4.66,37.71725427009362,-118.88117526126042,37.692982568984505,-118.84047062812176,12,31,1,1,8.89,12.257549999999998
3.57,38.23276578350549,-80.19460866746547,38.1941238513872,-80.24135640706241,11,15,1,6,10.94,9.52255
8.12,37.993724003923845,-89.79295470742599,38.0369695234355,-89.81742180553617,23,21,1,5,18.11,18.72780000000001
4.94,40.00006797476557,-104.42564296123416,39.955449384893015,-104.40137605794878,12,18,1,2,9.94,11.909049999999986
8.2,37.09775591616884,-92.54468258255812,37.05576707308824,-92.56416256805024,1,10,1,1,15.43,17.257900000000017
8.08,39.149155858431385,-103.2681686808888,39.19004670223036,-103.28872615529184,12,2,1,0,23.77,17.004800000000003
12.2,38.35784368760381,-115.44605465537178,38.33638035398514,-115.48500065035417,3,14,1,5,29.47,25.531699999999972
8.84,38.64958232963445,-93.89265450761124,38.601860662810346,-93.9074497792892,5,29,1,6,20.92,18.59699999999999
8.22,40.419610664078185,-106.4780110796756,40.41285962430759,-106.46234223657594,16,25,1,2,16.14,17.90594999999999
5.36,39.86954354187591,-106.79736507165654,39.861567898082725,-106.75163663992484,2,31,1,1,14.45,12.68490000000001
8.82,38.31333661848528,-91.43488939780272,38.281297302609765,-91.42403756587991,12,6,1,4,22.85,20.200449999999996
8.63,38.871275420246135,-104.47168099035744,38.92002529079039,-104.44500273961076,20,8,1,6,21.96,20.15865000000001
6.98,38.99788832046854,-108.11437978913892,39.04779728604162,-108.1617545359222,20,29,1,6,17.2,16.586149999999996
7.41,37.29829477121805,-113.7000340642718,37.32506949192945,-113.69890842970514,10,4,1,2,21.17,17.239799999999992
3.57,40.90180374556714,-100.93426314741296,40.88158292137954,-100.90033694275014,16,29,1,6,7.62,9.32019999999999
8.51,38.657308838565605,-98.53475604913685,38.625667893724575,-98.55743608740468,9,2,1,0,17.53,18.042600000000004
3.39,37.47136821343568,-90.38821483172,37.45098748332225,-90.4075158680188,14,31,1,1,7.26,10.08704999999999
3.84,39.69642806692568,-101.40623558256408,39.72300024468032,-101.39864255418996,12,2,1,0,13.18,10.470700000000004
5.04,40.39292215104474,-83.39425003390717,40.43240700260133,-83.42612629895123,1,10,1,1,11.04,12.567999999999998
1.69,38.0992496972509,-86.92104901520004,38.13302600458192,-86.88339166490275,6,19,1,3,4.86,6.33909999999999
3.69,40.06310680149577,-120.42886246336496,40.10107733404344,-120.41041702788326,20,11,1,2,10.04,9.443499999999991
3.49,37.69630276193992,-111.53787444682096,37.69609121945089,-111.57688920818424,20,20,1,4,6.82,9.574550000000002
8.71,37.02534505158823,-102.18389733334972,37.04059867350973,-102.23250792559833,8,31,1,1,18.56,17.663099999999993
9.93,40.70929783366475,-77.02358582886839,40.70428023223522,-77.01325197532479,11,9,1,0,22.71,23.129149999999996
3.72,37.07058023514466,-100.98462463703964,37.03728093786305,-100.94855102538467,3,15,1,6,10.55,9.443250000000006
8.24,40.6253980327128,-90.88325800637068,40.62869601132398,-90.91619718712892,8,3,1,1,23.27,18.21170000000001
10.47,37.63755311418895,-84.17953184178715,37.62488667343988,-84.14476093605312,3,18,1,2,27.74,22.302749999999982
6.64,39.43462929575877,-107.57652647113666,39.462188751532615,-107.61531847312826,8,13,1,4,16.23,15.332749999999994
5.3,40.66961332304624,-99.01323554682796,40.69724705423083,-98.98413360378912,16,1,2,2,13.07,12.647800000000002
10.61,37.70173406637045,-102.5355061013984,37.696238109039776,-102.54139530516318,2,24,1,1,23.24,24.914799999999985
8.32,39.57128677545162,-86.55167143295256,39.528274432495685,-86.53049017472416,23,11,1,2,21.86,17.600199999999997
4.12,39.93053493544833,-97.83417750663595,39.891288474719005,-97.85689785322458,15,19,1,3,6.72,11.155199999999997
7.44,37.45044313565101,-121.792077412077,37.46974964487439,-121.76238633530345,16,4,2,5,15.4,18.038850000000018
5.06,40.533580952528325,-96.86189212769524,40.5436597865673,-96.85878357135915,21,28,1,5,13.51,13.98169999999999
8.33,37.25650210647301,-75.52610376720284,37.23817562680289,-75.55241639914568,0,15,1,6,19.0,18.461250000000028
7.2,39.36254087352689,-95.21045781147028,39.325205794680194,-95.1705815154979,15,9,1,0,17.53,15.272549999999999
10.97,40.46548709545752,-108.78445479221814,40.47251528972132,-108.74511843780674,6,23,1,0,24.76,24.555449999999997
8.76,37.012119672260106,-99.48410681237772,37.027853069074034,-99.45792670158872,14,5,1,3,25.65,19.55529999999999
9.42,40.960298995202464,-98.4971618891687,40.948373352071066,-98.47378319851492,7,5,1,3,27.82,20.159000000000013
5.83,37.459200437254864,-86.67435411516712,37.40966934693151,-86.7174698042237,20,26,1,3,12.35,14.633499999999978
2.77,40.08940608104376,-107.54655734901664,40.07608991036428,-107.57297874313154,3,6,1,4,10.52,8.507400000000004
3.7,39.48726218255508,-120.66126528418194,39.4436909617961,-120.63797274016152,4,7,1,5,10.99,10.18
4.37,40.47355672309473,-81.63835252305788,40.434305636228906,-81.62431893589874,1,3,1,1,10.98,10.5222
6.74,40.35739247865482,-119.35248950724872,40.31872172715448,-119.35983319319962,11,29,1,6,9.82,15.571949999999994
5.83,37.93503159242324,-119.73743930869075,37.899467081641816,-119.76891771560528,5,7,1,5,10.03,13.332199999999995
2.93,40.21112197123871,-91.82032388647036,40.20829967703184,-91.85345410799545,2,14,1,5,11.09,9.173199999999992
6.55,40.88728297380123,-81.88354223641117,40.92024631082005,-81.9060288322367,23,26,1,3,15.4,15.244299999999988
13.84,40.27572280122229,-84.69236001488335,40.26345687448361,-84.64865764690943,10,23,1,0,20.16,28.682900000000018
5.6,37.6953839522328,-113.268321679109,37.742878676444775,-113.25928041774335,1,2,2,3,13.28,13.0178
4.5,37.706282452116334,-108.505858448643,37.7464091316513,-108.54842579693836,5,19,1,3,13.33,11.725700000000007
4.16,38.7656904529239,-98.0106594579692,38.72056553106645,-97.96627268935836,20,15,1,6,13.06,10.883149999999993
11.53,39.0187863381898,-77.3906265686577,39.056834831237545,-77.38344330197747,22,6,1,4,29.92,24.299499999999988
11.61,37.99620597578432,-97.70339602684408,37.98123837751347,-97.69048568604548,17,20,1,4,20.39,24.92380000000001
7.95,40.4051215833208,-100.74388753240942,40.42439807613664,-100.7446019656659,23,22,1,6,16.54,18.32144999999999
2.54,40.31610342126631,-96.04484431641242,40.35064310403568,-96.08364552590452,9,12,1,3,8.62,7.244099999999996
11.85,39.54596515772947,-74.05058735984127,39.51286088274139,-74.0984615359002,22,12,1,3,21.08,26.90805
8.92,40.49173056935263,-89.63189138429323,40.47340075545007,-89.63491033152438,17,13,1,4,22.25,19.68610000000001
6.21,37.27674893661892,-113.73581560077132,37.23709862149177,-113.76386444502468,19,25,1,2,12.5,14.464649999999999
9.5,38.76840720546273,-86.30376489253095,38.77922496813511,-86.3385064079736,21,10,1,1,21.19,21.798849999999987
5.3,39.06164315370205,-82.19872071681787,39.01973808585994,-82.15405315111235,23,2,1,0,13.92,13.017849999999989
8.57,40.955611414313545,-114.01969322584505,40.957666514607375,-114.0597475994459,10,2,2,3,19.73,19.628049999999995
10.55,38.2573046540411,-121.96062570139514,38.221919136573256,-121.99193895736704,21,20,1,4,20.78,21.40579999999999
5.97,37.05860796459282,-98.69255202563532,37.04205482101284,-98.73798718374064,20,22,1,6,10.04,14.109749999999996
4.49,40.60624355585061,-119.41033382387766,40.6459054571107,-119.38544367169254,11,18,1,2,12.18,11.508899999999997
0.59,39.00636979622794,-101.79161782991449,38.98761862781593,-101.80292495074366,1,20,1,4,2.29,4.203450000000001
6.43,37.7136437224969,-84.14899767237083,37.71622408732108,-84.17372225892575,21,17,1,1,14.55,14.68895000000001
3.48,39.70712932633194,-111.7895046408078,39.752467627358726,-111.77449851991804,8,13,1,4,12.68,9.055199999999994
4.36,39.30226143918577,-118.31661035884233,39.30522552994654,-118.3533283840288,5,6,1,4,12.6,11.155600000000014
7.92,39.1552872188576,-97.45040924138686,39.16939472008385,-97.49378344829142,13,27,1,4,22.24,17.59649999999999
6.81,38.508259966587374,-78.75856294318822,38.49803313277083,-78.74386014211258,5,11,1,2,17.5,14.777549999999993
5.63,40.917484138978,-117.29661961870816,40.89256829265539,-117.29252317107536,12,11,1,2,11.23,11.322899999999995
7.41,37.02414453487848,-77.63567051078084,37.0172257329416,-77.62947704970418,9,14,1,5,18.39,16.313650000000006
9.2,37.487616237635415,-115.26308764082688,37.469992826984,-115.29853152991528,5,17,1,1,17.74,19.250850000000003
5.18,37.54135283834472,-96.76047113784338,37.5453195070658,-96.75389625077122,22,3,2,4,9.74,13.37444999999999
5.16,38.76120439534463,-111.483617696456,38.71177099087937,-111.5079406828442,16,4,1,2,15.06,11.407650000000011
3.7,40.756494207665135,-115.54061453715228,40.79936021281864,-115.4984281219947,17,26,1,3,11.57,9.814200000000005
7.26,40.63128204180834,-112.74507914906737,40.60116660702476,-112.73118023892674,15,20,1,4,12.12,16.668499999999998
10.8,37.186033389918165,-109.24767751091522,37.13694449473197,-109.216069109697,6,22,1,6,24.1,22.271300000000018
6.5,40.18836256934059,-88.76470848980262,40.19243122736327,-88.79344025503767,2,13,1,4,14.86,15.05970000000003
9.37,37.01664272633404,-108.31901063815351,37.06331844111066,-108.34892156630698,20,25,1,2,14.35,21.455600000000018
4.46,37.79256972278027,-112.17035941317644,37.767067052075845,-112.15636994533531,11,8,1,6,11.6,11.820999999999996
5.78,39.46898421487963,-110.2109086600346,39.5090927314745,-110.16723963125288,8,9,1,0,15.61,13.530050000000001
6.03,38.65593347722656,-114.2867300891706,38.646816227500686,-114.32429903843516,4,10,1,1,12.18,14.54639999999999
3.76,39.87340583342086,-86.35207749150348,39.84022644486837,-86.40185871557092,8,30,1,0,9.73,10.158550000000002
3.31,40.40077979882582,-91.36351832598726,40.36096413723847,-91.33764338438075,0,2,2,3,7.29,8.825799999999989
7.62,39.00861076255467,-75.38897538000053,39.04142469124292,-75.4112828013619,7,10,1,1,15.36,16.36404999999999
7.48,39.91906401803701,-74.56243309698792,39.92824868449944,-74.5951460161698,10,17,1,1,20.48,16.580499999999983
5.11,39.110846665972645,-114.8960045911698,39.07331571849753,-114.94273765858226,8,1,2,2,12.95,12.221950000000016
7.8,39.262577062163366,-113.53874171345689,39.30245855776723,-113.49579524462445,14,20,1,4,20.8,17.6848
0.13,37.34211288008938,-107.56950672288144,37.3428176532618,-107.5717771427305,12,26,1,3,2.04,3.1967499999999966
6.89,39.994070789202055,-79.9186280125218,39.95770825734056,-79.91684961581467,13,18,1,2,17.11,16.003700000000016
6.82,37.91458595923572,-75.88387891031559,37.93338919061132,-75.90086801323996,22,10,1,1,17.6,15.435999999999996
12.01,38.14767596117464,-82.35726490888936,38.16704083333081,-82.37534505141495,8,17,1,1,18.38,24.141450000000024
4.63,39.75508726548321,-77.81058906644321,39.71469859261809,-77.8276830048709,1,2,2,3,12.57,11.166450000000003
9.68,37.52149883788172,-121.06444893115548,37.48849703627381,-121.08114710810166,11,28,1,5,22.71,21.41179999999999
1.83,37.429868270525205,-106.28549523379314,37.39471094016827,-106.29698589620838,9,16,1,0,9.1,6.31535
7.49,38.19419662502995,-103.20854626711748,38.23307600822543,-103.16941203023974,4,2,1,0,16.75,17.70930000000002
5.57,38.4484058385109,-84.25813509434197,38.45398645225298,-84.24440449437006,20,28,1,5,12.57,14.02115
3.2,38.21295490478038,-86.32999357318016,38.22986339442226,-86.31078842166542,6,18,1,2,5.52,8.596100000000003
9.28,40.55048922186995,-104.96363503359755,40.586352918178925,-104.97295507543312,9,4,1,2,19.91,17.738899999999997
5.57,39.33055343368566,-108.79812490936906,39.33372852324541,-108.78141357212728,0,3,1,1,12.74,13.7271
9.79,40.71546459628611,-106.97282904993176,40.73814611798459,-107.00728096614466,21,15,1,6,24.76,21.040899999999986
5.39,37.54810591165889,-102.74642492612764,37.51120041475404,-102.72941492751144,4,11,1,2,17.55,13.017800000000001
7.53,40.04682694487359,-114.06370450508808,40.01049094909031,-114.03516421525144,17,2,1,0,13.42,16.45285
4.42,38.58740654091296,-88.45269727528337,38.54602423480792,-88.46527766660735,12,2,1,0,9.13,10.492850000000008
7.26,39.89542771032867,-75.5548493568931,39.90497857173228,-75.54237235485087,8,14,1,5,17.6,17.44169999999999
6.16,39.15461593196109,-106.46628958051414,39.19770240401666,-106.42070084852068,9,4,2,5,16.1,14.48735
4.26,39.60158411284555,-77.22054649656587,39.56842458572912,-77.26378188905005,1,3,2,4,15.08,10.63944999999999
6.28,37.61519259877359,-73.15218360569854,37.64416280701588,-73.1510745331866,1,1,2,2,11.16,14.103899999999994
3.82,40.47030309193758,-95.74725359187757,40.43453876931287,-95.75766604504764,6,28,1,5,12.15,10.33155
13.56,38.22171159860262,-106.6604306495996,38.243303843957776,-106.69554977655568,0,21,1,5,20.38,27.399399999999996
6.65,40.09933140613695,-102.63245779934738,40.12301537109273,-102.6446832454883,0,27,1,4,15.1,14.847249999999992
6.98,39.65876532743167,-78.53584871799745,39.644468163229845,-78.49856165867087,14,6,1,4,13.49,16.102349999999984
7.4,40.36250642847091,-77.57989514261226,40.40173380708742,-77.60903986441228,11,14,1,5,14.07,16.726349999999996
2.17,38.59789225265919,-102.9784538895455,38.64568177893459,-102.9538762110834,17,16,1,0,7.66,7.243199999999996
9.07,40.3968076291354,-73.07044246886741,40.39189361875619,-73.07184472551232,11,29,1,6,17.64,19.127749999999992
13.71,38.166632382934985,-77.94034478011852,38.15897192694037,-77.97814202772496,23,3,2,4,21.78,29.225649999999963
2.74,39.17748381282538,-75.60611268335556,39.21497221690524,-75.61854592525464,1,27,1,4,9.43,7.956000000000001
8.89,38.43779867212361,-106.55926219473857,38.43837703359427,-106.54139980494598,4,1,2,2,22.81,20.226249999999993
8.62,38.08824167273414,-95.74249206026542,38.10275864834932,-95.72384593177016,4,1,1,6,21.31,19.79875000000001
5.27,37.40253559107635,-98.41949078992424,37.40558595299773,-98.45064280861308,9,15,1,6,11.23,13.087749999999993
7.26,40.03972770400227,-111.34738544963996,40.04815157907299,-111.31950593188904,19,30,1,0,18.07,17.23205
4.39,38.26419049109847,-79.29954055159041,38.26652759103752,-79.31460521956781,14,8,1,6,9.59,11.44975
8.82,40.29478000763443,-90.1000739607647,40.34229496258866,-90.12521031700098,9,4,2,5,21.78,19.231600000000014
7.65,39.25399569440901,-73.60404987688801,39.26570034699462,-73.55648659356875,12,8,1,6,18.18,17.402150000000017
13.46,37.68543740752568,-99.66215404003997,37.65261046949024,-99.70168281786484,7,12,1,3,29.07,24.972749999999987
7.68,38.65120555692119,-93.74706644391058,38.618077018217136,-93.74510591225564,10,17,1,1,16.14,17.184999999999988
8.19,38.63413958658648,-118.95709787174748,38.65110412274779,-118.94641475091704,9,17,1,1,21.65,17.66059999999999
4.06,40.61984248156889,-120.32932210417728,40.59408582208852,-120.36681323478577,6,22,1,6,8.04,9.624649999999997
6.91,38.05485440771914,-89.35546172024911,38.09935740732359,-89.34475076031313,23,25,1,2,17.57,16.621050000000004
7.05,38.12157658414995,-89.83790455692537,38.11468327559141,-89.80921769260034,19,27,1,4,13.35,15.1025
8.36,38.84041981310117,-111.75974305840448,38.79920923494235,-111.7588758696494,21,28,1,5,20.96,17.28140000000002
7.48,38.782893855752725,-104.04406467809405,38.75918723780159,-104.02129832013864,19,23,1,0,20.66,17.205949999999994
2.01,37.65057870548498,-117.50043316242774,37.60958818333113,-117.51493980739424,9,26,1,3,5.48,6.684399999999995
2.41,38.0418158517254,-114.15496310894392,38.03981531049067,-114.1956987291626,4,29,1,6,6.31,7.270899999999998
7.47,37.91442509964873,-94.40868464488116,37.88870491081422,-94.4358069951755,1,21,1,5,18.53,16.871150000000014
8.5,37.13761697303067,-95.93493175668854,37.16041165055759,-95.94172628383652,20,23,1,0,20.01,18.853249999999996
7.97,40.613595880821975,-120.01437565824249,40.6054307997713,-120.04306975629854,23,4,1,2,22.56,16.949899999999996
2.77,40.29604938489228,-95.53506160318086,40.29789844774125,-95.57744184435388,3,30,1,0,5.94,8.027500000000002
8.15,40.77499495487874,-98.8163474415544,40.76090611838387,-98.79602114395354,14,6,1,4,15.92,18.838649999999998
3.87,40.54048426652648,-97.49917376143978,40.558983909895225,-97.50538497325267,0,25,1,2,6.33,10.513900000000012
7.52,37.40657433953736,-116.82728704756312,37.41284866592102,-116.83084079250403,16,29,1,6,19.58,17.122849999999993
8.05,39.00281008802413,-107.40649430623972,39.049803158304,-107.4500702574672,20,28,1,5,17.52,17.201900000000006
6.63,38.66417021587673,-74.43554220447854,38.6154411773812,-74.46652600208763,12,19,1,3,14.57,15.553800000000013
7.11,39.5886124117597,-114.67039105517608,39.55652416539373,-114.62453621814402,22,2,2,3,13.29,16.082849999999993
5.74,40.64223611489372,-108.19037356659422,40.63535647334877,-108.19238598278366,14,8,1,6,16.72,13.595450000000005
9.44,40.35480285767035,-86.25675712298995,40.38801303143417,-86.24676816041323,20,18,1,2,18.47,21.040900000000015
11.74,40.12423186880828,-116.83355967430474,40.10601139878052,-116.87537389355242,17,25,1,2,25.8,26.406900000000018
3.49,38.93350479262168,-98.8998074379517,38.88444637375327,-98.92077588394176,4,10,1,1,7.18,9.882699999999996
6.3,40.71727629882746,-94.40452640481968,40.71921935975708,-94.39510309683762,18,20,1,4,12.32,13.045100000000014
6.62,38.19431527218806,-73.94178520680182,38.231607268553056,-73.92716644406819,15,26,1,3,14.88,16.028549999999996
9.67,37.688444037400025,-86.43291470372733,37.67713962600428,-86.39054709363339,16,9,1,0,27.17,22.9534
8.8,38.46067289756069,-102.57624284468147,38.46934515757808,-102.54016742813894,23,29,1,6,13.52,19.297100000000015
5.36,40.912092943812034,-118.14102015297502,40.931710585019154,-118.15973762338996,10,25,1,2,11.15,13.308100000000007
6.21,40.0885489036942,-86.83515956470819,40.05550195925891,-86.8526026273986,23,4,1,2,15.07,14.253300000000003
7.28,39.205191492524285,-99.0580745249804,39.19987991900373,-99.01097420494762,7,2,1,0,13.65,17.2556
12.02,38.53161244253719,-102.0476443442655,38.57340759408085,-102.05160143011824,0,1,1,6,27.82,24.176599999999976
7.07,38.71424644114615,-115.61776663289407,38.74634198585365,-115.5895834190105,10,8,1,6,15.57,16.045050000000003
4.28,40.77914804906993,-81.08191822067468,40.81576346607208,-81.12723583411973,22,16,1,0,10.96,10.897400000000006
13.25,40.1382764582768,-97.42924160248202,40.11726710206892,-97.43656515740842,22,20,1,4,20.69,25.934399999999986
7.4,38.88516939851837,-104.4193928592708,38.88302119162232,-104.41000710638409,9,1,1,6,17.41,17.272350000000007
4.69,37.34533105281152,-112.07514399557364,37.35976485536261,-112.06174376603607,23,15,1,6,8.65,11.095499999999998
4.1,37.24717879969483,-91.20905137521736,37.272296947120246,-91.20651533431858,4,14,1,5,13.41,11.281249999999998
8.01,39.1608978545058,-80.01295878172333,39.17324111839877,-80.0486071481874,23,19,1,3,13.6,17.510299999999994
5.36,37.43305829627737,-98.79074262588348,37.40190772520022,-98.75108279581076,7,6,1,4,10.46,13.3323
2.35,37.9937040853571,-107.87903704413888,37.95728572569986,-107.84217302981914,12,6,1,4,8.32,7.845499999999991
12.01,40.52880146637268,-85.67131464825789,40.54245113785263,-85.69024401761499,8,24,1,1,21.79,26.408050000000003
9.08,39.846581019361246,-100.10223827360689,39.83470685388785,-100.13730622797269,9,27,1,4,19.15,20.090650000000018
7.64,37.2942707076851,-119.18233553195468,37.25484991836544,-119.19770521538648,10,3,1,1,18.9,16.73745000000001
5.56,40.88248373105004,-121.91181564245042,40.92010925876639,-121.91358174342524,18,7,1,5,11.11,12.725799999999994
8.15,38.25606335784149,-75.75914523843261,38.2222786385122,-75.76403461392692,13,2,1,0,21.61,16.29549999999999
6.8,40.71209832788104,-99.70586977203392,40.67017648994892,-99.70354472156556,14,11,1,2,15.69,14.71855
9.5,37.13588008168825,-81.41469042619148,37.173545253915975,-81.40353040554285,11,12,1,3,18.88,19.771450000000012
8.52,39.90305017713759,-86.2580092869605,39.95123031161069,-86.30142199023565,20,4,1,2,15.49,17.792549999999995
6.61,38.60236633606265,-93.20425275968068,38.64302051878006,-93.22185177949127,13,2,2,3,10.99,15.372050000000009
2.39,40.45660469920097,-121.00701080004109,40.418130004397625,-121.0465134718238,15,5,1,3,6.12,7.547949999999991
6.8,40.14504183507121,-120.1566812485648,40.13305348175519,-120.14428022836536,14,3,2,4,18.75,15.14365000000002
7.54,40.11286989221046,-96.0598877793598,40.06415555587823,-96.03703951552392,13,4,2,5,14.69,15.987149999999996
4.16,39.3610015136434,-107.76980209941216,39.36592858793506,-107.72129294938776,9,20,1,4,6.88,11.292049999999993
4.76,39.94049341329018,-110.24596549007656,39.97867608157119,-110.27947525032413,13,21,1,5,14.47,11.49079999999999
6.8,39.57835356926334,-120.69579832416991,39.55201934913809,-120.66135636785005,5,11,1,2,16.02,14.636550000000009
7.75,39.284482913962655,-81.5773082190542,39.26779751669011,-81.53003882318322,17,5,1,3,15.29,17.953400000000013
6.32,39.09945784061578,-89.01796318961716,39.088307283306754,-89.05954893876999,17,14,1,5,10.04,13.799950000000003
7.35,40.65576149433623,-80.69839307251006,40.62999810106916,-80.71763123189541,0,7,1,5,11.64,16.653
1.41,39.96717975263252,-82.92062109538703,40.00750142926777,-82.90428035562473,16,9,1,0,7.29,5.471749999999997
4.55,38.35279424723578,-78.91411403309228,38.30823841242293,-78.88304262666998,11,29,1,6,14.08,11.566099999999999
9.5,39.20529499090858,-120.4107284115447,39.17368918435383,-120.43119496494948,22,24,1,1,18.21,19.12619999999999
8.38,40.94195561175085,-100.75751096991657,40.98795330720303,-100.80577084774652,2,23,1,0,21.96,18.276550000000015
3.99,38.94527575159589,-102.21878598280044,38.918768147196495,-102.21715613459074,2,13,1,4,8.93,10.231999999999992
4.6,40.244113292220646,-103.13984619940013,40.19573039003436,-103.15736513858133,7,25,1,2,8.17,11.730699999999995
0.07,38.39128248563964,-97.12477002401802,38.35859319445257,-97.11799734856,17,10,1,1,4.49,2.8304499999999995
8.84,37.015023862677694,-109.5630585625527,37.05435290774914,-109.53979349836864,10,19,1,3,16.6,20.401099999999985
8.67,40.826493662120775,-82.9302825066279,40.79970557284198,-82.90537586400396,0,23,1,0,21.13,19.314650000000015
8.41,37.42707935543613,-101.67363491395872,37.45118364281022,-101.72023916712784,11,3,2,4,25.03,18.83765
3.69,37.66541229003142,-77.61436836868336,37.637551165084815,-77.61711909268124,6,7,1,5,10.43,10.544900000000002
2.1,37.162933511182295,-92.54278420171596,37.178150172467305,-92.56966743625786,10,22,1,6,7.07,6.6931
5.58,40.85934263125169,-100.76402763723546,40.8518189738649,-100.7560322621774,22,18,1,2,8.54,13.025050000000004
7.5,40.12946549513856,-89.9246433574078,40.116354931807685,-89.9331699286151,12,11,1,2,18.11,17.146600000000003
12.87,40.91876045064573,-98.30760804229826,40.88460810349495,-98.34292994758994,22,23,1,0,22.98,26.966949999999994
6.86,38.02159540911019,-120.12017063511536,37.9847944312497,-120.1038427841708,0,17,1,1,13.32,15.487050000000004
1.57,39.61155951160852,-77.25615186297009,39.65234064241296,-77.29688842442944,6,26,1,3,7.74,6.0461
4.39,39.44702391006787,-73.37090457956933,39.41927114868323,-73.34789790642617,5,9,1,0,14.89,11.16659999999999
4.15,40.61817695386075,-106.86367657237945,40.63088699464623,-106.87558512662416,23,4,1,2,10.82,10.995299999999991
6.08,38.77038503226439,-112.46047789415192,38.79714977665913,-112.42396728037032,14,7,1,5,15.08,13.545449999999992
13.69,40.72484266159984,-98.98409728634265,40.676049409909126,-99.00058589853452,14,24,1,1,20.94,28.5988
9.2,38.23466309693365,-91.86523195451636,38.20320382207109,-91.82097501388296,3,2,2,3,16.46,20.292
10.68,39.94073672929745,-94.143095523966,39.97442812465267,-94.14662086012184,15,20,1,4,16.25,21.84189999999998
4.86,39.730903233391466,-107.05606418104875,39.77346937142877,-107.0410598978351,23,8,1,6,11.04,11.83779999999999
8.24,38.487747703760206,-90.53541766413817,38.52121020529688,-90.52023470631016,17,24,1,1,23.36,18.343950000000007
4.91,38.09104504737443,-110.87768241888736,38.107720915302856,-110.87953595130892,7,5,1,3,10.13,11.45759999999999
7.51,39.796880975151296,-91.74990585786306,39.818267701641744,-91.76046560398864,8,30,1,0,14.58,18.715399999999992
6.63,39.68777822128659,-80.2212217800525,39.6787591006201,-80.18831186300125,22,2,1,0,14.87,14.684900000000003
6.97,38.10696352700101,-75.85551851295796,38.07656299372687,-75.88638146748123,3,9,1,0,15.83,16.688699999999997
5.86,39.27664459611827,-82.24549593849167,39.31907542281545,-82.24227958668679,12,1,2,2,14.91,12.501199999999994
2.89,39.97146876893521,-76.6782665733474,39.95440026539124,-76.69272755267518,21,14,1,5,9.62,8.727450000000003
1.67,38.1695809412713,-78.27414813455398,38.17841605065625,-78.31416686409946,7,4,1,2,4.38,5.769549999999998
6.32,38.05298015401758,-108.62657402207736,38.05273481615514,-108.58940526719944,0,24,1,1,15.81,13.787700000000005
9.72,37.62811197652691,-109.33854820135288,37.614880078730295,-109.34780610749884,1,4,1,2,20.11,20.074499999999986
6.66,39.01065279995658,-84.41674485116219,39.02677401894573,-84.46655602576864,17,11,1,2,11.89,15.687750000000017
10.41,37.97777372741946,-95.55478919484986,37.943936735101744,-95.51389789964354,21,27,1,4,18.66,22.045250000000006
9.52,37.20188556067524,-81.45723225169644,37.24665294907352,-81.49327738018886,19,17,1,1,20.33,20.22559999999999
9.75,37.51869552627083,-86.72680242957112,37.56441425625325,-86.70962622821345,10,10,1,1,23.01,22.36374999999996
5.36,38.68732045908333,-84.67962923349843,38.7194068054169,-84.66555566995613,9,24,1,1,15.55,12.627650000000003
1.65,38.51256360318234,-88.92377255261266,38.49731301870814,-88.96098896970975,16,1,2,2,6.8,5.634900000000003
7.21,39.63363953577056,-118.46887782334402,39.64732385103528,-118.41968449787636,13,6,1,4,13.42,14.691099999999983
6.0,39.37619343289997,-108.8929546781178,39.329240618115456,-108.91529990100724,2,3,2,4,9.35,13.63574999999999
5.86,40.18534820123702,-117.18210951305116,40.19502952441938,-117.18180466393778,8,21,1,5,11.23,12.726099999999992
4.7,38.42946796107272,-115.632663090634,38.4249837934856,-115.61284716336094,14,10,1,1,14.27,12.122949999999996
5.43,39.27718661310771,-108.60588523445918,39.25781831118797,-108.60010574481991,23,10,1,1,11.29,12.167849999999998
4.84,38.8714501594562,-110.7918697828268,38.8484645929829,-110.83638471199568,8,19,1,3,15.28,12.460999999999999
8.92,39.65855015338348,-87.40727192295671,39.66578964236575,-87.4122954875493,6,12,1,3,14.42,20.479249999999993
10.79,40.944982948728935,-100.22490893984536,40.91916038044978,-100.25713365473516,21,6,1,4,18.47,23.369700000000016
2.43,37.74633457376127,-87.05084465482324,37.78540650565908,-87.00348991540451,22,1,1,6,8.25,8.018849999999997
13.16,39.009905707023165,-106.63176883929764,39.053144930960926,-106.67857224649894,2,6,1,4,29.67,26.374000000000002
12.39,39.19135908843278,-75.4018817415986,39.23563148042018,-75.35329428681516,10,20,1,4,27.25,24.067600000000013
8.38,38.52985490770314,-79.6500834950144,38.55536617167533,-79.62595190729732,17,25,1,2,14.21,17.937600000000018
13.34,38.47999659614642,-104.6672981641706,38.44069409562596,-104.65697646617085,13,8,1,6,21.55,24.84254999999997
8.57,40.33240830495206,-88.94618392308959,40.362292562263065,-88.98227283308202,12,26,1,3,17.33,19.52990000000001
9.28,37.45510915577237,-83.12223162691387,37.48390128144759,-83.15096696097403,20,1,1,6,18.61,19.937649999999998
3.96,38.1661731268835,-112.9038767687526,38.13080073863635,-112.87491046621602,3,14,1,5,13.37,10.904549999999997
3.75,37.1169185677094,-120.25701251529809,37.092734862081215,-120.23586637024796,18,22,1,6,11.36,10.125050000000005
11.38,39.01316028336734,-80.59468714914236,39.0070415070061,-80.56527631950598,17,24,1,1,21.17,23.364499999999992
7.82,38.7527792421774,-113.04972824791902,38.75029182698188,-113.08204286752498,21,2,2,3,22.0,18.554800000000014
7.1,40.981149881238274,-90.81760036748504,41.014394994026034,-90.81942621207236,21,23,1,0,17.77,13.901950000000008
9.0,40.75360994502987,-112.3695780161309,40.73373938014503,-112.40431469707974,4,1,1,6,22.88,20.29080000000001
7.08,40.65781151662712,-111.07005808636724,40.70734506564994,-111.04288976783394,18,25,1,2,14.22,15.632399999999988
7.78,39.58708468485031,-97.70433604614205,39.57297393662945,-97.66147805599655,5,13,1,4,13.72,17.40514999999999
12.87,37.45292376575957,-85.8871265517502,37.47807837678499,-85.86545282342158,18,25,1,2,18.12,29.184050000000003
12.02,37.66423647116125,-79.30198735879034,37.69991587155772,-79.33377889773708,13,11,1,2,16.86,24.19870000000001
4.7,39.220230569035685,-104.77963916232024,39.241664834028526,-104.7861166593194,3,20,1,4,13.62,11.729349999999988
7.79,40.168348241950085,-112.67723227965575,40.20041472633114,-112.6856878394726,2,27,1,4,22.72,16.384850000000014
7.45,39.397674097542186,-90.89828793841602,39.44238418761496,-90.92873873935498,13,15,1,6,16.95,18.26665000000001
9.85,38.00131249467613,-82.0117016249085,37.98031921553783,-82.01726681764526,20,5,1,3,21.34,20.9424
4.74,39.2570252762501,-114.66932778452195,39.2439390538804,-114.64618057469912,17,2,1,0,8.01,12.398499999999991
8.24,38.62552033136719,-91.56889301327244,38.622575386833184,-91.56434261353434,16,11,1,2,20.33,18.08824999999999
2.59,40.59410153154851,-106.81196688157291,40.58475109564296,-106.82137791659834,22,24,1,1,6.55,7.7742999999999975
7.64,37.56899151947548,-80.02865359104571,37.5792062349668,-80.00035946836728,20,7,1,5,16.81,16.67619999999999
5.49,39.21290394321238,-104.2348181996834,39.26102974898357,-104.2028373807914,20,29,1,6,16.27,13.052999999999981
0.28,39.627641268500966,-79.18278461366472,39.59729647456646,-79.21272224026531,7,4,2,5,1.71,3.4337000000000057
4.81,38.65795940097284,-103.87120990250096,38.63097190856468,-103.90776438743572,0,23,1,0,13.06,12.2278
7.6,39.17148376364393,-121.08181151143177,39.21885171900615,-121.0400367650132,19,13,1,4,16.49,15.900900000000005
9.27,38.52576076725544,-110.0033774511001,38.49645761221726,-110.01567388973756,21,7,1,5,19.31,18.824650000000023
4.51,40.44099693708714,-90.8994153106821,40.47832988752348,-90.9085017732348,1,10,1,1,10.34,11.02190000000001
7.68,39.35324942024258,-109.63524569880424,39.38390572760157,-109.61347366699204,7,12,1,3,12.84,17.651850000000017
14.61,38.5112134333036,-111.3729935786234,38.52767899068817,-111.40013401819292,10,16,1,0,23.01,29.473699999999987
9.06,40.54996969099795,-97.66122776074282,40.50351439658206,-97.66209057748952,9,2,1,0,20.54,18.846799999999995
6.59,38.79630458868293,-109.38125670974289,38.780224008844215,-109.408467902964,18,7,1,5,14.61,15.226299999999991
5.04,37.91260460813768,-77.29599488226162,37.90684525822098,-77.32263143186363,21,4,1,2,10.97,12.351950000000006
6.0,40.78932315773301,-86.63070986958118,40.745567017681616,-86.6054127929893,7,22,1,6,10.34,14.727499999999997
9.11,38.69511669941902,-89.43260875663486,38.6522489559452,-89.46339393827498,22,1,1,6,23.59,21.12675000000002
9.62,39.34850016209137,-111.54318754073388,39.3825485090522,-111.54724631785402,6,25,1,2,22.91,19.514949999999985
6.42,37.81883483884246,-100.94125943222149,37.81926148110247,-100.98669634734205,15,3,1,1,13.09,15.001750000000007
7.37,38.40727931810308,-81.20470056140641,38.41204948610834,-81.18752731388071,19,21,1,5,12.04,15.825550000000012
7.24,37.97462511910958,-106.48675924309558,37.95832404458801,-106.502195738872,14,4,1,2,18.98,16.323099999999997
5.28,38.80810808719576,-81.45881162151551,38.80359587222311,-81.43119487177049,19,12,1,3,8.59,12.705800000000004
6.38,40.4785719582097,-96.07910306158077,40.52646871922136,-96.06665075897584,4,31,1,1,17.7,15.21485000000001
0.57,40.34334065663624,-79.10142626278102,40.31607747267864,-79.13754237381414,7,17,1,1,2.71,3.713899999999999
9.7,40.12139248694782,-85.00445168965719,40.09924040777663,-84.97910414807467,2,21,1,5,18.33,21.850099999999994
3.86,40.27028082115371,-87.2437740502184,40.30707179552504,-87.2534164068891,9,20,1,4,12.08,10.28025000000001
4.16,38.13414654981944,-84.1740624694427,38.12637967346101,-84.13377324566416,2,31,1,1,9.92,10.483500000000008
5.15,40.642589549752,-77.70878692911555,40.64756685951643,-77.69462694414855,20,17,1,1,9.34,12.134250000000007
2.63,39.925315492133606,-111.18379281746068,39.912114010758046,-111.22558359864986,14,17,1,1,7.21,8.338700000000001
4.91,38.78373751489484,-93.95859328325632,38.75723911657283,-93.99724467311246,14,24,1,1,7.29,12.856150000000003
4.89,39.27238256532968,-77.91563937821127,39.255359141961605,-77.88350354735276,13,5,1,3,9.88,11.902599999999996
8.59,38.5964842446906,-99.59331828845812,38.59008962115048,-99.5595792762503,13,31,1,1,22.57,18.61210000000001
8.65,40.79536377241798,-93.68057720419743,40.81561771314412,-93.71532133773708,12,9,1,0,15.26,19.0346
5.19,40.92442360195309,-104.57851246894325,40.91986209875683,-104.61696047535688,20,13,1,4,12.19,12.45035
6.1,39.86127987084535,-100.32127020413476,39.85779750531973,-100.27974230654765,6,25,1,2,13.69,14.041699999999999
8.28,40.60802570207782,-74.29986477358966,40.63618250314859,-74.33636126651237,14,2,2,3,19.11,18.98895000000001
4.11,40.01236986095751,-80.77337227752452,40.025010933346806,-80.81570483388388,8,3,2,4,13.91,10.164700000000005
0.05,40.04029200457349,-109.10308910318804,40.06359420696244,-109.14589294916148,2,3,2,4,2.17,3.357949999999996
3.64,39.434126182055145,-73.76025828511216,39.46979223607028,-73.79983565352909,0,24,1,1,6.7,10.104000000000005
9.73,40.132525822776415,-83.30446883103875,40.13509928688446,-83.2545763584893,10,7,1,5,22.56,22.328699999999998
8.96,38.74252310953826,-111.89284356252423,38.69487279190801,-111.85766110539204,15,1,1,6,14.11,19.903
4.16,39.95129193889213,-81.65772475021211,39.90698927328679,-81.6342473824795,3,24,1,1,9.31,10.592500000000008
13.82,37.77449832936994,-92.69733467007084,37.75381342805125,-92.71809672797252,5,6,1,4,36.08,28.35814999999999
5.02,38.85713946462472,-73.11370732394059,38.87250722308937,-73.12365451030473,7,3,2,4,9.74,12.336200000000005
15.98,37.98510892383777,-83.42000126027506,38.03430951597337,-83.40055545737467,10,3,1,1,38.89,32.36339999999999
7.66,40.25921640670322,-93.08885036071112,40.26366352376508,-93.0810148485542,17,13,1,4,22.33,16.859500000000004
9.68,37.980813348587446,-74.32221051138863,37.97414386302125,-74.28376284795132,11,20,1,4,20.92,21.775800000000007
6.59,39.17982664942131,-104.01606357869096,39.17811371475052,-104.03950297429247,13,23,1,0,18.47,15.435399999999994
6.95,39.497169701340205,-96.54745639918812,39.53084502424623,-96.50913293638985,8,23,1,0,20.88,15.266949999999994
6.4,40.94551607889375,-119.76426245464349,40.98436867509166,-119.74819452272136,9,27,1,4,15.78,15.262300000000005
6.4,38.32885865829265,-85.46925903060239,38.28891725244527,-85.42271715012464,11,17,1,1,17.35,15.47230000000001
3.82,37.94978010072772,-93.91084030967092,37.99953260426731,-93.90255554273436,14,3,2,4,8.09,9.579200000000007
11.28,39.72659128117158,-89.10522559293689,39.74030654056775,-89.14072483833287,14,30,1,0,24.65,23.091699999999992
5.73,40.16211123192497,-87.92764301781396,40.165414898053896,-87.9116911323815,7,4,2,5,12.22,13.788100000000002
8.01,39.68207666262848,-112.04008267944938,39.64683233166159,-112.02482128614146,20,12,1,3,14.34,16.545299999999987
7.99,39.85563326807389,-100.89716274902396,39.83759739577191,-100.85744326162114,19,19,1,3,17.46,17.540699999999998
6.26,37.84722995935623,-87.7320754887296,37.83689300386503,-87.7427915748945,15,5,1,3,13.95,14.714199999999991
7.37,39.63591218761468,-83.76486754998632,39.67167281817442,-83.74658375045456,13,29,1,6,20.49,16.876449999999988
7.8,37.13846966584009,-121.6099014894301,37.11259403487536,-121.58379109324216,11,16,1,0,14.53,17.1149
13.42,37.97582476281143,-95.45927556753966,37.96830776378284,-95.4508779995452,21,10,1,1,31.07,24.667699999999982
4.14,39.18431901803336,-77.81212102442696,39.21088365735661,-77.84671280696779,21,6,1,4,11.49,10.819000000000003
5.27,40.82840572185671,-77.52417447420424,40.78779922553545,-77.53170862977568,17,27,1,4,11.62,13.798899999999989
8.63,39.884039527241214,-112.71689236939214,39.91066332147248,-112.679508114659,20,30,1,0,15.89,20.40065000000001
9.95,38.64961381126784,-104.0670463548063,38.6583329253995,-104.05489358685112,12,20,1,4,23.27,22.838550000000012
9.86,40.12521158488824,-91.08852787097456,40.173966743458216,-91.13566652812774,12,4,2,5,19.97,21.413150000000005
10.38,40.53619688748836,-84.05893521217415,40.58068628981682,-84.09559056895458,15,22,1,6,14.16,21.900799999999993
8.13,38.17770443361093,-73.96211168321045,38.17857602465583,-73.9977100332693,6,28,1,5,12.94,19.286400000000004
4.02,39.48875099491509,-83.25516575362026,39.50101904686352,-83.26358522751875,21,3,2,4,12.69,9.397000000000006
9.54,38.65241616835056,-93.99783240816583,38.6367109675976,-94.00686774616037,0,17,1,1,25.53,21.252900000000015
6.4,37.12364683108671,-115.57937540369484,37.09287423699817,-115.59128427665006,15,15,1,6,17.8,14.328100000000008
7.27,39.8567674600863,-115.76900939395269,39.87042619105072,-115.7479685082815,2,13,1,4,13.08,16.183200000000003
11.08,37.43935093250562,-75.0624051027439,37.40978067351468,-75.10752888867988,4,24,1,1,23.9,24.800000000000015
6.57,38.959977411335856,-107.2746794202554,38.91484328702639,-107.3041004790158,15,19,1,3,16.5,15.113649999999986
5.28,37.19943883726029,-116.62838115702309,37.1715469519899,-116.61146833731912,13,5,1,3,16.86,12.962399999999995
11.17,38.4807117742198,-81.01820917138116,38.50468388490704,-81.03126557423715,16,3,1,1,27.16,25.270200000000003
10.22,40.09044710819941,-92.23876954963096,40.07803152663445,-92.2182277185638,0,4,1,2,23.61,20.275099999999995
9.66,37.9841640736486,-109.6896309344121,38.016256992829895,-109.66282712615954,6,7,1,5,22.48,21.480299999999996
7.66,39.802291610930006,-81.11111981023348,39.84572343721732,-81.07656289859268,11,3,1,1,14.3,17.483149999999995
8.07,40.87087669506639,-80.64192848937552,40.87612698759132,-80.60901757148063,6,10,1,1,20.67,18.349849999999993
6.46,40.594118570681104,-100.4986360717509,40.552889759311086,-100.548059493673,19,8,1,6,13.94,14.662649999999994
7.55,37.74789074835999,-75.25202695643836,37.71576988087209,-75.28906397705822,0,1,2,2,19.69,17.922950000000014
9.69,39.521536712660925,-109.5164243558806,39.569904695418245,-109.50816511997832,5,1,2,2,17.25,20.308400000000006
6.16,38.33248598505638,-111.65880957523844,38.29674833104914,-111.69482986711932,4,11,1,2,12.87,14.751599999999991
5.61,39.29549896368795,-92.43873653718056,39.2516279932236,-92.4726817398408,11,15,1,6,11.6,13.210099999999995
12.1,37.73044329930672,-116.1449475584263,37.718539513582805,-116.1194983308713,23,9,1,0,19.69,24.723699999999994
5.82,39.59995937892417,-119.57849501828832,39.5916619227036,-119.60870755371047,12,18,1,2,14.59,13.320999999999986
3.72,37.67950770757461,-91.69008479333328,37.70378725148192,-91.66388097823476,3,6,1,4,11.95,9.129700000000009
4.29,39.29255172613166,-115.9073834091953,39.31174166080776,-115.8764068609727,22,31,1,1,9.95,11.265099999999995
7.39,40.44259251189109,-110.90315919764365,40.45070130491344,-110.90195715597343,2,5,1,3,18.8,16.919049999999984
6.63,37.60887458912058,-77.93864914897947,37.62638694044852,-77.94282686355815,16,17,1,1,17.15,15.92275
7.64,39.32860768282627,-109.1835066474087,39.31362647720892,-109.22126379327004,18,30,1,0,20.49,17.264800000000008
7.79,37.22202964514975,-87.81826427628084,37.22294597303346,-87.78369089439516,15,17,1,1,19.9,18.20029999999999
3.38,40.16080124285018,-112.87943946232262,40.16385619317362,-112.88557105277624,11,31,1,1,9.1,9.052200000000001
3.51,39.20923372000648,-103.64977383308268,39.19539915812464,-103.65239161218562,6,4,1,2,13.61,9.938299999999995
13.06,38.56802917877997,-100.3180674235921,38.59827747869293,-100.2899091081992,9,11,1,2,20.68,27.779799999999994
5.82,39.664353288946366,-93.52097843320364,39.68499603687183,-93.54905922056044,21,27,1,4,13.55,13.334500000000014
0.13,38.872122840284746,-110.83905789428172,38.91046796295712,-110.85739213679985,8,25,1,2,3.97,3.0257499999999977
5.54,39.01049018550937,-119.35153753525428,38.97777853109562,-119.30523156832189,5,5,1,3,15.02,12.784199999999997
7.59,37.179764269000216,-89.4922695268312,37.13804589908719,-89.48945012619576,15,8,1,6,17.13,17.11305000000001
3.04,39.3601950688112,-114.77157210754902,39.381885945437325,-114.74081382706927,1,22,1,6,8.69,9.300849999999992
5.92,39.73057212062499,-96.15873666165712,39.68059349562108,-96.13163768522878,12,19,1,3,12.39,13.178200000000002
9.14,38.15352984429645,-115.21924498564653,38.19650929772348,-115.20077910617792,6,13,1,4,22.27,19.13115
7.84,38.881618322684105,-75.15850718405073,38.83750953061564,-75.12022261350685,2,4,1,2,17.89,17.794599999999996
5.72,37.04305325563463,-117.32981327501066,37.07385906263505,-117.36254943365564,11,4,2,5,14.31,13.459599999999991
7.8,37.07283063267696,-86.3986725087361,37.0601151591639,-86.35963516437624,20,29,1,6,15.38,18.44515
4.89,40.3506043483376,-101.52583958186952,40.38006324412896,-101.57002730901554,16,24,1,1,9.88,12.803649999999989
4.59,39.02820640254319,-79.46728751982202,39.07495031760863,-79.50197951996644,15,11,1,2,11.3,12.369650000000002
8.16,38.95900837199066,-101.75664292853963,38.98161426609745,-101.79829999387506,3,1,2,2,17.1,17.575100000000006
8.99,37.75951887998643,-73.6659426956282,37.71692961570432,-73.63821107111603,8,16,1,0,26.73,20.343749999999986
8.28,40.07471014934988,-87.94700938288656,40.035201755318624,-87.91173913398681,2,19,1,3,13.39,19.202349999999978
3.37,40.49659878560617,-90.1448324259768,40.469554511554726,-90.1467017959355,12,27,1,4,10.5,8.997749999999998
10.63,40.79423671833808,-117.30499175964944,40.77818099726792,-117.35066021512844,14,19,1,3,26.98,23.319100000000002
12.59,38.11561245515397,-93.0260201811394,38.16538595554765,-93.01516391207406,16,3,1,1,19.5,25.893900000000002
8.86,37.84946619093565,-110.11577673505796,37.83041514934837,-110.11058413821684,2,3,1,1,15.78,19.772750000000006
9.96,37.87101581207413,-116.47679580300203,37.91592752932301,-116.47146266845697,22,2,2,3,29.04,21.245500000000003
9.23,37.03507212557781,-79.09117920789515,37.04578282102106,-79.08705146992168,13,3,2,4,24.21,20.063150000000018
7.5,37.485427884278046,-96.37136488581284,37.47596826856833,-96.3478916093268,13,2,2,3,16.6,16.8075
5.8,40.970246598910734,-98.34272943201636,40.94837168688422,-98.3750634007141,3,16,1,0,11.6,13.484750000000002
8.18,38.34905352888913,-108.87025289156644,38.35941927964889,-108.87096741954252,3,23,1,0,17.86,18.36530000000002
4.3,37.28645316758988,-95.77345557155827,37.32448947675734,-95.75203572460546,17,28,1,5,11.09,10.82420000000001
10.98,37.13287821168749,-75.03384024744355,37.09345931288333,-75.04531061139777,7,1,1,6,23.26,21.878700000000013
7.75,39.15572043860803,-120.20038330781388,39.13688994535896,-120.23769559193636,14,21,1,5,14.9,16.47504999999999
6.97,37.20377094602439,-115.00274156077847,37.17921142908431,-114.98022122305356,5,28,1,5,13.19,16.011699999999998
2.35,40.63874711033751,-110.52789986392504,40.68212237489569,-110.54969574569228,11,20,1,4,7.17,7.447600000000002
10.76,37.86944051719205,-101.17851275699364,37.90875951759107,-101.17648410095606,12,9,1,0,18.61,22.67925000000002
8.52,39.702905078405095,-94.46047731700084,39.666877592411225,-94.41335726230464,9,12,1,3,18.72,18.001999999999995
4.03,39.156125787108735,-88.63528690594718,39.13380501809316,-88.67202877868787,17,21,1,5,10.28,10.002949999999988
10.7,40.70479383963489,-77.8683791898712,40.672715597513424,-77.86067612167389,22,12,1,3,21.06,24.72575
5.38,37.93238192989042,-113.2389689035044,37.97798590127178,-113.26361217032938,2,22,1,6,11.11,12.031649999999992
8.83,40.81974898225656,-110.923636000841,40.82804792166273,-110.88801626941884,14,27,1,4,17.93,20.042149999999996
1.74,38.64281819140977,-82.67735518702196,38.6127216779394,-82.62845238403322,10,20,1,4,6.73,6.393549999999993
0.85,40.34302236741094,-98.99159527074224,40.379448516749655,-99.03429814998488,12,1,1,6,3.47,4.646999999999999
5.85,37.13408783188202,-78.88959178896957,37.16106825628048,-78.91808471877434,12,1,1,6,14.16,13.258050000000017
7.18,40.0621203047148,-78.76100998708782,40.02708129558391,-78.71227992951496,12,31,1,1,18.1,16.51474999999998
9.49,38.31235681056783,-99.61032802076338,38.32155393945427,-99.57383469959024,12,1,2,2,16.19,20.748349999999995
7.06,37.44240482783193,-121.79019768150552,37.40219706447979,-121.7694059304715,17,31,1,1,13.49,17.44835000000001
10.06,40.76888532993221,-110.8065668045762,40.77070587796884,-110.8385237524255,4,21,1,5,19.29,21.866999999999997
10.76,39.73148897788988,-77.84924573938943,39.69882095160953,-77.83985089220756,6,2,1,0,25.71,22.88989999999997
5.86,39.40837387643028,-119.5436937520155,39.36534061573954,-119.55020812480808,19,12,1,3,18.72,12.92994999999999
10.02,37.78186489887472,-91.75363753681415,37.788343821146285,-91.74845138234582,10,31,1,1,17.51,22.88260000000001
0.54,38.23507246475711,-112.95903803318812,38.19619323074632,-112.93324561139872,13,11,1,2,4.58,3.911950000000002
1.84,39.53272567859546,-112.18890065945844,39.57238900721399,-112.16619472107264,17,25,1,2,4.77,6.344699999999993
10.76,38.33894204432501,-109.4795997956085,38.29845693168397,-109.48462144590336,7,17,1,1,21.04,22.278599999999987
8.87,37.897072327450736,-103.34943387752745,37.86977493886127,-103.36211084889416,11,24,1,1,22.39,19.646750000000015
8.59,39.41598214200391,-80.08085855945527,39.393688946881255,-80.09095263910264,0,2,1,0,16.6,19.09099999999999
5.52,38.39527470701867,-115.408912783064,38.34847176364137,-115.39122336576432,4,12,1,3,14.71,12.3014
8.83,39.83029856105487,-100.21538882772572,39.80939869739082,-100.2636281030802,0,11,1,2,20.53,19.773700000000005
4.38,37.44790044554177,-92.58822664666803,37.46648290589621,-92.61037234633754,4,25,1,2,9.72,11.10755000000001
4.54,37.168678106163775,-82.09322148871883,37.18634099147431,-82.08817082508008,17,28,1,5,7.7,10.735950000000008
5.48,39.51172467849447,-85.29512264378377,39.5020405138587,-85.33173269517091,16,2,2,3,12.82,12.998500000000005
10.78,37.87185511757959,-111.31624627744978,37.90327126307609,-111.2776566402828,8,2,2,3,28.26,21.47740000000001
7.87,37.59000082614861,-88.44677054757018,37.56682845511735,-88.43033492803796,12,28,1,5,17.31,17.29795
2.22,39.99027732230241,-97.89766741205756,40.0139816764999,-97.90623940935812,22,1,2,2,7.92,6.782650000000002
0.99,39.9153297842604,-76.36406269260173,39.88491820885718,-76.33214562688785,5,16,1,0,3.7,4.594549999999996
6.97,37.97673776664936,-94.32131442544254,37.94441753922218,-94.28545257926638,3,5,1,3,17.57,16.619599999999995
6.51,37.63367999563129,-80.09906297002111,37.66314563342406,-80.06187702477636,15,15,1,6,12.88,14.933550000000002
9.82,38.148319941462645,-89.64728312390022,38.12308179722226,-89.6081953169169,5,3,1,1,17.63,21.86139999999999
8.65,40.52033247988707,-118.33215881827444,40.52505963832374,-118.35510340812144,12,16,1,0,17.59,19.599750000000014
8.06,38.57906805489114,-90.87447375448144,38.56982482644063,-90.85552638873432,23,30,1,0,17.16,17.884450000000022
5.99,38.91299743602448,-83.08378819493055,38.91845037558112,-83.11025379857334,16,24,1,1,17.84,14.235300000000004
13.4,38.925223602105326,-116.46424655219955,38.96090430792732,-116.48900803259669,5,27,1,4,26.92,25.93759999999998
5.86,38.93075685495511,-113.64586312075824,38.95398232598172,-113.66894004685167,6,17,1,1,14.53,14.114849999999992
9.85,40.71069372703006,-107.20349158412552,40.68883038671908,-107.17986999918264,23,2,2,3,19.72,20.256099999999982
11.06,37.32343103942274,-113.06401753225686,37.355986604961416,-113.07323544591996,10,4,1,2,22.56,23.476
8.92,39.42357820222314,-77.6098699344806,39.44274983410704,-77.60062778976948,10,9,1,0,15.17,18.814249999999998
11.67,38.86990191931006,-99.16478135459516,38.867878873679615,-99.1402027573143,1,29,1,6,21.72,22.756199999999986
13.57,38.14643628439077,-88.48597260501614,38.11868116840833,-88.46483939990004,2,6,1,4,35.58,29.18294999999999
7.99,39.40463288670581,-105.69868752343255,39.43661280406036,-105.7332694536438,22,23,1,0,15.77,17.579200000000004
13.18,39.26800072403591,-114.99463607549691,39.22782180303629,-114.96725353036712,13,2,1,0,30.33,27.152449999999998
8.65,40.08710117528937,-114.8683057172304,40.08314990852867,-114.87648755915302,20,4,1,2,15.1,18.421849999999992
4.83,37.778091531780014,-87.02433703644473,37.79307627802172,-86.99352737088276,0,2,1,0,11.08,11.382999999999997
3.86,37.02616906487935,-90.6375142507263,37.00333394303515,-90.63097871563804,6,2,2,3,7.48,9.977649999999993
0.28,38.97764224982468,-85.45407529983686,39.013663347883146,-85.491777589082,21,30,1,0,2.06,2.5435000000000003
7.26,37.980391767611465,-111.34041698852056,37.94603384932863,-111.36453279521211,12,12,1,3,18.02,16.795550000000002
5.0,40.323323531981465,-119.0355059322298,40.31093694385994,-118.98958790805598,18,1,1,6,11.35,11.988749999999998
6.47,38.64921282760959,-115.99889922784176,38.69019525878963,-116.00962366244006,21,17,1,1,17.66,14.345150000000007
5.73,40.94053564600643,-78.71808899522918,40.98211345450916,-78.73562038360431,23,26,1,3,10.56,13.238199999999996
9.16,39.95577196819426,-91.83150072905622,40.0035896223822,-91.79823400860286,8,31,1,1,20.63,19.724849999999996
10.57,40.61695106816424,-106.8704190329468,40.64670610456821,-106.85373602643742,15,26,1,3,17.89,22.343399999999995
3.14,38.71849253446892,-74.01886789365804,38.72630529366004,-73.97780931661862,15,18,1,2,6.87,9.276349999999997
6.6,40.33084033661742,-108.13735219477184,40.30189016733012,-108.11757846371596,19,23,1,0,15.09,13.924849999999985
5.72,38.95405213092523,-75.7669893155477,38.9464475449933,-75.74900509816688,18,30,1,0,13.12,13.105350000000005
9.76,40.90887013401103,-82.02456538476855,40.91302163244458,-81.99267979485965,10,14,1,5,13.63,21.611300000000032
6.45,38.99507591948928,-84.94015691073054,38.97917396959617,-84.9495575927994,0,9,1,0,12.36,15.564499999999999
10.56,40.46408532711263,-91.64208458182954,40.50249287348822,-91.62054942496177,7,6,1,4,18.25,22.160950000000003
9.94,39.292778404746144,-92.6409178585238,39.28454706142597,-92.65600330767252,17,1,1,6,26.68,21.24785
7.31,40.05498458821874,-104.66024554706068,40.04865244256696,-104.67498167140984,5,14,1,5,19.2,14.982749999999996
7.42,37.324688410341615,-77.83948657528376,37.31993900191088,-77.86479858302712,7,4,1,2,11.82,16.9686
7.79,38.22105863466157,-92.6188314438812,38.25033086190484,-92.60453885695586,3,8,1,6,19.34,17.756399999999992
8.86,38.00076116230066,-77.80520166429022,37.963399824952646,-77.78434085585239,20,25,1,2,24.44,19.596149999999994
10.43,38.76007122099751,-100.42958425010764,38.710864391798985,-100.44736567926375,21,25,1,2,26.53,21.8765
6.02,37.95444140860027,-91.2180770317543,37.9651692951192,-91.22763539879418,5,1,1,6,10.46,14.312650000000003
6.64,38.397797655873774,-77.84579868247093,38.3588941958476,-77.88973314005891,7,25,1,2,15.01,14.857650000000001
9.55,39.80268476025803,-94.54930313299128,39.80376137624282,-94.59746259318776,13,21,1,5,24.33,19.368050000000014
10.61,38.09674104854204,-75.7874895065284,38.129871150742616,-75.78827196886706,19,29,1,6,26.27,21.421550000000007
4.26,39.05875894538647,-90.80910971562714,39.01833076373629,-90.78324550445876,20,1,2,2,10.21,11.263900000000005
10.67,40.36204768493488,-120.75925455993249,40.39031133019393,-120.7215052068454,22,17,1,1,18.25,23.487550000000013
2.18,37.62405170222144,-110.40474019294614,37.60565490794488,-110.36915538094638,16,15,1,6,6.04,7.178950000000003
13.94,38.1823573719492,-84.4023601932636,38.155462416256135,-84.37728900645179,22,3,1,1,24.19,30.540949999999988
7.01,38.92481179740655,-105.19053292117226,38.907118033937465,-105.14128668151966,4,14,1,5,16.13,16.304099999999995
3.32,38.01854889117831,-107.24533601504808,38.02909501453697,-107.25726142709073,21,11,1,2,8.27,8.896949999999995
6.89,38.59625449951606,-99.08110324159374,38.60428271809883,-99.04354042124426,15,23,1,0,19.17,16.336900000000007
9.13,39.40024292154433,-79.73352705898995,39.3528738815922,-79.74074833479594,9,7,1,5,21.18,19.35814999999998
6.03,39.54078028337846,-121.26884559758652,39.50660082410479,-121.23774983401138,22,27,1,4,14.64,14.187550000000018
6.0,38.09786703414718,-105.16853738837976,38.07417639635527,-105.15394989278047,19,22,1,6,11.91,13.923249999999996
4.01,38.3667457063544,-86.41988807719582,38.405983209339205,-86.39756586475127,8,30,1,0,13.05,10.01949999999999
1.47,39.94434983318752,-79.10110049368043,39.95473044097911,-79.06902407141088,17,2,2,3,5.17,5.468000000000002
10.25,40.45157871232414,-88.31467385474502,40.48162101488441,-88.28179003187412,0,9,1,0,16.49,20.758450000000018
3.34,39.77340031313948,-73.09865248479464,39.75619364216279,-73.05031408939173,11,13,1,4,8.53,9.028450000000007
7.57,39.20651107862657,-74.06060837974829,39.23713891506336,-74.06325765824808,11,2,1,0,20.71,17.167900000000007
9.42,39.09470685423405,-91.28211110096396,39.05357824227475,-91.28747340543444,21,1,2,2,20.68,20.315049999999996
7.63,38.66301567301057,-107.24074423184676,38.63569016364479,-107.26373287501812,13,4,1,2,13.02,16.6297
7.28,38.61476336185686,-115.84977979143645,38.585247664318175,-115.87880488336502,1,5,1,3,14.99,17.15950000000001
2.09,37.754581556342295,-73.90459461796948,37.77821648671462,-73.9417703699916,5,1,2,2,5.15,7.361000000000002
11.68,37.286610122122966,-118.81577811055752,37.26656458543533,-118.76955027433144,7,3,2,4,20.06,23.475099999999998
8.09,37.22051727051828,-97.4940262750556,37.219030228204026,-97.5416021222562,22,12,1,3,12.74,17.15475
7.33,40.48789105654706,-115.32888677098784,40.4729000231558,-115.34334261141014,0,10,1,1,17.69,17.61314999999999
6.79,39.153172145833246,-74.2269604326514,39.16879259788547,-74.21767855257329,12,7,1,5,16.15,16.054049999999997
6.34,37.86870626933992,-107.50827931460718,37.86232587197349,-107.4671333032583,17,27,1,4,16.34,14.132849999999994
9.6,40.30272137422345,-110.82279394094763,40.32005568773208,-110.85863083008051,17,2,2,3,15.2,20.206450000000007
0.8,37.54488010696907,-115.18582376870428,37.57051580146405,-115.15780342381233,6,31,1,1,5.09,5.341600000000001
10.32,39.47632430659093,-83.86108790126517,39.47667756021917,-83.89536967350735,2,3,1,1,26.95,21.609749999999984
6.11,39.243136836791294,-101.86632797361509,39.29005311254544,-101.90347585920549,4,23,1,0,12.96,14.424450000000006
7.98,39.68996811798401,-111.94488802444016,39.73721011678403,-111.9479395939002,20,8,1,6,20.4,16.17599999999999
2.4,38.44662031429147,-117.45869386297014,38.46867650523438,-117.46987608042896,9,8,1,6,6.18,7.598449999999994
6.35,40.26004821728943,-92.7875096973804,40.238687258170586,-92.77659199870848,6,30,1,0,14.93,16.030850000000008
6.64,38.64736474873363,-84.15608326595327,38.68353506526868,-84.12764096169491,15,2,1,0,10.96,15.3443
9.68,40.82734023518138,-77.59689105273696,40.87665048260937,-77.6315212079839,7,15,1,6,24.68,20.576349999999994
3.13,38.76320603031089,-90.25557863735018,38.79290474602272,-90.2995899918774,22,23,1,0,7.88,8.549849999999994
6.38,40.01065665900032,-101.52775513921942,40.04998467983855,-101.52395521129138,4,10,1,1,15.25,13.85409999999999
11.46,40.572343054448936,-91.55650038564846,40.5954355489824,-91.57104446687812,23,8,1,6,19.55,23.086849999999984
5.65,39.87451177359621,-111.76613790188354,39.855969388604,-111.80742643444508,4,31,1,1,12.33,13.649149999999999
10.15,40.60440490945534,-76.51715878409013,40.55781821419495,-76.51783210530824,10,22,1,6,27.27,21.850600000000004
4.69,38.22510041008956,-111.77985231555569,38.19490748034418,-111.75654326085748,23,5,1,3,8.23,10.7236
9.22,37.3347401526252,-85.15763299778544,37.31995595607085,-85.1276083818072,3,4,2,5,16.56,19.787249999999997
7.95,38.058374910034665,-118.7179303490487,38.03999682133573,-118.68631279698565,11,21,1,5,11.98,18.076649999999997
3.7,39.28965501930323,-117.88878302015134,39.27702387612105,-117.89716218260142,13,24,1,1,11.81,10.152199999999988
8.11,40.94997687299632,-98.80065399027168,40.90642166869252,-98.75411730693529,11,31,1,1,19.46,18.543349999999986
5.28,39.45863340311323,-80.13506833512545,39.46000169219629,-80.15811548718605,12,20,1,4,12.3,12.375049999999995
8.67,37.87905149327904,-81.55411673475476,37.87987556445655,-81.5521284001512,11,24,1,1,23.25,18.160750000000018
4.95,38.025211962898666,-102.7269178170288,38.02719830412782,-102.75578106168838,7,6,1,4,11.39,10.866649999999998
10.6,38.29980633242472,-113.78337838994617,38.34343325632222,-113.79623760473214,20,1,1,6,19.58,21.51439999999999
11.55,38.024039044166514,-91.78552464305876,38.06479402017653,-91.81466011485152,2,3,1,1,21.43,26.288399999999992
10.85,39.845222180948745,-81.19819245738202,39.83655579200586,-81.16820551194124,17,4,1,2,24.98,23.87245
10.44,37.9717400519202,-114.0092507592389,38.01183225163465,-113.969343550517,13,1,1,6,28.41,21.67480000000001
2.1,38.98910651201891,-90.58692590233662,38.96156894224956,-90.5825233897814,13,13,1,4,5.93,6.929199999999995
5.47,40.47213718247892,-109.7048095986842,40.47632564080048,-109.69032838964964,19,13,1,4,12.23,12.729099999999987
10.79,40.30407354155674,-111.12242137064575,40.2835985847748,-111.14456230456013,19,5,1,3,16.78,23.133450000000018
11.61,37.02001932530632,-82.52019941187051,37.01518786891696,-82.53601567525888,3,25,1,2,24.25,25.292550000000006
3.66,38.377683698459975,-78.96239164845329,38.33227750929782,-79.00879564880059,20,29,1,6,12.04,8.799100000000006
2.84,39.696561934839245,-93.3522676146642,39.65808799901466,-93.39448933705133,4,2,1,0,6.46,8.915449999999998
2.24,40.4589611167509,-114.2334412884116,40.45560098016833,-114.25694014002964,11,18,1,2,5.68,6.8161999999999985
3.98,38.7954663314479,-115.9670783637344,38.77264142364943,-115.9532148790111,19,16,1,0,13.48,9.8889
8.74,40.54997513657474,-79.91628439994736,40.54017965212543,-79.87851199441366,15,10,1,1,19.45,19.9677
3.68,40.8683612143848,-102.3960620973245,40.906934597786965,-102.40308464106177,15,16,1,0,11.15,10.4767
4.25,38.03167988126126,-117.55661311321316,38.01966771244077,-117.56114718292896,22,21,1,5,14.03,11.768500000000007
12.0,37.04624333354998,-106.63599337724006,37.05494456650379,-106.63378533487126,2,9,1,0,23.27,24.01645
4.35,40.12406382102308,-121.26764340774965,40.11741763310579,-121.22501993196802,9,12,1,3,8.7,10.972399999999993
7.81,38.37457054119938,-90.95617409127992,38.401763934293086,-90.98594100314978,7,3,2,4,20.81,17.495749999999965
4.45,40.890747145972384,-107.08691712382335,40.917991587923744,-107.1290465173015,7,13,1,4,11.56,11.415649999999998
8.76,37.38328328188409,-121.23840448029556,37.35716393620581,-121.27591754435916,7,14,1,5,16.5,20.331500000000016
5.91,40.48226250780027,-93.43640819684968,40.51606579238396,-93.45755631729892,8,30,1,0,10.79,13.728199999999992
6.62,38.29705282374265,-82.76313662936573,38.31828170410428,-82.78825938612877,14,30,1,0,17.59,14.516500000000002
6.69,40.53724436887272,-120.04733980057615,40.56038490761279,-120.05512289924025,3,7,1,5,16.39,15.134150000000004
6.29,37.84643138706653,-86.4959526497108,37.79828817724402,-86.50263144366917,2,19,1,3,19.99,14.950050000000003
8.05,38.32321826060446,-84.83411922239054,38.35446493586746,-84.78454623279303,9,20,1,4,16.07,17.751849999999994
10.74,39.62753072855302,-103.17847453194832,39.627313409498136,-103.21275801880472,16,21,1,5,24.9,22.779500000000013
5.81,38.92487786511513,-82.57319081690585,38.92920322106145,-82.52871323769926,20,5,1,3,13.27,13.764149999999983
5.59,37.69511803986428,-86.56980368743196,37.67838524302134,-86.56003623882269,4,7,1,5,13.7,13.98319999999998
5.51,38.06430701942965,-99.89873376449418,38.02741834571142,-99.85427184514444,5,26,1,3,12.55,13.647000000000006
0.56,38.37670222163311,-77.57522525975236,38.39019777948523,-77.59114357552836,5,17,1,1,5.8,4.106349999999999
8.2,40.12027924409244,-113.78750888787371,40.167215315188365,-113.74308132739696,21,10,1,1,12.97,18.984099999999994
4.47,39.72474023509663,-110.52473232313848,39.77258837744018,-110.51527907684284,9,13,1,4,14.38,11.631949999999987
7.11,37.99900153603416,-101.73392052893342,38.0283916527812,-101.77379581484472,3,10,1,1,11.46,15.202800000000007
2.79,37.33906722563212,-76.05735665285354,37.3268281518102,-76.05486316737432,1,19,1,3,8.36,8.2919
7.49,40.146218379994,-88.02935495009952,40.12150569805301,-87.994878582293,18,21,1,5,16.75,16.808500000000002
10.33,38.53034958165341,-113.86821569782248,38.501848141344354,-113.9157271968307,20,14,1,5,24.2,22.802300000000013
1.68,39.1273950477966,-85.06195350625032,39.10635707162695,-85.06340314324517,6,4,2,5,8.84,5.807149999999999
10.19,38.673771696898285,-85.43350638545283,38.70825618852374,-85.4802089634223,12,4,1,2,17.37,21.579
3.87,37.032506979169,-84.15507828405164,37.06705295659369,-84.14926720039439,13,17,1,1,14.61,10.207399999999991
6.89,39.495233569270525,-105.49091464883664,39.4833915277626,-105.49019988991132,9,4,1,2,17.47,14.701549999999983
7.0,37.33173258956561,-110.6762504048964,37.377600546829896,-110.71627216713996,2,14,1,5,21.06,16.261899999999997
3.92,39.35319757493959,-96.6177551702936,39.37716658254183,-96.6293262085984,20,20,1,4,10.22,10.184750000000003
10.49,37.85525633119234,-100.0391940360504,37.84823462452592,-100.0703357573329,3,18,1,2,21.03,22.479599999999984
8.53,40.228168910643134,-116.57854351485862,40.2088759814394,-116.58178400283742,5,31,1,1,21.22,17.70359999999999
5.71,39.64259121969464,-110.32462653945858,39.62591711189402,-110.35913986633524,16,13,1,4,10.17,12.729599999999989
9.37,37.457143269459785,-103.8437015659101,37.42966923922653,-103.8657096595376,6,27,1,4,20.07,21.09865
7.0,39.22126039271061,-100.09373919549748,39.22546781881905,-100.04717160426874,10,16,1,0,19.08,16.3288
3.12,38.01816305123044,-111.62081436693585,38.01678432927439,-111.5738357009109,6,14,1,5,10.66,8.936299999999989
7.63,40.62403298678446,-78.65069720498802,40.61094995688604,-78.69034563725674,13,6,1,4,19.47,17.090999999999998
7.1,37.43070031430067,-104.3944819112539,37.41855968442514,-104.38790777953214,5,18,1,2,17.24,15.699500000000002
4.85,38.52044137544702,-82.24609586227507,38.56458975278508,-82.19745884667509,19,7,1,5,15.96,11.932799999999991
6.27,40.20251080060377,-120.4820709649738,40.18882708845849,-120.50878845657935,0,31,1,1,12.87,16.006700000000002
3.2,39.98160603359514,-86.49536236641701,39.97902970274882,-86.52578866208759,13,9,1,0,7.94,9.414449999999997
8.13,40.21473207745966,-91.16977277683932,40.168938022070606,-91.12438680225546,22,1,2,2,15.53,17.706349999999983
7.83,37.47141422472286,-73.30592104352125,37.49534825917525,-73.26139956859434,7,3,1,1,20.96,17.30164999999999
9.31,39.33449987256164,-104.03092296738168,39.33593424694582,-104.02196923342846,5,10,1,1,21.19,18.35110000000001
8.63,40.709804525948286,-104.65409357679258,40.70525898203854,-104.65421264542584,4,7,1,5,23.2,20.01330000000002
5.46,37.05542503202587,-118.06125425387292,37.090951091837255,-118.08970271716495,14,7,1,5,12.83,13.1396
5.84,38.708469450814505,-98.51976044055314,38.68579385486776,-98.49386538769518,0,20,1,4,16.64,13.432899999999993
5.52,38.726012225084624,-100.92496834930476,38.74697328622122,-100.96895128282866,16,20,1,4,13.24,13.733699999999997
7.62,38.48334398767679,-106.51911199858826,38.442649634104086,-106.54416927627584,15,4,2,5,18.81,17.65509999999999
6.33,39.69427446072783,-97.66480157533152,39.69683464632541,-97.64576780035549,10,1,2,2,14.74,13.980399999999996
1.82,40.83202727411712,-111.46761107605568,40.80378260979236,-111.5071031736094,3,2,1,0,5.23,6.274849999999998
9.33,39.27183622684205,-93.50058739123622,39.2326409243267,-93.4700411314453,9,8,1,6,17.37,20.170149999999985
7.43,38.43759746264536,-111.9171362397866,38.45292933461896,-111.91372639749216,6,18,1,2,16.6,16.286000000000005
9.06,38.04322034689895,-105.85720264227788,38.01644320648786,-105.88345454902556,22,27,1,4,14.31,18.656450000000014
6.86,39.42342538962912,-73.62085683186203,39.43906511254848,-73.61868704037438,23,3,1,1,16.59,15.412849999999992
8.39,38.01717232257776,-111.27284150711044,38.04128957003331,-111.31533269082868,19,16,1,0,15.9,17.573800000000006
0.06,38.86478777473845,-99.2628357348266,38.90087458590003,-99.22298674393618,20,2,1,0,2.76,2.8067
7.36,37.71163035862468,-79.75173410395792,37.67187679481691,-79.70764736370063,9,6,1,4,21.04,16.038199999999996
1.91,40.82248818961028,-117.98908592825696,40.77995517127147,-118.01718418892249,4,4,1,2,5.41,6.598799999999998
4.97,40.06162014553593,-95.13714826058964,40.0174725634996,-95.15090736785253,2,9,1,0,9.8,11.96085
7.91,38.15033052622012,-90.87528839315786,38.15118501440639,-90.91996171446904,3,3,2,4,13.17,17.01264999999999
7.77,37.27978541626359,-85.78198061608691,37.27386419530433,-85.78238367858326,8,28,1,5,13.44,17.759649999999997
2.38,39.00753065519575,-100.11294433151306,39.04416188695024,-100.10691793169062,16,3,1,1,5.61,7.730250000000001
5.12,38.66579433708742,-108.505195463003,38.68087168697616,-108.54820047700429,7,31,1,1,10.51,12.135349999999995
9.15,37.02314425848443,-118.3827267913526,37.03914035056702,-118.40595826762927,1,16,1,0,24.83,21.053999999999988
8.98,39.42993142180802,-116.0302881469324,39.441356496090464,-116.06126401294117,2,18,1,2,17.13,20.045649999999995
6.59,39.11085331159756,-76.04321193461087,39.13599841892388,-76.06939559003642,19,30,1,0,19.49,16.080499999999997
6.34,37.14101130870179,-87.88565519330933,37.15619237378451,-87.89196435582731,7,2,2,3,13.2,15.860450000000005
6.08,40.48922583006634,-121.69098880844,40.53504315157813,-121.71660777787557,11,19,1,3,14.46,14.370899999999997
6.9,40.57909262436645,-118.63364996121705,40.603570979644566,-118.63569161211566,5,8,1,6,10.77,16.667000000000026
1.36,40.6874630287252,-117.4186035984135,40.65902060526542,-117.42664040908396,16,20,1,4,7.91,5.769550000000001
3.41,39.564271219338536,-97.86097057166928,39.54200451716073,-97.8530412735635,12,29,1,6,5.75,9.338000000000005
10.1,38.51260731781796,-111.07991610828174,38.49796250484741,-111.11095772310163,6,2,2,3,26.51,22.464099999999995
8.4,39.52551675431763,-111.04540273856604,39.49463402452678,-111.07269476062363,19,3,1,1,20.33,17.165250000000004
4.57,38.87512969847999,-76.51509228725781,38.877090856842,-76.4964701671417,8,3,1,1,12.11,12.312550000000005
12.47,37.54741848324406,-86.2886096956379,37.56667096944065,-86.27196080484654,23,17,1,1,28.12,27.17325
1.43,38.75540734550348,-121.04039062583266,38.73664177646772,-121.08597986653308,8,8,1,6,4.91,5.4626
9.99,38.86031056303011,-106.4045300475536,38.85307467298247,-106.39884029492848,5,1,2,2,22.02,22.662699999999987
5.55,37.85164448230777,-95.37647077195834,37.89447268927484,-95.39216317995889,5,24,1,1,17.72,14.035800000000009
10.0,37.103682202174845,-119.3005258561828,37.08196412234837,-119.33498996723029,11,17,1,1,15.86,21.4494
7.16,38.32740222958905,-91.87551694957908,38.35632059151806,-91.86494015990588,3,6,1,4,17.22,15.806849999999995
4.74,40.39642342274421,-77.55515905438614,40.4207069610578,-77.52877759892318,3,16,1,0,13.51,12.013750000000002
4.69,37.19822832876517,-85.29305845405749,37.2318023509048,-85.31012492498681,18,19,1,3,14.01,11.866399999999993
6.53,38.296055647592105,-121.67264302739684,38.30938456154447,-121.64864922072992,6,6,1,4,16.5,13.847000000000003
3.69,37.983495428353706,-86.99392927142802,37.99393900128181,-86.95696474604688,0,20,1,4,8.19,10.351800000000004
2.06,39.655148922829255,-120.17708282356676,39.62790161496721,-120.17740792585148,7,2,2,3,9.08,6.447399999999992
2.52,40.834937742448766,-93.601453494959,40.8819894760235,-93.57891775688506,19,27,1,4,9.33,7.312899999999996
10.37,39.6943815170431,-90.10248552332064,39.68563352388939,-90.14752275626216,10,28,1,5,30.1,21.4806
7.38,40.56445154202391,-87.28642206879519,40.59341139521976,-87.32452872781161,0,26,1,3,16.65,15.655500000000002
5.48,38.47869595737335,-81.3352490903782,38.449795924163446,-81.31605778863488,2,4,2,5,15.16,12.911749999999998
7.05,37.12651850143895,-75.22714519716615,37.14766898457807,-75.26687381751378,12,29,1,6,20.17,15.588300000000004
3.71,40.20591577649785,-90.96034930700122,40.170798241584464,-90.97213984306318,21,29,1,6,12.99,10.396900000000015
4.5,38.03756201752007,-82.99765563304184,38.03857303774509,-82.96700100712384,8,4,1,2,7.15,11.537349999999998
2.21,39.29460762928328,-111.41083442958642,39.30730479266872,-111.4153716488248,4,1,2,2,6.47,7.66745
6.28,39.02904494864251,-97.61434736685942,39.06702426405538,-97.58893336198562,20,5,1,3,13.47,14.49725
4.16,37.88051670744122,-90.50586049063708,37.91110505457061,-90.51931034622449,12,25,1,2,9.08,10.48735
4.54,40.38170326135105,-107.0158484351958,40.37997927518137,-106.99836178076411,1,6,1,4,12.25,11.152549999999994
8.19,40.65003902433627,-103.59613604650576,40.60530520377692,-103.64215806203391,14,16,1,0,19.48,17.537199999999988
4.28,39.93612590818587,-111.83394754279834,39.94107909122316,-111.83474672782918,7,1,1,6,11.56,11.082749999999981
3.68,40.51403876396827,-78.52667570654367,40.54801547378487,-78.49349276552263,17,8,1,6,8.14,10.172949999999998
6.37,39.32730020965293,-100.10639858239918,39.312500595803016,-100.08503602669504,20,12,1,3,14.51,14.192399999999997
2.17,39.39537847869453,-93.69573254080792,39.40200413139022,-93.70382281207095,8,29,1,6,6.47,6.7466000000000035
7.46,39.6224979597523,-102.37266476297653,39.64149273020072,-102.34201788282304,17,26,1,3,16.35,16.177400000000006
5.28,38.87866403915957,-88.24674407632092,38.91583173970736,-88.2102175600387,15,4,2,5,16.03,13.000500000000006
9.42,39.27470110470715,-97.96902283551546,39.25686901732655,-97.92323780519266,7,1,2,2,15.89,18.846199999999996
8.42,37.86187237891939,-93.46695833086346,37.90236685034518,-93.50502282732502,20,26,1,3,12.48,18.509999999999994
5.6,39.42765800827392,-113.486078712889,39.38961792525871,-113.4465951709261,7,7,1,5,12.21,13.578499999999998
7.35,39.838398066016026,-94.0016127542905,39.83543367322879,-94.05066499484434,15,1,1,6,18.64,16.334649999999993
4.94,40.68701453310485,-83.06231745280175,40.64103272754362,-83.08505527857568,9,2,1,0,10.72,11.811800000000007
9.97,37.62305715436932,-77.81567756525672,37.57639999900137,-77.82404512137919,19,17,1,1,23.48,20.469600000000003
8.03,38.568800779526285,-114.11614241020452,38.5917236679269,-114.0966876913216,12,30,1,0,19.69,17.481250000000017
5.25,37.038508557334,-95.51666559302711,37.072034409218375,-95.4975425856748,10,10,1,1,10.62,13.459750000000001
11.94,40.24416505233763,-98.6986641070188,40.20172569988993,-98.7252615494819,17,1,2,2,30.82,26.926700000000004
10.98,37.5241614408657,-85.01579619344598,37.53686587909865,-85.04207492392699,12,2,2,3,23.64,23.084349999999993
3.23,39.51556785117678,-102.8729503839374,39.54545333404161,-102.84895848580707,19,12,1,3,11.53,9.08925
4.42,37.0623174302852,-87.67564727443352,37.066841797103486,-87.72014605484469,0,24,1,1,11.63,11.35669999999999
7.68,38.54660251436104,-97.9742528445116,38.538218690366165,-97.99886057571388,23,3,2,4,22.39,17.15965
5.72,39.88592266201056,-99.78220479312168,39.90086310610998,-99.79807596805688,3,21,1,5,12.57,14.324700000000007
7.38,37.31166265007377,-120.41634164075012,37.306857812146966,-120.36736191149228,7,6,1,4,11.01,17.087350000000004
3.94,40.215067032940304,-115.51964464261972,40.261065353572405,-115.50048448987678,7,23,1,0,10.51,10.244649999999993
9.65,37.24951289294964,-93.9809659101486,37.24550231256971,-93.94177675243547,14,2,1,0,19.29,21.42145
7.33,39.73545942288464,-89.4789071819768,39.69844678846145,-89.49603678921731,15,16,1,0,15.77,15.69954999999999
6.11,40.057000853489065,-99.73039802641291,40.06444507171327,-99.76001992269885,7,14,1,5,13.09,13.769099999999995
3.8,40.60338384321356,-119.37492494673114,40.57692717510093,-119.41530187309864,8,3,2,4,13.44,9.445699999999999
4.01,39.955199557596046,-113.86967055728483,39.91273622311823,-113.91285444869966,8,4,1,2,8.83,10.464450000000001
6.87,38.47746378640962,-121.689536812038,38.46790885248707,-121.71263030579306,6,31,1,1,13.05,15.37085
8.24,39.82055562162313,-82.14094613153651,39.86802050251153,-82.12333382194595,11,3,1,1,18.54,19.60949999999997
11.04,37.11795636182496,-102.74254288492348,37.11443444154197,-102.75276243506012,9,3,2,4,28.59,22.03445000000001
3.6,38.916158245953376,-88.56410513504167,38.935443149780106,-88.603063906455,4,12,1,3,9.76,9.875700000000005
10.78,40.18106966552929,-112.42771371499022,40.20371988072291,-112.43827787512004,3,14,1,5,27.6,24.369799999999994
9.8,40.1247779239551,-85.50099302216717,40.16062312355905,-85.4720432274367,17,25,1,2,20.09,22.583000000000006
6.85,39.13103000493278,-121.25242040426244,39.09257234828803,-121.21145900177116,22,18,1,2,12.94,14.71545
9.75,39.61299601421023,-76.84454693658319,39.64241186902272,-76.88302722398517,9,1,2,2,14.42,22.104850000000006
5.0,40.66054624926462,-110.50983321302428,40.65574260363422,-110.55234749724885,22,3,1,1,9.68,12.565450000000004
8.89,38.85508612916864,-108.17564484981384,38.8145925385725,-108.15822430781476,9,6,1,4,15.93,19.120000000000008
10.0,40.2952224732585,-74.33009206770237,40.25855230664194,-74.33445746234976,14,10,1,1,23.26,22.301450000000024
5.75,40.66236395576157,-101.91737355013588,40.642100830020176,-101.96253062237068,15,28,1,5,15.04,13.095850000000006
2.68,40.86078457395558,-97.97060903915676,40.84166851133422,-97.93575830245342,21,15,1,6,8.99,7.875850000000001
4.42,37.71659253888312,-96.8833470568212,37.757987781950256,-96.85091200966772,10,28,1,5,7.46,11.21994999999999
5.07,39.816754159097655,-97.69481041656036,39.82705014019896,-97.71410517803275,11,2,1,0,9.49,12.98005000000002
9.16,39.2046062096373,-82.75323172725919,39.15924294439549,-82.70377358170066,15,25,1,2,23.46,19.353950000000008
4.52,38.4644203851574,-107.6035801418006,38.43815191336122,-107.6261919527755,21,20,1,4,14.26,10.84445
4.71,38.81425843102449,-91.8964399767154,38.80682220068078,-91.87224474292914,9,10,1,1,10.09,11.573450000000005
7.86,39.7740332557154,-100.50100156557092,39.74966386576689,-100.5088231826726,20,18,1,2,12.96,17.767099999999992
7.88,40.76446277879368,-95.69758210269332,40.79029461544234,-95.71355866280672,10,23,1,0,11.0,17.429200000000005
6.74,39.18345168427605,-116.61409750624988,39.14093474652292,-116.6215677737541,14,30,1,0,18.76,15.305399999999988
3.97,40.77076106004184,-115.75279395651378,40.79927294086427,-115.76715031276169,15,22,1,6,10.8,9.9531
2.74,37.650762623948566,-110.80694468336247,37.60489087964112,-110.83812524358412,0,31,1,1,9.58,7.542050000000002
9.79,38.86836226703983,-95.96366412435373,38.84244065991395,-95.99330237935594,9,9,1,0,22.09,22.317150000000005
9.35,39.155009525758025,-84.34149633264909,39.193684152192695,-84.31063294360082,4,25,1,2,18.5,20.101500000000016
7.66,40.1013627290748,-98.69261080584928,40.129728475682455,-98.68030979448557,13,9,1,0,22.84,17.64150000000001
7.6,38.592922729250944,-112.7461779294374,38.60774979255243,-112.77946614171287,11,4,1,2,22.01,17.26585
2.58,39.074288376455605,-117.44515881785092,39.1054116677211,-117.451933036027,19,12,1,3,8.38,7.681550000000004
9.21,39.26727080621634,-92.9318460904415,39.24854533828492,-92.88445492937068,1,22,1,6,24.28,20.01195
13.54,37.98882071771108,-96.54434781681906,37.99499320378459,-96.50805273044392,3,11,1,2,34.2,29.55779999999998
4.3,39.17164988195712,-114.0929333480862,39.13633155647603,-114.11716284787676,6,2,2,3,12.29,11.151999999999997
9.71,40.79649598767158,-94.25866899244971,40.80132962559497,-94.24846104971483,18,2,1,0,28.2,22.547800000000002
4.85,39.391606237713006,-96.54678012755744,39.383107533080896,-96.54022674091256,5,23,1,0,8.77,11.919650000000006
0.2,38.040228819085726,-87.21846337799872,38.0690776705673,-87.2673347460308,18,1,1,6,2.91,2.9732499999999993
9.04,38.661568252387184,-81.6489301233413,38.62023644493159,-81.67869684594723,13,19,1,3,19.15,18.50080000000001
10.65,40.28491743174787,-105.08706950338052,40.29080773762997,-105.07321556537109,18,30,1,0,19.25,22.121550000000003
0.51,39.08476867657694,-99.77180733359116,39.05375674893524,-99.79960770883342,0,31,1,1,5.26,3.840100000000003
4.49,37.80137759041624,-105.0831942751222,37.82650663007493,-105.1052778336731,10,19,1,3,12.91,11.316299999999998
10.15,38.5266854382405,-107.76071508569191,38.48865830969956,-107.7731405788703,22,27,1,4,23.54,22.17104999999999
9.69,37.48690231633626,-118.00370461077377,37.53541109327131,-117.9978772402002,22,27,1,4,20.92,18.97724999999998
2.5,39.17824950178528,-108.59797287032664,39.17845505549186,-108.62214134244488,14,1,1,6,7.56,7.715999999999999
6.35,38.69996009233394,-97.81248126013448,38.70083528833157,-97.76843185741384,4,1,1,6,12.1,13.947799999999997
7.08,39.95647463749937,-88.16422484482548,39.93568921105759,-88.14573267060001,13,14,1,5,11.08,16.97874999999999
10.72,39.82405384088487,-98.7146050364567,39.8141290134347,-98.7428640101972,8,3,1,1,17.84,23.01290000000001
8.19,40.71262546286041,-118.90920922421694,40.74047898480135,-118.91965354796072,1,1,1,6,23.71,20.349550000000008
9.13,37.30903011869501,-119.90360952126144,37.26167484688587,-119.9105319547932,10,1,1,6,22.2,20.72775
5.05,39.94238107527536,-104.79500676207942,39.94868661579838,-104.83889077324768,19,20,1,4,14.37,12.311500000000006
9.38,39.952136988172725,-83.43030668348784,39.968935929971416,-83.43984254831854,10,19,1,3,26.41,18.311350000000008
7.57,38.220225656947214,-91.81775452336416,38.21167318637517,-91.836244914481,12,25,1,2,14.83,16.46854999999999
11.52,40.80217318266916,-79.29421275287267,40.8056421571119,-79.34057440656753,20,1,2,2,27.57,24.62945000000001
6.13,40.028715323486246,-86.72950599016997,39.98093251035066,-86.70432989067854,1,26,1,3,15.82,14.351100000000004
4.63,37.23168992827394,-84.84625145147984,37.2766459836233,-84.80862090642128,6,3,1,1,12.48,11.45405000000001
9.06,40.99373871656822,-86.33639052915223,41.0187288780117,-86.2989362338228,4,4,1,2,21.71,20.54820000000002
0.7,39.393635664958055,-96.62418254919662,39.3723543228106,-96.64551162896116,19,13,1,4,3.49,5.1553999999999975
9.25,40.999079098952535,-112.65369088421971,40.9712054350249,-112.68588049715356,3,12,1,3,22.13,20.556049999999985
3.61,40.73711459044886,-120.37756802180822,40.71108547527522,-120.35289692439922,3,7,1,5,8.01,10.133299999999998
5.02,40.40099088088166,-112.82993044344173,40.40521146182865,-112.79313120018344,10,8,1,6,10.72,12.605850000000009
11.25,40.30977826362376,-89.77603664816587,40.35001972264183,-89.75975865091642,7,27,1,4,24.35,24.411049999999985
8.47,38.19927427694555,-76.54992294202872,38.24072953330263,-76.53979769314738,13,12,1,3,15.43,18.947400000000005
8.27,38.91750864206172,-113.8254266073474,38.89904717274501,-113.81243849705552,4,3,2,4,19.45,18.091199999999997
6.58,39.14206711952132,-106.55103307540976,39.183543835262384,-106.5623248204132,9,22,1,6,16.6,15.300400000000002
4.15,39.360594545240495,-99.42576696370126,39.33591581789516,-99.3864606234116,4,20,1,4,10.71,11.398649999999996
8.03,37.63547721644754,-96.36219095368716,37.62516251130434,-96.39635686036064,0,31,1,1,11.97,18.37940000000003
5.78,37.89118032241953,-116.60517318378422,37.90587596856155,-116.55798023510232,11,2,1,0,9.52,12.16205
4.81,37.2473827476852,-91.50200464289952,37.28445009545516,-91.52054702242076,1,18,1,2,9.44,11.539750000000003
10.75,37.79015987988256,-100.97939393073707,37.83117579580402,-100.968340055018,5,11,1,2,26.13,21.11325000000001
9.65,37.827899053350826,-84.4470546441817,37.85984978559326,-84.40203109088786,12,11,1,2,20.52,21.066400000000016
1.95,40.06496213236864,-82.44087327227192,40.10747146190281,-82.43622281862572,2,15,1,6,7.72,6.51085
5.59,37.5312801547668,-114.7293899483851,37.5685099079984,-114.75504744846286,4,29,1,6,16.19,13.152199999999993
3.64,39.05403878401858,-119.4117447877039,39.04645823532036,-119.38926065685352,20,24,1,1,9.33,10.062099999999996
8.89,38.067404363289896,-111.84266025307582,38.04410264144386,-111.84120420837344,19,8,1,6,14.77,18.67705000000001
9.32,37.51714168077453,-110.69334639758031,37.53503668252642,-110.71676256810214,8,23,1,0,23.64,21.394399999999983
6.55,38.61216962991929,-95.32581319281572,38.619233267955615,-95.3191395959303,2,30,1,0,18.84,15.372150000000001
12.06,39.81160861125479,-77.74880841424854,39.81726524303247,-77.72016057698653,13,3,1,1,24.66,25.31974999999998
5.62,37.63357574013093,-83.93782084380251,37.59828974842809,-83.98085297730697,14,1,1,6,9.81,13.65434999999998
6.83,39.698502845295465,-102.42282078079748,39.65444555015836,-102.42936854630834,19,5,1,3,15.13,14.55014999999999
8.55,39.64838025550907,-107.489392206622,39.62616445551642,-107.49862223134716,6,6,1,4,20.83,19.239649999999987
10.06,37.185556598851925,-99.1630452878158,37.14565809330367,-99.14808022240926,0,28,1,5,26.67,22.429699999999983
9.89,40.5041348113698,-87.61627292788106,40.551911020818274,-87.66596683520275,21,18,1,2,18.51,20.623149999999978
5.63,39.45663688081308,-102.67316352598073,39.42112662409503,-102.70109407326596,8,25,1,2,16.56,13.209199999999996
11.59,40.83859567819546,-86.40046929458303,40.82035668141615,-86.43674004943972,23,5,1,3,24.37,23.604799999999997
7.84,39.42106930429516,-73.86256840147085,39.45906241393786,-73.84487196642645,8,10,1,1,12.71,18.178099999999997
7.32,39.32380265820171,-76.40385963261824,39.28809743894,-76.39467771643443,6,3,1,1,22.11,17.425250000000005
4.13,39.92168474395598,-119.77163435508338,39.97130948502016,-119.74602580344828,21,3,1,1,15.14,10.188499999999992
6.54,39.61286213975168,-99.11401224373726,39.661632075633925,-99.10729878577888,14,11,1,2,18.91,15.456000000000003
8.78,38.205040225790725,-79.90010499409888,38.1695916282261,-79.93610573631324,14,6,1,4,20.84,19.471500000000006
7.5,37.20763405378895,-83.85848526703425,37.17475427725504,-83.89790625495975,2,1,1,6,21.21,17.070750000000007
9.7,37.766248217787165,-93.18637015823523,37.75297094921413,-93.18958048702632,9,26,1,3,20.31,21.06735
6.7,37.77864842136506,-111.56522637725884,37.78085420743818,-111.52766556328372,15,22,1,6,13.38,16.485
7.53,40.8429684719236,-83.08467323485041,40.82437461518856,-83.12827048834117,0,30,1,0,16.71,17.402749999999983
2.77,38.20442169462279,-78.32264633415625,38.18807497249615,-78.30920479443719,9,7,1,5,9.07,9.042499999999999
7.88,37.76115793526815,-96.6211983412754,37.78450557135227,-96.6356276878542,18,30,1,0,20.13,17.10534999999999
9.67,40.72542669630156,-81.04144186877399,40.697219587212494,-81.02867114243895,7,14,1,5,16.99,20.645449999999993
0.85,38.50611964248633,-113.97651282116476,38.50434068755674,-113.97707380498814,10,22,1,6,5.64,4.329299999999995
1.66,38.13694504811015,-81.33345468273578,38.16861479662656,-81.30895810910357,0,16,1,0,5.25,6.337849999999996
10.12,39.16255782633914,-120.36403926131486,39.1561600902979,-120.33052351339904,18,30,1,0,20.96,21.08815000000001
7.17,38.51277526078396,-75.27378709831545,38.535432325938544,-75.25136098999042,5,14,1,5,21.56,16.01619999999999
12.62,38.43037186292603,-74.31787530640679,38.44977269706188,-74.3524044709581,2,27,1,4,32.28,25.289099999999983
7.07,37.597452699433575,-80.95913236788977,37.59476728938023,-80.99866598640197,18,7,1,5,18.05,15.952250000000001
7.47,40.68818707902864,-89.26801620114011,40.70246687916759,-89.23668784537819,15,3,1,1,14.44,16.943949999999994
8.56,37.60598417994814,-86.23762134973472,37.65394172117849,-86.23092940747775,17,30,1,0,24.74,19.074000000000016
10.26,40.5461202948177,-106.61979415125856,40.582417436878686,-106.66627516724886,6,20,1,4,29.08,21.732099999999996
10.78,37.43904578593321,-89.44488206663908,37.40223178328406,-89.45196651499714,18,22,1,6,18.32,22.33834999999999
9.78,37.70006679765204,-101.69354891168008,37.71176887033071,-101.65929491123842,4,16,1,0,26.57,21.978850000000016
11.48,37.05916312902486,-113.64511180549864,37.08776846709697,-113.62336511285824,20,1,1,6,24.14,24.73465000000001
16.4,40.94821662803609,-106.36372898548989,40.960922891992624,-106.32936418779424,8,9,1,0,26.86,33.75480000000005
4.79,39.79520107052059,-112.25131617058436,39.84277127854563,-112.2941981288066,0,3,1,1,12.18,12.25734999999999
6.45,39.55256222914006,-120.20337245893124,39.564940526346405,-120.24738645462872,5,22,1,6,19.03,14.053249999999997
6.73,40.14428013818482,-80.0480740271052,40.178657085058745,-80.07781818468182,2,27,1,4,10.8,16.00799999999999
4.58,38.643041847855336,-101.51058569266016,38.6440954475343,-101.52129960642785,21,8,1,6,10.93,11.28485
9.49,38.68372106818889,-120.60317500771444,38.64084185815161,-120.60399534461492,8,12,1,3,14.49,21.19729999999999
12.49,39.630144106701685,-115.81947160434916,39.58898531953648,-115.85998460815232,14,3,1,1,20.52,25.881349999999998
1.19,37.078328888494745,-116.62589815905494,37.09931123329182,-116.59331053384952,1,2,1,0,7.25,5.404149999999994
3.98,37.59984349181727,-87.1747472219723,37.62099987640551,-87.21567399041544,4,1,2,2,10.18,10.459550000000009
3.4,37.096477732639904,-89.56699698083156,37.131541180033885,-89.58124322630033,1,14,1,5,10.15,9.95865
7.37,39.50257653217536,-79.40637319196043,39.52626256922469,-79.37027930537903,1,24,1,1,15.08,14.409850000000004
4.52,40.69129625073258,-108.22359942961536,40.64234552503071,-108.18451075839032,7,3,2,4,13.17,11.743849999999993
5.86,37.06179535405717,-104.6418116985176,37.039328904122776,-104.64798740585928,0,31,1,1,11.97,13.690599999999995
5.45,39.01282544985828,-116.83401766219986,38.96628172798124,-116.85001288663544,4,15,1,6,8.87,13.600149999999996
5.17,40.28516833704536,-118.118849948375,40.32685584973206,-118.09379313442784,10,24,1,1,12.37,12.208050000000013
3.57,39.379218192176246,-75.54477736277927,39.37699579756989,-75.54577289469232,4,2,1,0,10.33,9.475650000000007
7.27,40.59718682210953,-92.54488914296203,40.55909264101082,-92.53147521938855,12,29,1,6,11.4,15.10424999999999
6.91,40.17476548048322,-121.4078540107855,40.2197943004225,-121.36051717799155,0,17,1,1,14.02,16.278050000000007
6.25,38.5561204376165,-103.94163297206882,38.551312595848216,-103.89792203993284,9,13,1,4,13.11,14.682849999999995
4.7,38.28806071701312,-115.36004033160314,38.24250195568669,-115.32013872120376,21,26,1,3,8.86,12.094700000000003
1.61,38.504210580116045,-82.81864972465098,38.466530980176366,-82.85987772753595,17,14,1,5,5.15,6.208099999999997
5.18,40.39351930612953,-121.23091621305409,40.37349390340808,-121.20997519441214,21,17,1,1,8.19,12.641150000000012
4.1,37.8832848848174,-81.77636273350815,37.91109486025447,-81.73412336911618,5,28,1,5,14.43,10.895400000000006
8.47,37.516322851183375,-112.92365696780872,37.5321363340273,-112.9417275645386,15,8,1,6,20.52,17.46265000000001
7.24,38.38132081778461,-80.17495894279347,38.36439469076806,-80.13841874160752,23,22,1,6,14.49,15.839499999999996
4.92,40.38700915719886,-83.60955107193844,40.37001127083148,-83.6321350982063,4,5,1,3,14.4,11.462099999999996
11.0,39.11258203179067,-117.32694544251954,39.095650196394736,-117.31369072654842,18,9,1,0,31.16,22.674849999999978
3.66,39.20742023917434,-116.80621756132092,39.25123143360455,-116.7637692110464,17,7,1,5,8.56,9.544749999999992
6.44,39.5081223333594,-121.42418084001744,39.47830889482439,-121.39091226703464,13,15,1,6,11.95,14.114700000000003
1.98,37.97016403426496,-92.17370033529892,37.98484987133725,-92.20271456168425,19,6,1,4,5.4,7.2686500000000045
13.11,39.17690658124025,-108.29721876840088,39.14596499520611,-108.32550801900244,13,24,1,1,34.44,26.839249999999982
11.43,38.52686868212688,-113.37667467228589,38.491247580097685,-113.41263441899729,22,29,1,6,28.32,23.739549999999966
0.59,37.90102328609098,-110.34470519789234,37.94281203715322,-110.3588325640012,22,26,1,3,4.28,3.815849999999998
2.49,40.12959663029436,-115.76358837484878,40.13362113976286,-115.76387036876508,7,8,1,6,7.8,6.9854999999999965
11.97,38.19904971316045,-95.53865482415516,38.189927098648965,-95.58496136754424,13,2,2,3,18.88,25.412850000000027
6.27,37.98811408869784,-100.4736652162611,38.00037488288969,-100.51452062052718,22,3,1,1,18.83,14.151649999999997
14.36,37.006130384846045,-93.2276754972488,37.03974375622765,-93.22853877846389,21,30,1,0,28.97,33.6584
1.96,37.83943231597398,-117.53446911133916,37.88413571945454,-117.51522322114914,14,14,1,5,7.08,6.916899999999998
4.54,38.73071834608266,-84.2614737773848,38.68953439016799,-84.25631943949898,14,2,2,3,9.79,11.001100000000001
9.13,38.176466477601984,-76.51236932005601,38.1621949123695,-76.50686144518924,13,13,1,4,16.47,19.12879999999999
8.8,38.374307161281536,-95.00288270005092,38.38558826549183,-94.99182282316968,9,27,1,4,24.06,18.406499999999994
11.4,39.80038177393469,-108.08728542963529,39.83156703316167,-108.13040799112296,4,8,1,6,24.88,23.482949999999988
4.68,39.995747500380645,-116.01272256195207,39.96058929682769,-115.98379252737222,8,28,1,5,8.94,11.362299999999994
4.77,37.82581133113918,-110.28939632147184,37.85102350135332,-110.318012206952,21,11,1,2,14.56,10.892949999999999
13.12,40.71068333068103,-112.46057073894764,40.71411072901843,-112.47334801099882,17,30,1,0,27.86,27.005349999999954
13.61,40.83413751414469,-91.97886782944056,40.79886918748863,-91.9870839203847,14,15,1,6,35.23,26.14764999999997
2.86,40.86815014416701,-111.43164293647816,40.87141976368555,-111.4054178032003,18,20,1,4,5.12,8.440199999999994
3.58,40.24295329334444,-79.13815360448652,40.19538970466581,-79.12943590411234,6,3,1,1,8.2,9.694099999999997
6.9,40.1741802545014,-96.54984396151949,40.16356463891597,-96.54270760556516,16,20,1,4,19.89,15.466199999999992
3.99,38.71339400886597,-86.75532544152215,38.66647360372303,-86.7887932599394,8,7,1,5,11.86,10.874150000000007
5.62,40.84732040448391,-102.80888472314513,40.83321196857622,-102.82663735953103,0,13,1,4,15.15,12.516550000000004
0.75,40.45978178266239,-113.02496320585465,40.44241629960783,-113.06427389365876,23,25,1,2,5.41,4.808899999999997
8.84,39.9719893531085,-114.39003003977028,39.93587019042928,-114.3899864097885,18,17,1,1,21.3,21.135100000000012
2.23,40.40563589071069,-111.9962911631618,40.4285743723248,-111.9943620410476,6,24,1,1,8.16,7.233000000000001
4.45,40.39977810992458,-92.42941863859738,40.44689541669427,-92.39582894015128,18,12,1,3,14.12,12.894800000000005
12.67,37.83069138273724,-117.98553353997376,37.80719608755863,-117.97869871381704,8,3,2,4,28.47,27.913799999999995
5.88,38.11160936278839,-97.81962991462932,38.0627643378376,-97.7960047283436,16,22,1,6,16.94,13.885300000000003
6.38,39.04763471319457,-98.06169609702631,38.99778962231775,-98.03301323814014,3,1,2,2,17.3,14.471200000000024
4.28,39.09423742828324,-91.1933900455714,39.073483292912535,-91.1722974641023,8,25,1,2,13.96,11.053649999999996
7.17,38.348087608678654,-104.82452554890035,38.30100692383369,-104.80302285307774,20,16,1,0,17.23,15.425949999999995
10.89,40.300571549965525,-88.20736910600903,40.25851121484679,-88.22562160286768,12,4,2,5,25.05,21.1004
8.1,39.83831328564374,-87.05892745978954,39.85885437438362,-87.04777258076169,22,31,1,1,21.28,18.219499999999993
5.15,37.08743918496613,-95.34891603989765,37.10349388420404,-95.38623172358564,21,16,1,0,12.3,12.460550000000003
9.13,40.09256169471579,-85.76286990308688,40.06657934411911,-85.76238007615581,20,29,1,6,19.75,19.486300000000014
7.67,37.91913234629692,-74.62046427070712,37.87547918212332,-74.60679630243698,11,8,1,6,16.21,17.012400000000003
14.33,38.26319681710478,-84.38420114059349,38.23708811297938,-84.38093135761432,18,28,1,5,31.64,30.376599999999982
4.7,39.8031640985654,-90.28978725363038,39.81612210887455,-90.3303142666885,14,25,1,2,10.43,11.332549999999994
8.63,38.21071991416928,-85.10416525932227,38.16283529948763,-85.06842932406045,1,6,1,4,14.11,20.12605
8.82,40.78636158617482,-105.4761935832592,40.8106061074166,-105.45454878549516,4,6,1,4,20.43,18.599599999999995
7.82,37.95753406629012,-73.76817045101046,37.92149471889391,-73.75622686487272,21,24,1,1,20.68,17.498700000000014
7.54,39.726168564024384,-99.64867345836782,39.72420440818208,-99.62870683135746,11,1,1,6,23.81,17.27349999999999
13.68,39.88219871675038,-116.36224797446548,39.84391933849712,-116.31631395281896,4,24,1,1,26.93,29.979049999999994
7.8,37.815225023755616,-117.60623107758904,37.7893140926708,-117.56913330461522,17,3,2,4,18.5,17.026900000000012
3.89,38.31333394728043,-111.2646698497396,38.30597009779702,-111.2826537938808,12,1,1,6,10.0,10.631450000000012
2.7,40.98595576711913,-87.50918128600964,40.99410838729395,-87.46462145677783,8,9,1,0,9.59,7.725000000000003
2.47,38.74512332701254,-83.50160765758223,38.70699017075047,-83.4579816688446,11,6,1,4,9.24,7.700250000000002
8.2,37.68880708136039,-120.33642119669288,37.71872547439428,-120.31557146430195,13,27,1,4,20.39,18.41834999999999
5.17,38.73463335284612,-109.0382035300272,38.73499906957329,-109.07021014098564,16,19,1,3,9.86,12.088899999999992
13.83,38.62868238313472,-112.46175886743868,38.670332045588665,-112.48248585939746,7,19,1,3,25.79,27.60485000000001
3.12,38.93007691498583,-78.17431322636557,38.90150472086573,-78.15715643768493,7,27,1,4,11.01,9.746899999999984
10.68,39.80455094678333,-92.3896485507188,39.78142345202312,-92.368644210444,21,27,1,4,20.14,22.721149999999966
4.38,37.94575766023623,-95.45854827613589,37.98637148555699,-95.4633355975626,11,17,1,1,9.29,11.2323
4.9,40.41355430823102,-81.40953540538499,40.454517265229946,-81.39591661924314,9,14,1,5,11.82,12.399949999999984
5.75,37.73384470788875,-99.8555307505815,37.68960224583183,-99.87995490287452,7,31,1,1,13.54,13.315999999999995
6.64,40.08142047487121,-90.15123916579329,40.050372265416456,-90.1329290681286,11,18,1,2,12.2,14.691850000000002
10.82,37.41524361511693,-111.5567160782785,37.3968584864261,-111.600754787179,21,2,2,3,24.61,22.367100000000004
9.35,40.58685510531557,-110.51046021231085,40.587589985301975,-110.46055241473604,3,5,1,3,23.0,20.731449999999978
3.35,39.08119178222903,-93.48731232480225,39.04235848592244,-93.46601245458744,9,30,1,0,7.93,9.141749999999996
6.37,38.3771938184529,-111.66264419555236,38.362474722682194,-111.69208492913468,21,2,2,3,10.77,14.246849999999995
6.13,38.214249899291815,-120.79132694339172,38.26282228544159,-120.82299377057296,2,5,1,3,15.62,14.567950000000003
3.14,40.94686750021458,-73.52827019597486,40.912308667288926,-73.49317013396211,13,5,1,3,9.91,9.015649999999999
3.9,39.50439329580201,-113.2751837039333,39.4795373408617,-113.26568222614677,10,3,2,4,8.16,10.368400000000007
12.36,40.598427526758016,-119.66471615936462,40.614654192266336,-119.66122005473038,23,1,2,2,34.6,26.001749999999987
6.42,37.75528186453704,-117.02021601191224,37.74661295856314,-117.03960730643452,0,31,1,1,13.36,15.31715
7.99,37.82226662223455,-115.3571147384402,37.83855613205355,-115.3730738608202,8,25,1,2,12.39,17.35004999999998
8.94,37.67008778646932,-83.99303101363466,37.63325259020263,-83.97163679996683,2,12,1,3,26.32,19.154600000000013
5.91,39.79738825308225,-116.45251295843924,39.76043891133034,-116.4778958906637,0,11,1,2,18.61,13.748249999999999
6.48,37.9521798200408,-121.57764885605408,37.91107631379412,-121.62634542794169,1,7,1,5,17.19,14.49955
11.34,40.591989729871045,-99.55693907110584,40.54990107636672,-99.52824652104172,22,23,1,0,26.94,22.05034999999997
8.25,38.88859563579536,-73.49953422460878,38.84353727725792,-73.487216759702,0,3,1,1,11.39,18.665700000000033
9.65,39.55851343672968,-84.37210813543837,39.59610283968702,-84.33512981106627,19,20,1,4,24.41,20.762450000000005
4.8,38.65404118974294,-109.98542258564672,38.6173709675636,-110.02452326699822,15,11,1,2,10.36,12.045399999999988
7.5,38.41819476294891,-111.03256565872154,38.42291695642852,-111.024189878696,6,4,1,2,19.73,17.573500000000006
8.46,38.52044759209721,-113.57802894595784,38.47974698564382,-113.59418609282012,12,4,2,5,19.05,17.363799999999998
2.77,38.42081178992258,-99.19064641882554,38.441895208833465,-99.1454754230514,23,16,1,0,8.13,7.918200000000004
4.68,38.75149134907453,-107.6742837369534,38.80131938682088,-107.6261776057515,11,9,1,0,12.39,11.634149999999991
4.55,37.41089883138544,-93.41181897935616,37.4518116981484,-93.43466519816256,0,18,1,2,10.55,11.907499999999997
8.76,38.70869892398775,-113.41498805678071,38.6773356998026,-113.38133920474436,1,4,2,5,15.07,18.84949999999998
7.14,37.590772025579945,-93.7419266557865,37.609033908449184,-93.79021792759924,3,13,1,4,13.21,15.418849999999996
7.37,38.94514592842775,-113.7481429385868,38.95429131906427,-113.7775402254049,5,30,1,0,19.33,16.392200000000006
7.64,39.48221440967738,-105.40978160473264,39.47648683701379,-105.43400039733892,19,13,1,4,19.65,17.90665
1.16,38.811227391731805,-77.01836800523107,38.85683357743899,-76.97870940979226,8,24,1,1,5.14,4.840350000000003
10.66,39.325953508288606,-89.07123945545024,39.2910172153813,-89.02221957861228,15,12,1,3,21.7,21.864150000000006
11.3,37.05069184526075,-109.75831592667453,37.02557082848651,-109.80411094983926,10,27,1,4,22.0,24.993149999999996
6.61,40.60312837214019,-111.86789362152076,40.62853439762188,-111.85584178073088,6,13,1,4,11.3,15.551300000000003
0.24,37.92622442392216,-115.5554732056218,37.93450907490879,-115.59988726477847,21,1,1,6,4.7,3.138199999999999
8.21,39.63102748756464,-118.5599967406879,39.64774714198889,-118.59320044321994,14,2,2,3,16.7,18.568599999999993
6.47,37.04141739678519,-95.19539491236912,37.08714245765183,-95.2308661752305,17,3,2,4,15.41,13.521150000000008
7.92,39.10137568660707,-95.70802743835412,39.13844765952646,-95.6966424239964,17,2,1,0,16.57,18.10739999999999
4.62,38.33528373291796,-101.86173961461904,38.36464514015158,-101.84874057896371,21,9,1,0,12.03,11.477999999999993
5.9,40.75894599150438,-86.03960419710819,40.731135409761286,-86.01268955461569,3,3,1,1,15.33,14.438799999999999
8.04,39.167138628841705,-83.17161601502985,39.1915373386098,-83.16330837024087,8,4,1,2,14.65,18.579199999999986
3.88,39.86293865111377,-120.82968765624652,39.87497478985949,-120.81577912123146,6,25,1,2,10.98,10.113900000000006
3.89,39.72284826771512,-118.22742431906458,39.6749767212157,-118.2548647512828,21,8,1,6,8.68,10.602350000000012
7.42,37.122483227655394,-96.9213403614442,37.11672589712073,-96.889645991951,18,14,1,5,17.55,17.133300000000006
6.16,39.48376854751415,-119.91812002615684,39.52081467177646,-119.9497446280374,15,21,1,5,17.44,14.29820000000001
5.63,39.2781387184619,-101.42491136204706,39.26886684342056,-101.43377498722684,23,18,1,2,15.74,14.163349999999998
8.38,37.04794358220445,-92.55277884246212,37.03109894699017,-92.5394028713146,20,25,1,2,16.9,16.99349999999998
0.61,37.598475271353,-93.07229195775017,37.60875281662999,-93.02610333369998,21,1,2,2,4.42,4.361150000000004
7.52,38.75111304106251,-98.97687093653728,38.74446049331136,-99.00066743058576,3,4,1,2,16.13,18.702549999999995
8.56,37.60017915468453,-81.55764333035833,37.61131050517756,-81.54036129430499,3,31,1,1,15.33,17.72690000000001
12.96,38.20211688942752,-102.97834184212364,38.172081029842616,-103.01204051063584,9,29,1,6,30.82,25.649849999999994
8.71,40.33176542656136,-86.48396349955046,40.36206322450234,-86.5282560235038,23,23,1,0,19.94,19.280399999999986
6.16,38.19423102829329,-96.49712734900046,38.14934975933628,-96.49314709243048,9,30,1,0,15.09,14.268850000000008
5.16,39.89636422162041,-82.2492304587596,39.910782408185455,-82.20434023053625,4,31,1,1,10.23,11.152649999999996
8.38,40.048802426214905,-73.12075564548638,40.056948930743786,-73.12894116641904,4,24,1,1,20.92,19.410600000000006
8.83,40.79468784441407,-112.4183986554982,40.76674629835219,-112.37033944658472,22,1,2,2,19.63,19.1035
9.56,39.79567319868365,-93.70013430643876,39.81785853052271,-93.70112406308348,21,28,1,5,25.23,19.231749999999998
6.3,39.42126921225592,-109.53879171486908,39.38097818664813,-109.53310734514253,0,10,1,1,12.85,12.952949999999998
10.46,38.75286218491357,-78.71200520010885,38.79336606796932,-78.73723480221592,17,21,1,5,17.79,23.601749999999992
9.17,40.41535268367552,-106.84637041029303,40.44412160564118,-106.81214718323643,7,7,1,5,23.93,18.612900000000007
6.61,38.33315820029161,-86.60557655428588,38.317848092499936,-86.59002895115036,17,6,1,4,15.72,15.270100000000006
10.31,38.330173000297954,-86.68051273354119,38.30131474849157,-86.65385745028202,15,27,1,4,19.61,23.61150000000001
9.88,39.73121389546614,-92.85393022759152,39.69399312547829,-92.89151670819066,16,23,1,0,17.7,22.828599999999987
8.33,37.66938922679319,-86.91520127009102,37.678546868426366,-86.88879442680896,12,25,1,2,23.84,18.29709999999999
10.88,40.17330540906304,-107.1134998294453,40.14740384813534,-107.16322727851528,18,11,1,2,17.82,21.542300000000008
6.5,37.3660984898026,-87.13315712642543,37.32172288480246,-87.12709467450672,8,10,1,1,14.44,15.248199999999997
0.61,38.65860753956332,-117.17765990047988,38.65673892238822,-117.19320484519312,14,31,1,1,2.83,3.823950000000001
4.59,38.66561697265026,-96.36455077160696,38.69651958014966,-96.38374046051146,9,17,1,1,7.26,11.42045
3.89,37.77718818766198,-106.0639843486891,37.761887670942286,-106.02910447842896,8,22,1,6,9.09,10.612850000000002
7.89,39.67234395686292,-92.9562895306428,39.71492589053957,-92.93052041534308,0,2,1,0,15.34,16.641149999999985
2.71,37.60337700631259,-121.1517243189473,37.56253845915053,-121.19537904649916,5,1,1,6,7.31,7.453550000000007
5.11,40.42309843725143,-119.17085030564172,40.41756180367505,-119.15345823268682,0,30,1,0,12.64,12.386499999999998
11.36,40.133390731927925,-78.90139476253886,40.118239937684415,-78.93660290374343,8,17,1,1,22.72,22.514249999999983
2.18,39.29386646428678,-83.95970189890005,39.28697968706101,-83.91364399759787,14,6,1,4,7.3,7.42765
6.86,37.81858292099539,-118.8771215511144,37.79885387587532,-118.8602847463828,0,2,1,0,16.89,15.525900000000014
4.3,38.48518259801756,-107.29364561123604,38.53289631620212,-107.31299176739412,23,4,1,2,9.96,10.982949999999992
10.15,39.71478162339872,-107.67887122207289,39.69931558035992,-107.64426694326716,23,14,1,5,29.58,20.38704999999999
6.07,39.19879127029771,-97.1227205215263,39.160630608314136,-97.12524705897758,23,3,2,4,14.48,14.610999999999999
13.01,39.647259421462,-95.89913828811396,39.62352195074976,-95.8719859601566,9,12,1,3,27.51,26.025599999999976
7.33,39.96673658726376,-73.23603913460454,39.93099953871869,-73.27295615933816,5,6,1,4,20.02,16.483599999999992
10.86,40.03179612462706,-109.29896661300056,40.0460138429846,-109.26796208172604,14,27,1,4,19.81,22.769700000000014
12.07,37.51567285254587,-89.5149579831384,37.49050384698111,-89.4781360174814,21,31,1,1,18.22,27.245050000000006
10.34,38.29826930848208,-113.16076028685566,38.2869698720683,-113.13565737809752,5,5,1,3,19.63,20.718599999999995
9.91,37.73096703678723,-83.74156914363371,37.69607942393222,-83.75368737101117,15,2,1,0,17.8,20.902400000000007
5.93,38.8418186347044,-104.91503479670646,38.85983204434198,-104.95394280932106,8,30,1,0,10.89,13.987699999999993
5.61,40.74302750232137,-81.25022331541317,40.77816637689431,-81.25196923276867,17,7,1,5,14.93,12.270450000000006
5.69,37.1528873030287,-92.5326291563046,37.17674085088324,-92.549158273116,22,16,1,0,16.34,13.170549999999997
0.11,40.708415310204856,-93.49546972861972,40.6673427408719,-93.4559157578646,13,4,2,5,4.81,2.68915
10.27,39.08554833017564,-88.16603030610655,39.062138640249415,-88.13491923886788,15,23,1,0,22.18,21.62765
9.22,39.14464753135696,-77.58083581280123,39.11326000655306,-77.61550688930126,12,4,2,5,15.67,19.708650000000002
5.91,38.83383632840873,-94.31969937902552,38.86345711278168,-94.3443931447393,0,12,1,3,13.54,13.061150000000003
8.68,38.93695629122595,-95.47653341022423,38.93501821823284,-95.52618365138444,18,12,1,3,16.62,19.090350000000004
3.3,38.12845477755125,-111.0773628300047,38.12130626600239,-111.12007047000984,5,19,1,3,10.42,8.34014999999999
5.3,37.702521185692135,-119.4230487256938,37.733875944388295,-119.43679639060424,1,15,1,6,13.99,12.74349999999999
5.43,39.71515610381514,-121.59622325726453,39.73535632290207,-121.5806893112883,6,22,1,6,10.35,12.986849999999997
3.97,39.95913493911709,-103.70034614939183,39.98573339768473,-103.73159338742978,0,3,2,4,7.34,10.730799999999995
10.98,39.714356433122,-84.84537439824273,39.675708421840405,-84.83263738203205,18,20,1,4,23.87,23.908799999999978
9.59,39.52964652343936,-104.30518543104893,39.49526401019827,-104.3255899430214,14,18,1,2,22.82,19.889449999999997
6.45,40.21241051702476,-108.56122347879555,40.18914475761037,-108.55943264462628,2,2,2,3,14.27,15.673600000000016
8.66,37.06720898625497,-97.5743078000215,37.083110857687615,-97.62168998968971,13,11,1,2,19.21,17.709700000000005
5.96,38.75224130432206,-86.44217194027736,38.79925134351184,-86.47837617796944,15,31,1,1,11.6,13.414299999999995
8.61,39.35846758134544,-76.98815438197538,39.36349449177875,-76.9792531790268,9,14,1,5,23.27,19.430600000000002
9.87,40.62278049035156,-88.36301424379525,40.59832678893227,-88.31846748179876,3,4,2,5,28.81,21.616649999999996
6.67,38.61528994518782,-73.79207460442481,38.5666602176964,-73.76284639674284,4,19,1,3,18.32,15.750199999999976
7.21,38.525169021798526,-94.953289880035,38.57300795711608,-94.94072550373708,4,15,1,6,11.99,14.986450000000001
9.37,37.04896295706661,-118.33228888046698,37.04879423968889,-118.31423409687244,9,5,1,3,16.65,21.033099999999987
1.68,37.38760953847166,-114.68557170627932,37.39077043396959,-114.63804722064856,23,27,1,4,4.9,5.665750000000003
11.09,39.43788217229713,-115.19200245851373,39.42146922488024,-115.18742080251322,15,18,1,2,22.58,25.20799999999999
4.24,38.932337618917465,-98.89064670628647,38.882521124818055,-98.93411329887638,13,3,2,4,13.68,11.511949999999992
3.87,40.08423921727633,-88.10907119688557,40.12707681837475,-88.07112466579242,7,27,1,4,11.78,9.755800000000004
8.26,40.14340923290728,-99.61325608816485,40.168358948406,-99.57753677043137,6,21,1,5,21.87,19.07399999999999
8.65,40.06948660025888,-74.09971178120567,40.10701932032801,-74.10237860737703,6,2,1,0,17.8,19.63634999999999
7.22,38.78579623111001,-108.42811224152788,38.785189597693815,-108.4535993196314,17,22,1,6,19.68,16.736749999999994
3.76,37.25341490595256,-98.35710344052092,37.2734722553192,-98.33938889484207,1,8,1,6,13.25,10.009350000000005
4.42,37.29204104259821,-99.3051741801194,37.30467873782025,-99.27264111270328,16,25,1,2,11.88,10.660400000000005
10.78,38.25400005697828,-109.89894378819758,38.23838302496072,-109.85187983761638,18,28,1,5,22.4,22.383549999999996
9.32,39.87715912790915,-118.94013749386876,39.9228916548676,-118.89155287928968,13,14,1,5,13.74,19.9086
5.81,37.45568831665875,-81.11612476140681,37.50108268261032,-81.10328869434818,17,4,1,2,15.62,13.654599999999999
9.01,38.19527782708913,-76.44528616906805,38.21964826745671,-76.49243469123182,14,24,1,1,18.87,19.302099999999985
11.12,40.35102795106961,-118.67428505218533,40.38621615212865,-118.71164695497164,6,30,1,0,20.34,24.45794999999998
5.88,38.7438274604994,-97.8627952854204,38.70907570815027,-97.87612791849924,22,22,1,6,13.2,14.485699999999994
9.19,39.83629316403934,-115.5344942248557,39.81277649012685,-115.51349812243816,23,3,2,4,16.4,19.66534999999999
2.86,38.447600469328016,-82.77412965890446,38.483746028051726,-82.73819672624697,2,22,1,6,7.39,8.823200000000003
10.99,38.17783556147074,-112.07641001944891,38.16714190570088,-112.06393283200777,8,1,2,2,31.54,23.017049999999976
1.33,40.185188065044514,-88.9324559166946,40.23003122449285,-88.92014149802431,14,2,1,0,6.55,5.356949999999994
10.02,38.17764894274674,-76.86792931787221,38.1486230271668,-76.88566777910947,22,19,1,3,21.32,20.215700000000002
9.76,38.52818071021203,-107.21952934716444,38.492995688454336,-107.21279305838404,17,23,1,0,20.98,22.320249999999998
6.84,38.6826799000382,-89.11588359997094,38.72386961881962,-89.11325781467319,3,30,1,0,16.21,15.986400000000012
9.85,40.24476407170314,-117.8027310441258,40.2835295979724,-117.76570121999173,16,28,1,5,19.29,20.36649999999999
12.59,40.918207674592345,-80.63212614841201,40.929839702956784,-80.58308200441351,6,30,1,0,26.95,25.492950000000018
14.02,39.28720066735536,-81.34515391346889,39.27021166514006,-81.37580369154348,18,22,1,6,33.55,28.28880000000001
7.76,39.38556475936858,-81.13902470679929,39.39179838437028,-81.1493300288985,0,10,1,1,22.76,17.911849999999994
4.25,39.99631796295736,-86.5657128609603,40.00519380418165,-86.57901055240498,13,7,1,5,12.67,10.74299999999999
11.15,37.75148317261092,-114.27021193897173,37.71736142629297,-114.24083506907805,5,28,1,5,32.11,23.49445
8.59,40.50928950312031,-74.86353676848353,40.52157404242299,-74.8420664754083,2,4,2,5,16.26,20.145800000000005
8.31,38.921443617065805,-82.42454699034397,38.89426276704493,-82.39167252457537,14,25,1,2,24.18,18.6453
5.44,40.19876359923119,-97.09750038874664,40.15832898798988,-97.05111193330406,5,5,1,3,12.01,13.138750000000016
7.13,38.45163480454512,-90.03451636366793,38.4312206838662,-89.9950489703006,15,25,1,2,14.9,15.577450000000004
7.41,37.8481200420369,-116.0896552166464,37.84268752387781,-116.12033388285306,4,1,2,2,19.96,17.265150000000013
7.89,39.577015936853535,-92.68482476850828,39.623122123916986,-92.65018698723884,14,13,1,4,14.7,17.384899999999984
4.89,37.97884851927825,-74.86910842553662,38.01204381952237,-74.88235076155404,19,4,1,2,15.21,11.96655
8.45,38.59072013201828,-106.15718864189654,38.60537081028227,-106.19375632544464,16,11,1,2,18.17,18.42165000000001
9.95,39.475861952687566,-107.05895511931496,39.47673394390341,-107.03223234514677,10,30,1,0,19.32,22.576699999999995
5.13,37.4411304621398,-96.95266850572868,37.46511861004494,-96.92504174770832,18,31,1,1,13.68,12.811949999999998
11.14,39.95113667235559,-117.30188111768506,39.96797850794429,-117.29113442172198,5,15,1,6,23.44,25.031699999999997
2.02,40.54476062144764,-91.74337133481264,40.55756347147163,-91.7687782830192,7,28,1,5,8.49,6.185549999999998
6.78,39.15058316137605,-106.3524812377892,39.12186990817544,-106.31317561377342,15,17,1,1,19.27,15.846650000000004
10.1,40.45010617216715,-113.85508087530155,40.42680738985448,-113.85619021484516,12,8,1,6,24.79,20.18504999999998
0.38,37.84628233528406,-102.41425572609404,37.87881103130591,-102.44196027399497,15,8,1,6,5.34,3.453299999999997
8.44,40.38937787567522,-105.4921831317156,40.426940916619714,-105.4544140465052,7,1,2,2,15.41,18.261900000000004
4.6,40.77421568810978,-111.28828707322968,40.72540935780584,-111.33582122095682,20,27,1,4,13.89,11.857799999999997
10.06,40.940108426148754,-78.58274513908447,40.893769539368925,-78.62520243802793,14,5,1,3,23.16,22.856150000000007
6.16,38.706420382516406,-99.42042442845228,38.72471032859355,-99.3820481899657,22,9,1,0,16.05,14.37449999999999
7.71,38.61930028843876,-100.90370701858632,38.6056318873336,-100.8997020032128,17,19,1,3,15.62,17.10705
4.35,37.09921665781579,-73.49629417783498,37.10164691910836,-73.54206790512362,23,28,1,5,12.63,11.29585
4.82,38.96306532401413,-92.33145066844304,38.98236548908876,-92.3154065713417,14,9,1,0,15.09,12.671500000000005
8.35,37.51007156296959,-113.54993401351685,37.52595238172382,-113.50258418399996,7,23,1,0,14.18,17.85059999999999
5.09,40.308964513546776,-113.27632410213312,40.30961955094895,-113.29577773566812,1,5,1,3,13.3,12.53229999999999
5.29,38.90103713656481,-101.12514115789692,38.92412252692749,-101.086276424699,9,30,1,0,10.82,13.471499999999994
11.2,37.66910873464912,-82.61700008817976,37.64876572826023,-82.65696717132151,0,11,1,2,17.68,24.819649999999992
14.08,38.60023306571228,-82.9805262621642,38.63788789144272,-82.95098137848568,8,3,2,4,33.21,27.38279999999999
6.38,39.13105311477985,-74.61591009327941,39.11776670095446,-74.59104635791262,5,1,2,2,19.92,14.9518
7.85,40.20028185145888,-116.8358373186454,40.22789467126222,-116.8477089780092,12,27,1,4,18.13,16.764250000000008
14.38,37.79438542575368,-93.12576270857016,37.79498805592442,-93.10186168216563,20,1,1,6,29.44,29.140649999999997
4.45,39.52432062086499,-84.27939219344833,39.50530918617866,-84.26937968878426,5,18,1,2,8.7,11.445300000000007
11.16,39.36929177365204,-82.32980626648173,39.34851807205009,-82.29301313015404,8,3,2,4,22.16,24.21630000000001
6.55,40.83978553190818,-104.23651049803726,40.82208572320057,-104.24926143315852,2,11,1,2,13.0,15.426749999999995
4.47,40.59729715382378,-113.95343637065592,40.626523301335794,-113.96324516487114,4,27,1,4,9.86,11.858799999999995
12.92,40.39244588764468,-84.94546876441822,40.41543154222551,-84.90951900683277,20,31,1,1,25.95,27.84300000000001
2.04,39.25402382040603,-88.45500161065121,39.22357430445655,-88.49351585966711,1,23,1,0,5.91,6.640700000000002
10.46,37.98661008577278,-78.20027994908878,37.96282575977498,-78.24019366634045,3,4,1,2,20.14,24.038650000000015
8.01,39.454738126136654,-99.0650431951598,39.47945316394129,-99.02610871461486,9,20,1,4,16.86,18.09585
7.52,37.699136902994574,-98.59241853537613,37.699549037286666,-98.57907815603336,5,20,1,4,21.07,16.711450000000003
12.55,37.68221772181796,-118.97731874226132,37.72348840350632,-118.99328915800672,14,2,2,3,24.11,25.146450000000005
9.98,37.9633169851268,-81.009567679006,37.99594714164744,-81.04102326555602,6,14,1,5,17.92,21.399199999999993
6.32,40.9823526887079,-109.92916877039586,41.01176862124128,-109.90838724491108,0,22,1,6,13.73,15.123799999999996
11.83,40.11451644353423,-120.94337875306891,40.09084867920562,-120.98021506342984,22,5,1,3,28.35,25.479449999999993
7.05,37.30174408193177,-118.8936406162403,37.30352423668767,-118.85190129554915,23,22,1,6,16.27,16.358350000000016
4.25,40.07900165678054,-109.58894949458772,40.10584484604548,-109.55039229692716,1,10,1,1,13.36,10.810049999999995
15.14,39.716109347308105,-99.6206611849563,39.74898660423747,-99.57432022999971,6,27,1,4,39.31,32.43000000000003
6.7,38.40987361224306,-96.11626997548866,38.43011453678842,-96.15143010697982,9,6,1,4,10.84,15.546199999999994
12.42,37.86143134621253,-82.12121286372718,37.890834620856296,-82.09648272510047,9,10,1,1,31.16,28.149400000000004
12.21,37.57501287772538,-77.859458234257,37.54593730678084,-77.88898703047721,8,31,1,1,31.74,26.321350000000006
6.0,39.38710227052496,-107.16752215346762,39.35498700206787,-107.1495610342378,18,20,1,4,18.94,13.67655000000001
7.04,40.45126244677256,-117.60206868812324,40.4965898244954,-117.6382759599756,13,4,2,5,21.41,15.75365000000001
9.22,38.0263740869223,-115.70914383081474,38.003267876417695,-115.72287828667336,4,2,2,3,16.93,19.360450000000004
10.2,38.04796677830996,-106.23611569185653,38.07997090990142,-106.2147383364386,7,20,1,4,16.55,21.575199999999995
7.11,39.794326677362086,-89.88271401434075,39.75935798764636,-89.8499601021269,17,18,1,2,19.98,15.76475
5.84,38.72704026907619,-113.60540229452047,38.74556555886487,-113.6227822724366,23,28,1,5,12.96,14.402149999999999
9.16,40.13249595744792,-92.87648110351424,40.128723520853136,-92.8997088126122,22,24,1,1,20.11,21.38735000000003
5.42,39.7850705117087,-76.64368621032226,39.761559310187394,-76.62156235149497,19,12,1,3,16.5,13.673499999999992
7.91,39.72674710134896,-112.17680870352692,39.71842376231166,-112.15681802133926,13,23,1,0,15.44,16.517199999999992
6.03,37.76178911358189,-87.59498308140334,37.77743567523085,-87.60376774788692,14,8,1,6,16.3,14.755050000000013
10.0,39.38131057498892,-78.70826757396226,39.43097500638101,-78.67561055516458,1,12,1,3,26.38,19.46714999999999
3.02,40.68020372591136,-112.62307259875524,40.72780349323234,-112.62063096064098,22,7,1,5,6.62,8.590050000000003
12.64,38.81400710273522,-109.69710228900446,38.82957752923926,-109.66874487790432,6,22,1,6,29.82,25.52400000000002
8.11,38.62417788177832,-89.81708759710891,38.639028265739405,-89.80886789395598,21,8,1,6,23.59,17.3172
7.66,38.476981295801615,-100.9432077110992,38.50451423208293,-100.95213599974292,20,2,1,0,20.2,17.016849999999994
6.52,38.21423328818983,-108.32081344251893,38.22104197409525,-108.28705237207348,14,22,1,6,18.78,14.802849999999989
3.32,38.85011666109823,-114.16768500131738,38.859311698417294,-114.1184799641721,16,1,1,6,10.22,10.10085
8.94,39.54344479412768,-118.18467089855098,39.508806162658985,-118.1569414629194,13,20,1,4,20.76,20.684650000000016
6.21,38.59324659983068,-117.5982181774333,38.625731553066245,-117.62425921777404,14,25,1,2,12.43,14.763049999999991
5.91,40.96990143439756,-120.4170061835106,40.97014205365827,-120.37091583110885,6,16,1,0,14.76,13.496199999999988
8.15,39.18082999957621,-76.05592549858972,39.21919180484957,-76.02980371011171,21,1,1,6,13.75,17.059949999999986
12.39,38.1306286557702,-92.00468001147672,38.0867023809902,-91.97520707366678,19,7,1,5,22.83,26.60774999999998
7.18,37.66363241308159,-91.7645460237362,37.66518199988801,-91.75946019713123,22,11,1,2,22.22,16.858850000000004
9.85,39.79113369562393,-113.96641592474889,39.804712339191866,-113.92654407707984,11,25,1,2,24.02,22.179649999999988
5.86,40.44488597223837,-106.91987633911366,40.418595183628746,-106.88153637158663,22,11,1,2,14.77,14.4527
6.3,40.562671825569744,-95.05011647570072,40.549544530975496,-95.05836026798394,9,27,1,4,18.24,14.683700000000002
5.92,37.01377838931239,-89.77605269550656,37.05962269262999,-89.79585347993361,23,18,1,2,12.54,14.251699999999985
5.27,38.70141568800349,-92.09284029952734,38.67905964074202,-92.0548584969574,22,15,1,6,10.4,13.858150000000002
7.7,40.39480806210764,-88.827841697655,40.387261615412136,-88.80485048117163,19,11,1,2,11.85,16.681550000000012
6.17,40.24713330418662,-92.38365003850092,40.29088424885638,-92.42192520859392,1,18,1,2,15.69,14.09945
5.11,40.56315657964376,-120.30885999140902,40.58772350560633,-120.27346152593591,4,28,1,5,13.94,12.993849999999991
5.18,38.294091058001634,-79.76527036008079,38.25627199446177,-79.75605149269455,19,15,1,6,11.07,12.788650000000008
5.2,40.19385592575378,-83.0479380709234,40.22859628792545,-83.09619493354742,23,8,1,6,8.92,12.595900000000002
9.24,37.05175493739701,-106.99248874407904,37.01336057305636,-106.9778541528294,11,2,1,0,18.58,19.75839999999999
4.18,40.56007832372149,-112.0273395045238,40.5462567581064,-111.99393199267504,3,26,1,3,8.1,9.773499999999991
7.46,38.80745487702065,-95.70610254169118,38.822502466333816,-95.72056024626428,22,3,1,1,11.02,17.8176
7.34,40.20182572301361,-95.48685692898792,40.20338462878982,-95.44299568482688,1,12,1,3,14.39,15.520999999999999
2.39,39.14850382347204,-105.07531968964088,39.12506624018718,-105.04737230218753,16,3,2,4,5.54,8.302950000000003
9.04,37.242994116477455,-104.1109117327292,37.28016568144512,-104.12138728195865,19,25,1,2,16.78,18.377549999999985
12.79,40.91119691311406,-100.04424908308158,40.92650634682344,-100.02207912672851,1,19,1,3,32.48,27.940049999999992
6.65,37.1320998078096,-95.5451069579498,37.091480467163805,-95.58574266286574,11,28,1,5,15.23,14.869999999999987
4.44,37.647807682821664,-121.5690028089582,37.62237005762069,-121.61761798976612,20,21,1,5,13.38,12.509599999999994
9.64,40.99251119371524,-103.05441417398336,41.00129060488192,-103.05975801557602,8,15,1,6,23.7,19.762750000000004
12.56,38.4021937181415,-119.32305765382452,38.41955526812899,-119.36867854711976,20,1,2,2,25.09,26.36325000000003
5.1,39.86046704890863,-80.30422302039932,39.902605474139726,-80.34687920059726,9,2,1,0,16.9,12.690900000000001
5.45,37.91607303463682,-121.29518848208856,37.86973198446347,-121.268632563958,22,8,1,6,15.25,13.252549999999996
7.05,37.60231865366598,-76.84690470830515,37.59143807335991,-76.88855763415825,10,28,1,5,13.82,16.59505
8.62,40.971208177303886,-73.83237645083015,41.00591817173527,-73.86922387289786,19,6,1,4,14.59,19.330000000000005
8.01,40.71286716066139,-116.94878604490042,40.71759484675393,-116.95271653806812,15,23,1,0,15.38,17.20700000000002
5.44,40.18261182252465,-81.2280981148185,40.15433500189861,-81.22661885046061,3,18,1,2,12.63,12.6985
8.26,39.51564604143476,-84.419941798259,39.56312857471057,-84.45399860492148,5,27,1,4,16.96,19.041849999999975
10.39,40.12056987926584,-105.84765670894824,40.1621011727003,-105.86996881530548,11,1,2,2,17.43,20.98845000000001
8.48,40.41660868650248,-96.7013697339774,40.434674357913146,-96.66201074971026,14,31,1,1,20.14,17.828100000000003
7.01,39.76962431574884,-88.527215058294,39.72905895498423,-88.54136293717757,4,31,1,1,13.5,16.619949999999985
13.51,38.166779050613,-119.70283934927306,38.15186918217718,-119.67093472560218,14,23,1,0,34.4,29.521499999999982
9.16,40.65011116871741,-90.6499192460019,40.665143036724736,-90.66571441251249,18,31,1,1,25.43,21.07449999999999
4.49,40.86638522636203,-80.51600613968938,40.91527369918754,-80.54133772397319,17,31,1,1,10.72,11.781400000000003
7.91,40.69077042864908,-110.10383632295122,40.64373420249592,-110.08232372766663,2,5,1,3,12.03,17.679399999999998
6.55,40.2877743197193,-97.6284979782226,40.26045514172528,-97.6008465633722,3,3,2,4,13.52,15.837350000000024
6.28,37.56398105389643,-121.8358511587259,37.52778017911863,-121.79523878232725,6,14,1,5,10.92,14.572400000000009
4.94,38.35478107869404,-119.81707493536044,38.3435250225384,-119.82863064249672,21,21,1,5,13.29,10.9869
9.83,40.47615504235883,-80.49136958193378,40.50720487098907,-80.44737362999156,9,21,1,5,24.64,20.36084999999998
9.19,39.25007347389869,-73.81369197323617,39.20754061209279,-73.80349174228125,5,3,2,4,16.27,22.178799999999978
6.82,40.97941213186479,-90.21038061257724,40.93081321572704,-90.21813450926128,10,2,1,0,18.23,15.327950000000005
7.24,39.87163458882971,-90.95605769015836,39.8283829637519,-90.94984305652024,4,13,1,4,11.91,16.328550000000003
14.69,40.45118869943735,-110.397699095512,40.42559606580169,-110.35074583542928,23,22,1,6,23.92,29.26110000000001
7.04,39.0556143618473,-99.88536105161478,39.054022274176695,-99.91388864490324,4,3,2,4,15.14,16.800750000000008
14.52,39.52506185421126,-104.4727371108655,39.55905976152589,-104.43042439249902,0,7,1,5,27.99,29.86430000000001
7.89,38.94645679042031,-101.53296369102534,38.93615145859774,-101.56920440940434,11,4,1,2,23.88,17.29464999999999
2.29,39.89586073448089,-73.07731020271115,39.91764299310347,-73.04974794294705,17,18,1,2,8.65,6.880650000000003
3.52,37.7308540450793,-105.2384393932661,37.7666438680296,-105.19684712401956,22,15,1,6,7.24,9.101149999999993
8.89,40.73159861295765,-120.07934040277084,40.714217036656,-120.07751971294272,12,7,1,5,19.73,17.515849999999986
5.91,38.671233288624485,-115.6052352696648,38.66531954776418,-115.58053065345646,13,1,2,2,15.68,14.457
3.01,39.501704155259226,-105.16765435568874,39.464572430782745,-105.1634195267822,23,9,1,0,6.77,8.293499999999993
9.5,37.87072483544543,-86.26616034046637,37.85340020250844,-86.25081697818912,12,4,2,5,22.18,21.258300000000013
9.44,40.38211615812983,-85.96659775821271,40.42380295347967,-85.97240580810033,1,23,1,0,24.6,21.784000000000006
1.97,39.18605347158019,-101.6806397776214,39.21959484840869,-101.6491752880926,14,4,1,2,7.11,6.375349999999997
2.18,38.93473094294022,-93.3473236210328,38.88938075084205,-93.39585421633096,23,4,1,2,5.3,6.895049999999994
5.86,39.918329263220826,-89.90200042787859,39.894968672812176,-89.9451482020184,6,7,1,5,10.24,13.65350000000001
9.09,40.23913977171522,-95.75543349584476,40.24026195016645,-95.7939116656469,13,1,2,2,24.59,19.287349999999996
2.82,40.50627444497212,-103.01143822162202,40.55117070344737,-102.98419747946186,13,4,2,5,8.04,7.897799999999997
5.55,40.36303620859528,-108.99602068067108,40.3710030460694,-108.98302057755998,21,1,2,2,15.89,14.274150000000002
3.06,38.12920472621691,-110.92641746366104,38.157928809257655,-110.94219254418547,11,31,1,1,7.77,7.886399999999991
10.61,39.946077732014295,-106.65451720031648,39.95429387891417,-106.68543129706218,4,27,1,4,22.17,21.924749999999985
4.91,40.626322159919205,-93.4547477470243,40.62235605006249,-93.44363557056369,9,27,1,4,15.46,12.259350000000007
5.28,38.417390843242885,-74.25651505559594,38.45941143228345,-74.22058911142598,18,3,1,1,11.21,13.598099999999999
4.9,39.76826559134589,-90.90425496075493,39.74827545105862,-90.91976586706208,18,21,1,5,12.47,11.554349999999992
8.46,38.1838827475292,-120.17321223240953,38.20100298402031,-120.12478171386203,13,7,1,5,18.56,18.42384999999999
4.31,37.268002843204094,-121.37246551204755,37.24521358760828,-121.33006135957098,20,29,1,6,11.97,10.090599999999995
7.81,40.54262045416183,-73.98143988617181,40.5462491272288,-73.97777937795851,7,22,1,6,20.56,16.788850000000007
3.63,39.05810217335562,-76.20644927043901,39.04427019662444,-76.25327635364283,17,6,1,4,9.37,9.445299999999996
3.05,38.787653345403726,-110.48536058132407,38.80864911210856,-110.44045308693642,9,2,1,0,10.41,8.747700000000007
8.69,37.382744690672986,-74.18478305348131,37.39316113098017,-74.1879860316941,0,21,1,5,23.48,18.0298
2.37,39.61006141775138,-114.9983200791352,39.64275346803008,-114.96988835454285,8,2,2,3,7.56,7.091349999999993
6.64,38.1681326309268,-111.82341516247465,38.12804402006666,-111.8482830974697,8,12,1,3,18.49,15.38670000000001
10.38,39.59207976003086,-92.3346852210428,39.621555559670846,-92.29545570833224,21,2,1,0,23.69,22.87704999999999
1.4,39.33085261889739,-99.44158914393633,39.3566792909382,-99.39250695945648,18,20,1,4,6.12,5.620599999999995
7.91,40.42982286456757,-90.10577378569822,40.41217277087909,-90.0772997785529,4,28,1,5,22.08,17.42405000000001
5.34,38.32301966476884,-97.88435959822456,38.35174459939415,-97.9223816844431,12,18,1,2,10.94,12.646600000000001
8.79,39.96579051561859,-109.23107435322002,39.9668978291491,-109.2734722802188,10,24,1,1,18.1,19.404050000000012
9.41,39.37549785149714,-98.81745283085066,39.34364657007701,-98.81868125950004,6,25,1,2,23.69,19.553500000000007
6.88,40.51418099231793,-111.99529487278916,40.49811610724919,-111.98733263318,5,23,1,0,12.78,15.124350000000007
9.23,38.774743255108106,-91.6737757175604,38.80672967534791,-91.64813052431354,16,1,2,2,22.47,20.838949999999997
7.73,37.64600007337575,-121.54153874820636,37.68088934952533,-121.52575413713076,19,20,1,4,11.98,17.565450000000002
9.98,37.778652489567726,-118.459206452947,37.75557893383404,-118.48240794765152,16,7,1,5,28.58,20.68370000000001
8.88,37.145195312741535,-77.8782370171085,37.17172868333512,-77.91858391664755,1,24,1,1,14.91,19.21384999999999
0.98,39.48774123549127,-111.8858548744628,39.51075524342571,-111.91035845811666,21,5,1,3,5.41,5.037899999999997
5.64,39.36177081317738,-101.77119132571868,39.338943619849445,-101.75968290371078,15,3,1,1,18.13,12.995149999999999
4.36,40.67051948435797,-88.26493898442382,40.67915936725573,-88.28693854266012,14,27,1,4,8.96,10.785450000000003
5.63,39.61691244424858,-84.8504766630315,39.65146661928593,-84.8447099862262,12,4,2,5,8.53,14.097400000000004
9.57,38.27626734618125,-89.21087970140027,38.27977970981272,-89.17222271419102,12,19,1,3,18.99,19.482500000000005
3.07,38.05712579775439,-91.03261289468318,38.04454888813883,-91.07962730232362,18,20,1,4,12.05,8.315599999999991
7.06,39.8676164755988,-99.2429642080123,39.83063162226922,-99.20165800023804,23,9,1,0,20.42,14.41940000000001
6.7,40.331433620735496,-105.82304501740744,40.293164775598015,-105.86812622895584,18,26,1,3,10.59,15.598799999999999
7.29,39.43055643038046,-75.65479136581055,39.472042033892336,-75.61772763421672,16,15,1,6,13.93,16.894749999999988
7.54,39.67732766905152,-116.18426730029472,39.71833792941151,-116.1896495238516,14,10,1,1,15.72,16.678799999999995
11.09,39.59970770686478,-115.64810515009486,39.56799983777142,-115.60252373008528,2,28,1,5,28.86,24.87315000000001
8.54,37.129481473098885,-106.91661461891027,37.12082323790729,-106.907597768475,9,3,2,4,19.85,20.296849999999996
11.01,37.0270285431028,-95.0267214237575,37.04647466553768,-95.03161155899984,9,12,1,3,23.79,23.361300000000018
8.39,39.91287487496854,-88.6575212152024,39.86355425837434,-88.626302226208,4,2,2,3,22.74,17.65825000000002
7.42,38.98131180676246,-106.17365167398629,38.95600417986539,-106.12595439003022,1,9,1,0,20.43,17.253699999999995
5.74,39.574660981777576,-96.83884302581114,39.58650014654698,-96.80041617742846,2,30,1,0,13.68,12.75575
9.73,38.42761585319257,-79.92307222488115,38.39327924060655,-79.96926143332993,5,1,1,6,25.95,20.5294
10.75,37.09446885024302,-88.28279444073178,37.13320439513723,-88.3247624932145,11,4,2,5,20.6,21.86375
12.82,40.6929981516456,-103.31330656423236,40.7089002137428,-103.2950688981159,14,18,1,2,19.87,27.24604999999999
9.09,39.97455087059683,-114.76371853440084,40.00242142902652,-114.71994689902836,7,15,1,6,17.25,19.574700000000014
5.9,38.80971301960786,-94.93460554943373,38.78047549289189,-94.91253227276806,19,21,1,5,19.25,13.821049999999993
2.76,38.195575982544334,-111.41158832281846,38.18471305302992,-111.37584776486656,14,6,1,4,8.48,7.6323
10.3,40.53731328253424,-121.26530332833592,40.502922796916735,-121.24021526387428,10,28,1,5,21.68,24.326350000000005
5.86,39.36192986185376,-77.07407412039123,39.3803675976953,-77.11616265431589,11,3,1,1,13.78,13.081700000000003
6.11,40.04942631103024,-100.57277577575542,40.07883586310335,-100.5727032415286,12,24,1,1,13.57,14.244749999999996
3.42,38.98961262065864,-95.34613185994678,39.00108589450522,-95.30140756751304,4,14,1,5,8.52,9.443549999999991
3.47,38.10025429253479,-91.93949072845083,38.128399056167126,-91.98027957663264,19,7,1,5,9.68,9.575099999999999
1.46,37.86998306388366,-116.1528155520192,37.82682736297998,-116.19225183718184,5,18,1,2,4.76,6.247999999999999
8.43,38.89812691856606,-108.58297695484846,38.93746379536704,-108.55872717079912,0,1,1,6,22.41,20.18305
14.23,38.79284308678138,-102.53342231459294,38.78050792622825,-102.50611794824547,1,26,1,3,35.76,28.761049999999983
12.29,38.52953062751632,-77.91219959649808,38.50894698223802,-77.88313343466773,7,2,2,3,32.0,26.693050000000017
5.65,38.13445957042896,-119.30192134438418,38.13126426931129,-119.29791668751795,9,29,1,6,15.64,13.230449999999983
8.69,37.70284338666775,-114.05667528852528,37.73896370329213,-114.03151452788822,4,8,1,6,18.32,19.237800000000007
4.33,38.93337437540481,-120.57583649476152,38.94503830576359,-120.53996397480412,4,2,2,3,8.6,10.874700000000004
3.26,37.22171034737296,-74.47117549971983,37.234406203118304,-74.44536373190589,21,8,1,6,11.82,8.663000000000002
10.72,40.24554806631243,-104.15442903847952,40.24495279584374,-104.15965952378929,12,22,1,6,17.36,21.57150000000001
8.07,38.06203609384617,-73.79415248515599,38.0595698467059,-73.77735985948704,21,9,1,0,15.64,17.222700000000003
5.66,39.26152095450264,-119.6966948317626,39.28650959479091,-119.65989403091886,9,30,1,0,10.82,12.94785
2.65,40.07451571687235,-84.56976604856732,40.10674187201129,-84.58460826863883,6,8,1,6,7.05,8.493149999999996
3.28,39.02530820370029,-109.71814320621306,39.0454349312762,-109.7440889465408,7,23,1,0,8.18,8.974299999999998
4.42,37.43830255358607,-113.70865966763088,37.44899144288743,-113.68323138509224,3,25,1,2,8.27,11.422600000000006
6.27,39.47141368561,-101.17637660590204,39.4442692075586,-101.16378053590738,11,20,1,4,12.6,13.915199999999995
5.5,37.25185423290684,-76.85047922950636,37.21449542052039,-76.85023652891381,13,3,2,4,13.96,14.402650000000005
9.48,39.22326008671133,-113.34399064960542,39.20265188198599,-113.35309761193322,15,25,1,2,16.09,20.59625000000001
2.95,37.78528101243236,-107.67242267148524,37.81960261290105,-107.64873627452964,19,20,1,4,8.57,8.429450000000005
4.96,40.35395302845572,-110.651051639376,40.304119573614216,-110.6572054645054,12,9,1,0,14.2,12.800050000000004
7.91,39.36517793408838,-95.15384122888452,39.38617036206999,-95.17338170396008,0,12,1,3,19.68,17.79644999999999
12.43,38.766673571040585,-110.19570869418648,38.8095555484656,-110.1782595840628,16,30,1,0,22.09,26.39505
7.98,38.00157809923353,-119.97502332777744,38.00888841694259,-119.98088292090571,15,19,1,3,22.23,17.98675
7.69,38.4592209984055,-88.32198105191819,38.465415736023175,-88.32520119046802,0,1,2,2,20.26,16.471149999999994
4.52,40.144930484888285,-93.3226096675974,40.16661601235881,-93.33787675364312,7,17,1,1,11.36,11.180100000000003
7.44,37.0176765884469,-88.54156453118819,36.98489425194995,-88.55933647444144,5,4,1,2,16.87,16.040600000000005
9.66,37.58677996458928,-92.74355014388988,37.5578568866444,-92.733332804903,23,8,1,6,17.9,21.101049999999997
7.05,37.47591603015716,-81.97453378434261,37.5160564402699,-81.95315540953223,16,1,2,2,11.83,16.022000000000013
10.52,39.77040703699613,-80.6467571269677,39.78876135769658,-80.65066643273036,6,15,1,6,29.04,23.39179999999999
3.87,39.23511144225265,-94.34514269263838,39.23307322327035,-94.39046878012574,1,4,1,2,13.02,10.982799999999996
3.43,38.73677128866544,-118.12118681978896,38.7226747580267,-118.07485304752431,14,4,2,5,8.62,9.4553
10.22,38.73192060391004,-80.19206574078743,38.73715963717275,-80.21678455298213,5,5,1,3,24.19,18.80264999999999
3.94,38.06142932242238,-103.27356234828268,38.03096475885649,-103.25878655537896,8,21,1,5,10.06,11.381150000000012
11.78,37.30708056950487,-94.44794733846383,37.33765074057618,-94.4026884537178,8,20,1,4,20.03,24.45804999999999
6.09,37.98542536694392,-103.80230837639104,37.97893992396992,-103.84332715212643,1,25,1,2,15.42,13.657949999999998
6.23,37.88286587894373,-85.18336213664561,37.931445993807365,-85.21990780499372,7,28,1,5,10.06,14.473399999999993
12.88,39.62393644686545,-121.26858369360144,39.66094492197604,-121.2465367461492,11,22,1,6,28.32,26.63169999999998
10.28,37.1382029524721,-118.90868057855242,37.13428650968483,-118.9088801761948,5,9,1,0,15.85,21.79635000000001
4.85,37.69285154551145,-118.52854680437122,37.68254080307511,-118.50349492125729,5,22,1,6,11.08,11.961449999999996
11.97,38.07942824494569,-112.61808455577152,38.03155401464715,-112.59926548438312,18,29,1,6,29.29,26.297099999999997
4.85,38.35441901261653,-75.45184827611831,38.34139481076718,-75.49405682438265,6,28,1,5,12.77,11.7121
0.89,40.21946225212601,-93.15676149890956,40.17235622364985,-93.19760558761814,9,3,1,1,6.12,4.923299999999995
8.0,40.15468235971112,-88.54319882390331,40.17030279361224,-88.50950249426636,5,30,1,0,14.96,18.942550000000004
11.19,40.362347579944085,-98.01147334884811,40.36729462475952,-97.97910711981604,15,24,1,1,27.35,22.644699999999997
12.32,39.04735455344431,-108.644552829492,39.03144690290197,-108.64022654508102,9,9,1,0,23.22,27.79225000000001
9.74,37.4106125952502,-79.3020583995091,37.42310371173181,-79.27704516159488,16,27,1,4,18.58,22.23799999999999
7.5,38.56634355706579,-92.8493532403434,38.56235765539782,-92.86494997237966,15,13,1,4,19.43,17.55505000000002
4.52,37.73547286783563,-109.83726655801026,37.715058262672486,-109.8266057434834,1,29,1,6,11.82,11.227100000000007
9.99,39.30639860104109,-112.3927357696584,39.34562963950512,-112.39733346722376,13,9,1,0,29.46,20.182050000000007
6.09,40.652548967373946,-85.56111865874112,40.69378996330891,-85.57822789385537,17,28,1,5,13.94,13.905250000000002
11.66,38.78616628296744,-77.69205329492561,38.769711638116,-77.68549308131233,9,3,1,1,23.19,25.907749999999997
5.2,38.18755803770711,-116.84507235576623,38.19770378328484,-116.81140301010086,2,6,1,4,11.75,12.389800000000001
3.69,39.95602884651873,-120.80758399005605,39.95504744016841,-120.82128371874369,12,22,1,6,6.32,9.901850000000003
4.54,39.48424941152509,-110.74763723011502,39.4537213387486,-110.7771326049844,15,17,1,1,10.58,12.106799999999994
5.33,37.93344224349433,-74.77960096616603,37.911133215605965,-74.80744477055912,23,8,1,6,13.29,13.234250000000001
6.51,37.24901034591623,-94.85701273831437,37.25033431674895,-94.8404946549035,14,14,1,5,17.94,14.999749999999992
7.28,38.52576768927303,-121.82135647081554,38.55905427471965,-121.78377473182552,1,6,1,4,19.35,18.73900000000002
10.75,39.48730174979712,-102.28223049819876,39.47970212754085,-102.32969226253884,15,16,1,0,23.92,23.42114999999999
6.46,40.65500618352743,-119.2862492874129,40.69038515230843,-119.2754821617281,0,11,1,2,11.9,14.684549999999994
10.74,40.46079574538695,-97.06771086540972,40.49297071368484,-97.06943040715652,8,26,1,3,18.46,22.814950000000007
8.3,37.06430841545171,-114.26872776908831,37.08566650734797,-114.2970914150069,20,13,1,4,17.25,17.376350000000002
10.91,39.74729194043957,-85.9986006459761,39.72883639343895,-85.95172512582553,10,17,1,1,24.31,21.633200000000006
10.7,39.2884475235524,-84.16030166196123,39.30816468123935,-84.12259793651761,9,1,1,6,25.8,20.469649999999984
7.87,39.304695199217626,-115.21369272685314,39.277665486777146,-115.1649086606877,3,28,1,5,13.04,17.064049999999984
5.29,37.68115428465323,-74.17585415443398,37.63208084380561,-74.14021711845139,14,1,2,2,13.96,13.96895
3.51,39.08749539532929,-88.56753865633802,39.10533799126228,-88.58972534086008,17,11,1,2,9.58,9.56165
9.12,39.509338681998585,-101.70174353275792,39.52006338893569,-101.74908998608892,18,1,2,2,19.6,19.403949999999973
11.14,37.39933912204262,-108.060239629814,37.41590474994453,-108.10156380153585,4,2,2,3,25.19,24.981450000000017
7.94,39.60293653260181,-87.6727910673863,39.63705174621231,-87.69422930705642,10,20,1,4,11.87,17.867849999999997
9.69,40.848309888829945,-117.4106536510579,40.8732613474704,-117.4393590849002,5,4,2,5,21.31,22.552549999999986
6.25,37.75156663883094,-102.13281548880477,37.78083580066559,-102.16317639569448,18,28,1,5,12.66,14.747599999999991
9.23,39.19090473914595,-81.91409253623836,39.16512573944436,-81.96264410385774,4,18,1,2,18.11,19.3999
5.47,38.27547862647075,-91.02191502262058,38.3113341724256,-91.02577649607052,17,5,1,3,12.06,12.584449999999999
9.68,39.652152740711394,-121.62497176961683,39.63077601874952,-121.59238220391612,9,7,1,5,22.12,19.15939999999999
14.34,39.42049285477621,-95.79762365418264,39.38934668936951,-95.76948764317552,8,11,1,2,26.25,29.288449999999994
8.37,37.96960688986267,-77.35146748165587,38.0193002366053,-77.30627234366733,23,18,1,2,16.17,18.098100000000006
8.28,40.375027091952205,-83.98877036105148,40.327321637505854,-83.97950929305071,7,24,1,1,17.63,18.981399999999997
7.52,38.65792230151063,-98.40563117493424,38.62422433719227,-98.38987080706478,9,1,1,6,19.87,17.613100000000003
7.48,37.51177760270221,-106.19092204654032,37.5157322891309,-106.22377914346674,20,24,1,1,15.63,17.426600000000004
10.76,40.5072565714426,-95.39306754419906,40.53447681894127,-95.40283061418953,23,7,1,5,23.93,24.00120000000001
9.49,37.78043235772721,-75.3143180478881,37.79482195804885,-75.2663108901669,16,5,1,3,23.79,22.16894999999998
8.96,39.5108344504758,-77.17964982613623,39.53691401992887,-77.17647862804152,18,7,1,5,23.32,19.258500000000005
4.01,37.379257356719776,-79.96991127242842,37.42728269562832,-79.99981688288537,14,4,1,2,9.75,10.844900000000003
4.89,40.30155068574076,-81.59423258624795,40.27763300237113,-81.5735864433777,0,19,1,3,10.72,12.299749999999994
0.64,40.70213158152093,-110.72648548711447,40.69114312991642,-110.76793538491906,2,6,1,4,4.4,4.1610499999999995
7.68,37.23296532842254,-92.76454808083042,37.24943886265197,-92.79609826513789,13,12,1,3,17.23,17.350650000000016
6.96,37.38500384167739,-107.98169383874745,37.367221938568655,-107.94652376883154,13,10,1,1,10.13,16.05475
8.48,38.49910000630582,-115.74041317311487,38.53930879425658,-115.73304457137728,21,21,1,5,20.76,18.578700000000016
7.31,39.39826229472892,-93.33160294330104,39.439769532225576,-93.305462716765,12,24,1,1,16.1,14.918649999999992
9.08,38.07667208541141,-78.05896325605676,38.08142559133593,-78.06551114677403,8,17,1,1,26.63,20.03299999999999
8.42,39.18597231362722,-106.83180336958364,39.16916167869319,-106.87101752337352,22,27,1,4,15.64,19.148300000000017
8.06,40.68196906241141,-96.68956071177864,40.64923727378556,-96.6796488154431,11,2,2,3,20.43,18.366200000000006
4.22,38.13823161845124,-112.35815612816788,38.16494961000102,-112.31698835003805,7,4,1,2,9.02,10.719149999999988
0.91,39.26890777327258,-96.30024503540444,39.3153573330409,-96.34818623564551,11,11,1,2,3.9,5.077149999999998
1.48,39.58584926655013,-111.1557421923404,39.59186242898547,-111.18309591451757,19,6,1,4,3.68,5.876199999999995
5.11,40.68633231566008,-112.774568627579,40.66346363141111,-112.74646671926014,16,7,1,5,15.09,12.078149999999992
4.05,38.3154669997958,-75.88352140326793,38.27021175554259,-75.87350955536557,6,15,1,6,12.63,10.343350000000008
7.26,39.37236382107427,-115.01214439477084,39.366605906915694,-115.02905660025768,13,29,1,6,18.61,16.751699999999996
5.87,38.70799307815437,-121.8032108335978,38.68952021189937,-121.75373631508302,13,24,1,1,14.49,12.416700000000008
9.46,38.80581911024366,-106.9162521634072,38.83983012485962,-106.91721083640223,7,7,1,5,18.34,19.90739999999998
7.58,39.82487841525434,-111.234241089646,39.79145755030544,-111.2642359172242,16,21,1,5,19.02,16.568350000000002
5.98,38.68117352581003,-105.201577541632,38.66407671304712,-105.19806290704008,21,17,1,1,12.76,15.16734999999999
4.38,40.45784699469396,-113.18848575428149,40.443566568338,-113.22299790611906,13,3,1,1,8.61,10.59339999999999
8.32,39.03678783080963,-92.81611536482517,39.03925285005924,-92.8246150723644,18,25,1,2,19.68,19.129600000000025
3.07,39.875122692534255,-94.34303776514136,39.87771825183639,-94.38792621957708,19,14,1,5,10.79,8.474450000000001
9.3,39.7165968274029,-77.6268602770273,39.72541337775751,-77.6461373456754,14,19,1,3,14.07,19.666549999999997
8.77,40.48398302969586,-107.67317513421018,40.43574603300909,-107.6294858186049,22,6,1,4,21.35,18.994500000000006
3.98,38.940602933681774,-117.09530984063892,38.899397262276,-117.1229775165664,1,10,1,1,10.95,9.872499999999992
3.19,38.70515673922896,-99.53178610649864,38.68323191554303,-99.55739166273952,9,28,1,5,8.93,8.877049999999995
10.24,39.633021885704416,-91.5539519385199,39.61586782681558,-91.54225769336854,8,15,1,6,19.18,22.516
9.07,38.58574863827226,-113.03963739339284,38.63570075585727,-113.02658402521136,4,16,1,0,21.87,21.179750000000016
7.07,38.02449257639753,-107.51849206281446,38.04103273686827,-107.51271432882244,15,4,2,5,12.87,15.655949999999986
8.39,39.18720470753688,-97.1790988543934,39.16229000551296,-97.15311674691928,16,16,1,0,20.02,19.091500000000014
7.74,38.783128033380414,-86.60709758646541,38.78267312844348,-86.58024776490063,12,3,2,4,16.84,18.197750000000003
8.56,38.625345856889545,-92.00054118368077,38.65225936299365,-92.03964844813706,22,8,1,6,17.79,18.719299999999993
11.7,38.33751966697712,-89.63000475112652,38.298090348093794,-89.59549182827087,16,27,1,4,26.24,23.438000000000006
11.58,39.31750646633348,-111.42766885730744,39.339307546705456,-111.44549854300202,6,2,2,3,20.45,23.380549999999985
1.28,40.48723548340849,-118.0189461343533,40.50189607907426,-118.05565382043636,0,21,1,5,6.83,5.794650000000002
5.8,38.78494950614456,-78.77998011865938,38.81378494108802,-78.73618652719567,13,16,1,0,12.84,13.582700000000003
10.66,38.094517265461874,-82.98649214322583,38.09193401521379,-82.96325587299272,19,15,1,6,21.27,24.33090000000001
4.74,37.37194094290102,-109.5658505466288,37.411926944343335,-109.6053748988532,11,28,1,5,8.99,11.329250000000002
7.51,38.64550371166584,-87.61733233420959,38.65499832429629,-87.63779773703804,14,9,1,0,19.97,17.6728
7.62,39.88376953235249,-97.31586954718706,39.89886172703548,-97.33574635639047,13,21,1,5,17.14,17.99335000000001
10.95,40.73482606736219,-90.1253953368656,40.70227847693147,-90.09747958079843,4,20,1,4,21.53,23.068999999999996
9.53,38.17169792302347,-109.65299231532089,38.14248246749708,-109.62194641964744,20,9,1,0,27.59,21.209750000000007
7.63,39.26295948335388,-111.34422331159668,39.24788007066634,-111.36886626887885,21,9,1,0,20.72,16.972149999999996
11.2,39.36580819015858,-118.59803199867508,39.36569783679311,-118.60950076788504,10,29,1,6,26.36,24.802899999999994
8.24,37.960770340183096,-73.32566436571013,37.954403539398335,-73.31397772950382,2,16,1,0,23.59,18.52935000000001
8.9,37.28668172776823,-77.76469138680494,37.32139069428581,-77.73349306950092,3,27,1,4,23.84,19.55195
3.13,37.68576275139269,-83.76620121140786,37.66240909144901,-83.75267768410612,20,3,1,1,7.05,8.595650000000004
3.81,40.09328833202359,-98.56199434284876,40.07147193321018,-98.51937919365209,4,2,1,0,7.79,10.370549999999996
4.85,38.40898004763409,-82.85703127633309,38.44487208927872,-82.8658820450695,16,25,1,2,10.07,12.160550000000002
10.93,40.25951940943451,-96.0863601648884,40.29880822381054,-96.05608089973956,5,23,1,0,18.84,24.202949999999973
10.48,38.49686771179957,-76.09346315058733,38.46773077045356,-76.12310269701013,19,23,1,0,19.74,22.93865000000002
6.25,40.33413281640048,-86.5217364202903,40.35581307895486,-86.54078751317005,21,2,1,0,12.0,14.707150000000004
4.94,38.1023583041717,-109.78825445362764,38.12358054518652,-109.73995223079343,3,18,1,2,10.72,12.11514999999999
9.07,40.004269242232816,-94.3146144914858,40.01926855538184,-94.33344705533048,18,8,1,6,13.86,18.4864
2.54,38.2037516723206,-93.58094962260968,38.191361218514544,-93.56945115053205,11,2,1,0,7.56,7.913049999999996
5.81,38.44452487139996,-76.6309140074244,38.46608227516165,-76.61161030955579,7,7,1,5,15.51,12.934650000000007
9.8,40.339632044389205,-116.71715523793571,40.34428581516873,-116.67650398121602,23,16,1,0,17.74,19.927499999999977
10.9,40.58463292492068,-120.39972498496422,40.58062251073967,-120.44347380802633,18,5,1,3,20.56,21.41065000000001
9.71,39.68083396973603,-96.32378038328494,39.71927668285028,-96.35976847900784,14,30,1,0,21.34,20.90245000000001
6.39,40.25802272874575,-102.90265955569166,40.237159489982346,-102.94325970704593,5,4,2,5,16.52,14.861850000000004
1.16,38.22557179589183,-105.31168453021672,38.20481574245407,-105.29937672300328,5,5,1,3,6.51,4.606899999999997
1.85,40.66830061899535,-88.46024662532304,40.654680405042285,-88.4611630045062,19,2,2,3,4.67,5.8375999999999975
6.66,39.05109786300592,-75.11399532036697,39.07198708107215,-75.15355995483047,2,15,1,6,16.23,15.700149999999997
10.84,39.42371357849868,-83.4973667302818,39.43156135918386,-83.4612313008761,16,23,1,0,28.0,23.74665000000001
6.26,40.92853461141318,-102.87249348696662,40.93501544104517,-102.91882215499544,15,12,1,3,14.69,13.695049999999997
2.97,39.73533664036983,-82.36269554666842,39.6932350090193,-82.32886102962217,7,7,1,5,8.6,8.2974
9.3,39.75629745813238,-109.09714440015192,39.766819462794125,-109.11946899593158,12,18,1,2,18.74,20.71900000000002
5.42,38.84467322732648,-83.94707503378774,38.810319265956245,-83.95269638965024,12,17,1,1,13.97,12.640450000000003
8.99,38.362890830068565,-116.27183591708156,38.38903422768651,-116.28809583154448,10,14,1,5,16.83,18.18285000000001
9.98,38.10209293616408,-102.85340328224716,38.075618481841154,-102.86185999175343,11,28,1,5,27.94,21.310850000000006
2.44,37.97812338052027,-103.68471833848606,38.02478978478885,-103.6991049150579,11,9,1,0,7.91,7.647699999999997
9.96,39.70076819796502,-80.13888429352397,39.66732709274375,-80.13115606675166,16,12,1,3,24.61,21.285900000000012
1.92,40.39546312957216,-120.86840532791908,40.35627115291698,-120.87605750103168,8,4,2,5,8.5,7.218000000000004
11.14,40.08421129741608,-102.21498618026442,40.113119216659165,-102.22301719925008,6,18,1,2,24.29,23.082549999999983
5.24,40.9846837510465,-117.88915626350074,41.009100542027504,-117.85241948581388,3,3,1,1,12.05,14.176549999999988
5.82,38.85720249230098,-80.67911368454885,38.838868446506055,-80.69744477109587,19,16,1,0,13.69,14.326299999999996
3.76,39.22274848395664,-82.2672507676143,39.1826598873585,-82.28724041809842,20,7,1,5,12.97,10.407500000000004
3.52,40.251562422642095,-82.82251377440275,40.28680211773382,-82.86538066757277,13,20,1,4,11.79,8.992750000000004
8.16,38.200614309109184,-73.14339549867633,38.23718216420559,-73.13058826101198,16,18,1,2,23.05,17.363099999999996
10.36,38.33764872255441,-114.4557377998484,38.32630131533024,-114.4344617356672,6,2,2,3,17.1,21.429550000000017
6.89,39.75795758094193,-115.64506754531912,39.773430192384026,-115.60057512886328,18,2,1,0,12.28,14.782499999999994
7.37,39.53859477086215,-102.5705767673932,39.49287006783356,-102.57172591838996,5,1,2,2,16.25,16.77915
4.6,40.62653987015264,-99.76642463725408,40.64715346093887,-99.75343396218076,8,29,1,6,8.85,11.967949999999988
5.5,40.98292195726863,-82.82761499868458,40.93767139914463,-82.81331407259262,7,22,1,6,12.2,12.456500000000013
9.3,40.14324953878237,-95.73962598409167,40.17259126803526,-95.73581932774488,21,21,1,5,19.75,19.879100000000008
8.42,38.66684608852252,-116.87978430182994,38.65597009935739,-116.86914140475857,3,31,1,1,19.24,18.143749999999997
7.11,40.19635864409553,-95.63319811171266,40.21886635947983,-95.5849056188809,9,17,1,1,19.15,15.570749999999993
5.65,38.81650358228139,-109.96023805952495,38.770575504584095,-109.9177918287269,7,8,1,6,11.09,13.234000000000002
4.28,39.46669078260802,-97.85137422363962,39.45207271016611,-97.82988031814128,19,28,1,5,13.44,10.8153
2.29,39.19012387737751,-103.0595650979154,39.22152720460762,-103.06722457020376,16,5,1,3,4.26,7.801249999999993
5.71,38.4681261847212,-79.03075336646972,38.51157975791016,-78.9897222106354,16,1,2,2,15.21,13.507049999999982
8.48,37.26261529956839,-81.47058476191901,37.23026148347761,-81.47836541816648,15,31,1,1,20.16,18.78485
8.72,38.87438725543637,-98.04268820292842,38.92228949122338,-98.08827480585715,8,14,1,5,22.22,18.319650000000014
11.08,40.244690773582086,-83.7043033187246,40.24349993323014,-83.73901653346466,19,17,1,1,19.74,23.916149999999995
4.84,37.64684754580871,-119.473827741256,37.61132105895973,-119.46171772819356,5,1,1,6,11.01,12.395249999999999
4.79,40.33384506527367,-106.8331782328685,40.33334398450508,-106.83526147096116,17,10,1,1,10.64,12.140900000000006
10.5,38.7114980313509,-90.55890219693865,38.686962167592085,-90.51195487947555,0,18,1,2,20.21,22.65084999999999
5.55,39.8448914207795,-106.5105259648367,39.86655706615289,-106.55128774572334,1,7,1,5,12.66,13.540999999999997
6.6,40.12017985628823,-83.40989375687683,40.14292690292325,-83.42534033212846,2,17,1,1,13.13,14.519199999999998
5.02,40.62922343481674,-105.59033146120171,40.60486073044876,-105.5559846974995,0,24,1,1,14.73,12.813600000000008
12.51,38.11905118359919,-94.6705665563083,38.07837803381546,-94.63831389509184,6,24,1,1,20.94,27.509699999999995
4.8,37.89922540423581,-94.7016844341112,37.90903954888152,-94.69011228695052,20,3,1,1,10.56,11.813299999999993
9.13,37.16730319657849,-110.27621838366684,37.1244956793625,-110.31759935093088,23,27,1,4,19.37,18.95265
8.76,38.07156376686844,-112.2650266421448,38.104531562080645,-112.28620298831252,0,31,1,1,16.83,17.268349999999987
9.45,39.04963489248031,-95.65137323174876,39.09894601744666,-95.60269560816506,21,10,1,1,23.85,21.990449999999978
8.9,39.30539916972492,-100.80631020322956,39.34657734354662,-100.85301226501544,15,26,1,3,20.36,20.003349999999994
4.36,38.69490268786685,-119.01157577017824,38.72734022679435,-119.04757151299157,4,24,1,1,12.76,11.112349999999994
6.02,39.82135279847094,-89.18335061324008,39.80023843000995,-89.15553612203361,15,3,2,4,15.91,13.65789999999999
11.8,40.6399754970164,-99.99153404608536,40.65688620310519,-99.96786973267088,5,9,1,0,25.48,25.324949999999998
9.78,38.95519737687522,-77.04801312308697,38.9740598917427,-77.07414188664303,21,3,2,4,26.41,20.520500000000016
8.8,37.48818372232813,-113.18823534403391,37.50435517510054,-113.19563928259484,16,19,1,3,18.24,18.73895000000001
9.96,39.03873887029504,-99.08051805525416,39.00495280094079,-99.1273065362518,8,25,1,2,23.64,22.435499999999998
8.02,40.17324813969404,-81.59086560907085,40.204461071888254,-81.58037219414706,5,13,1,4,18.47,18.9974
4.7,38.6454291896714,-108.36193944259082,38.65208404542671,-108.34269506545311,23,16,1,0,11.23,11.699799999999996
4.91,39.84610416392974,-108.81356718032931,39.84827663666771,-108.77132667702512,23,28,1,5,10.41,12.519099999999998
7.54,38.70828755838407,-100.04730572523935,38.67498431913004,-100.02681144567372,5,5,1,3,16.05,19.368899999999993
2.9,38.40276493851755,-92.98776432508018,38.38194218135062,-93.02273699822706,21,8,1,6,8.19,9.118699999999995
8.83,39.2030118468279,-80.93823308207271,39.234713200155056,-80.98237965409825,17,19,1,3,25.21,19.252699999999994
6.58,38.33967645185821,-82.66725277308795,38.30937073511278,-82.69636823431203,16,7,1,5,16.84,14.956599999999998
7.41,39.77250917025128,-104.00579465661764,39.81804717403404,-103.9620002795629,14,27,1,4,17.4,16.63250000000001
9.73,37.18085080639576,-101.63865569394028,37.21336993657253,-101.61294192565128,15,28,1,5,25.21,21.45740000000001
3.78,37.47042741330234,-121.59959844477912,37.48594053331746,-121.6036685547727,12,24,1,1,9.27,9.772899999999998
4.47,39.50354939673457,-89.81499048699663,39.49989353129371,-89.8045780455389,17,31,1,1,11.84,12.206050000000007
5.11,37.61391404579693,-90.579258350435,37.61394654390062,-90.54019900977626,12,20,1,4,11.07,11.812200000000002
7.77,39.02185499002657,-101.50947544291051,39.02701767343773,-101.47857668510515,17,22,1,6,20.89,18.40125
8.93,39.528392983778616,-83.45605550600344,39.561966791097646,-83.44078051745979,16,26,1,3,17.74,20.329949999999975
3.96,38.63864948307945,-117.8545569194752,38.592097198254685,-117.8253639237312,0,13,1,4,12.75,10.163649999999997
8.95,38.44425335469616,-110.7130935414872,38.42033091183686,-110.7534758332538,13,12,1,3,18.39,17.960000000000004
10.3,40.202122676311646,-120.54984005222964,40.17770625447082,-120.58828350471389,16,20,1,4,23.66,22.690200000000004
5.03,38.17200479693805,-111.6890259844714,38.19346501973288,-111.6637016607985,10,12,1,3,11.44,11.885699999999995
10.2,39.93117397230977,-99.98109481340958,39.90286859045559,-100.0286086766721,7,3,1,1,24.43,24.038849999999982
5.39,39.71854715847592,-75.53970918255885,39.67775830440792,-75.56808780177812,10,4,1,2,14.37,12.390649999999999
5.14,38.57323695051645,-116.36998063505293,38.554291203831845,-116.36686433053558,18,30,1,0,13.1,13.409899999999991
10.53,39.8189405894965,-119.42922049644012,39.794482402933085,-119.39598238402372,11,3,2,4,30.41,22.725000000000005
2.62,40.004602447389736,-101.65763120984607,39.96292293112494,-101.62258107884116,22,8,1,6,9.6,7.900099999999997
1.63,40.35292002387772,-109.1167423489427,40.32631235010952,-109.08772137177128,15,30,1,0,7.28,6.1292999999999935
9.69,37.70512808331282,-107.00087633372893,37.68546102422666,-107.00076387567508,16,18,1,2,18.59,20.648250000000015
11.28,40.02105935969155,-97.91101387148956,40.06015079781756,-97.95657313762644,13,1,1,6,18.24,24.24129999999998
11.05,38.49076857402795,-82.71322120302852,38.51214801974393,-82.67819774972365,4,1,1,6,28.46,23.09314999999999
5.35,39.66683663065558,-86.45935747225263,39.61818492360536,-86.41742840970373,6,21,1,5,14.14,12.24585
8.16,39.78278843449608,-100.71926916159762,39.83105467392629,-100.75313555513031,1,1,2,2,21.57,16.474300000000014
12.99,37.06816151025037,-86.90379163335054,37.02947002257648,-86.92155929655694,4,23,1,0,20.76,25.381950000000025
8.56,38.64697578710226,-83.11734752471318,38.64227752535342,-83.13529078659232,13,18,1,2,22.81,17.82195
8.12,38.89365180313712,-113.80445536489344,38.92036342906066,-113.77676451578492,0,30,1,0,11.22,18.904700000000016
4.96,40.93430814584034,-78.533777854665,40.95622622451149,-78.54139639423946,23,1,2,2,14.55,10.921500000000002
17.66,39.3832981002621,-113.56679876808946,39.34763931153562,-113.57436635255485,22,18,1,2,47.9,39.662950000000066
11.51,38.87086079904461,-82.27873676125768,38.85516979238393,-82.30611574009619,0,3,2,4,30.9,24.711200000000005
7.31,38.97659385100176,-100.86849339649515,38.9941797258969,-100.83495679615248,5,12,1,3,17.42,15.266049999999984
12.53,37.10408821654276,-113.40919111736883,37.09138103841526,-113.4494332326298,15,5,1,3,26.86,26.073650000000008
3.26,39.9580102312381,-114.34457747697655,39.99304299186921,-114.33245520744508,15,24,1,1,7.87,9.406299999999996
6.17,40.99265493636648,-88.87730200360328,40.96390530502959,-88.90274585827711,14,12,1,3,9.2,13.81765
8.52,38.31988285189845,-90.96256165865242,38.29790401709709,-90.94971373873094,18,6,1,4,14.82,18.854199999999995
4.26,39.954265370176834,-117.41295670771692,39.91348499486581,-117.38899104140864,5,5,1,3,7.17,11.474449999999997
9.57,38.020620867166166,-97.48698213954572,37.97750403171388,-97.48129544406216,14,8,1,6,25.88,19.758000000000006
1.37,40.17484787089813,-74.79839629018386,40.19145218313859,-74.79056848743143,7,17,1,1,6.39,5.95495
10.12,37.3309753227484,-107.08829423806812,37.29375530822308,-107.06076915528232,16,28,1,5,25.6,22.160499999999992
7.13,39.05351423725338,-114.54883606001547,39.05613689660432,-114.57697622366304,1,26,1,3,18.65,15.410799999999997
6.62,40.670001117937055,-119.91565019044212,40.64815056029082,-119.9171628711827,3,9,1,0,11.22,14.959299999999995
4.27,37.36198051987519,-97.16096264090856,37.32647809345785,-97.1621070504213,19,5,1,3,10.27,10.969149999999992
4.47,40.33720985007947,-84.4463963220746,40.30950752765816,-84.47822680808798,22,19,1,3,12.7,11.72635
5.91,39.65301823914486,-111.27212846551764,39.67362446229931,-111.22860605933964,23,21,1,5,13.49,13.087249999999994
6.43,37.14633941562828,-100.03169828183952,37.12133264895859,-100.01337700801189,0,27,1,4,12.21,15.590699999999995
7.47,38.42294673716204,-114.81306749582126,38.413607144536535,-114.7891810241868,3,19,1,3,16.86,17.19520000000001
7.2,39.75409692460349,-118.0512175503964,39.74395873314086,-118.09277916249106,12,29,1,6,13.84,15.661599999999991
3.37,39.75509607112264,-95.30929359291324,39.7196360048107,-95.3572877581958,22,9,1,0,7.72,8.597750000000008
4.99,39.53015579430651,-110.54336798909932,39.58009950233323,-110.5716683374359,15,21,1,5,11.96,11.674500000000002
6.36,38.52154878691005,-92.35986814368188,38.51010454376155,-92.31522418250287,7,30,1,0,11.27,15.066950000000006
8.41,40.09288898463933,-107.13409038401504,40.1404857541483,-107.1007573998428,13,18,1,2,20.57,17.53129999999999
8.32,38.634753242661965,-98.64719783488992,38.59450449109712,-98.628033447894,23,12,1,3,20.95,18.14495000000001
7.72,39.25767200292578,-103.60027953585396,39.3003170765659,-103.60056955068806,15,3,1,1,16.27,16.8734
8.0,37.18834008365379,-87.29022558087992,37.20448870094168,-87.32055000750022,1,2,1,0,16.02,18.653649999999992
1.44,40.79684144432709,-88.31898427936254,40.78086646933739,-88.3068474599473,5,10,1,1,7.3,5.542849999999992
9.34,40.4054094513543,-91.15029253141104,40.36083922239666,-91.1055821271654,19,29,1,6,24.3,20.610550000000003
10.73,37.33351009458261,-118.05020457507092,37.30754790932875,-118.0945342911596,6,30,1,0,25.65,23.593599999999988
5.2,38.26795674992164,-74.54615089919491,38.28157817619431,-74.58616042510366,22,30,1,0,10.28,11.107900000000013
4.78,38.27211469870389,-73.40118502901576,38.31707844145956,-73.35840793269712,11,3,1,1,9.47,12.544149999999984
7.41,40.76403976691118,-75.37681263437884,40.78380884495389,-75.37853709167614,0,28,1,5,12.62,17.123199999999986
7.02,38.42177218145935,-106.59685512025705,38.419594301849976,-106.5530845004477,13,17,1,1,21.59,14.83184999999999
6.49,38.085779075238754,-85.51007848172762,38.08792079508019,-85.53887669840606,23,6,1,4,14.6,16.08460000000001
1.1,38.46856186403832,-120.85319358769468,38.44645645064402,-120.84714479577792,9,26,1,3,6.35,4.871549999999993
7.08,39.62814195215402,-77.5374990751375,39.599476352844725,-77.58622932356634,23,1,2,2,10.46,14.961650000000002
6.96,39.16474331854083,-95.56615671555176,39.196639103996745,-95.57600926476408,1,6,1,4,13.6,17.784450000000014
6.28,39.46399874879247,-98.5701221400333,39.4836399135477,-98.6110599276832,14,4,2,5,16.58,13.967000000000002
7.07,37.23934565966108,-109.0996252281886,37.217158788794855,-109.07158111623404,21,19,1,3,15.67,15.311250000000012
1.11,37.76987975564507,-79.96206693428634,37.754541222710266,-80.00811730579791,12,1,2,2,5.85,4.348750000000001
0.06,40.406875568760285,-121.6820056036287,40.372915765955455,-121.70742663447632,18,12,1,3,3.44,3.2211999999999947
9.2,38.36826286238541,-111.50763429880708,38.40599577896554,-111.4871396573414,22,24,1,1,23.56,18.6009
6.26,39.82070704419288,-92.73778108271244,39.86365424643663,-92.72421308216992,7,19,1,3,9.04,14.606050000000012
8.76,37.66008450064221,-99.6823246964492,37.68927055242524,-99.66346880634252,6,7,1,5,18.77,17.830200000000023
4.21,38.38923827649052,-103.12571013667367,38.36409804035735,-103.16422491240309,18,6,1,4,14.58,10.991499999999991
2.63,38.603932705893065,-78.70400403694282,38.561901201027965,-78.68058050647866,9,3,2,4,6.18,7.9774500000000055
11.37,37.09169267422115,-105.2885947053734,37.09680498438564,-105.24267956982528,3,1,2,2,29.7,25.247100000000003
7.37,37.09468922401256,-106.16837166522788,37.12851093407856,-106.16003464987732,20,28,1,5,17.86,18.057999999999996
9.13,38.6902869112724,-82.31513347539126,38.72969765816665,-82.3640940863686,23,24,1,1,15.21,21.427049999999998
8.9,39.61740780693107,-85.29385869343187,39.57787335310155,-85.26876475033504,14,12,1,3,19.9,19.412249999999982
8.15,40.67870709349772,-76.10814780038524,40.64254844784778,-76.13578935392829,7,1,2,2,11.6,17.569199999999995
3.42,38.40074339627682,-111.59760980798154,38.42855465609311,-111.58817034210136,21,19,1,3,8.43,9.208400000000003
6.35,39.79449688603027,-74.62945109491827,39.75679469576309,-74.608691304334,19,16,1,0,17.12,15.1828
7.88,40.96184033068107,-77.56858633992394,40.97308470560762,-77.588529422018,23,2,2,3,15.0,17.779499999999995
7.09,40.30463761513546,-116.33978644028744,40.34110308715021,-116.34566426461066,12,13,1,4,10.45,15.79289999999999
12.0,40.37423972679745,-104.06513369330727,40.35733790970144,-104.0471060826334,6,23,1,0,32.32,24.115099999999984
6.33,37.50901567626902,-107.95583954520004,37.5341278823031,-107.91583214355045,0,12,1,3,19.23,13.33939999999999
3.42,39.07393450444653,-119.9028420035372,39.117366352276846,-119.95076688889688,19,13,1,4,9.62,8.432049999999995
5.32,40.78374486347151,-113.27717622743025,40.79891984684516,-113.2410142385813,9,5,1,3,13.71,12.876900000000001
7.65,40.88590524136753,-102.85643556923816,40.897378071705816,-102.81046480468176,20,6,1,4,17.57,17.126200000000004
6.84,39.42928958547913,-104.108395502195,39.43704870973747,-104.11857231359676,6,12,1,3,13.52,15.973900000000006
6.41,40.26689449346596,-83.7724891533049,40.2422378489037,-83.81924740033476,20,13,1,4,15.5,14.86340000000002
9.91,40.47329476445477,-92.26391855371266,40.48228519127304,-92.236449013569,21,12,1,3,23.34,21.30659999999999
8.34,40.653850411747285,-104.77281828520492,40.628573437488086,-104.76690729287688,13,5,1,3,16.07,19.207799999999985
4.24,40.25409670060261,-82.05375613836586,40.25783632460437,-82.10049173867054,23,24,1,1,12.34,11.183000000000002
10.4,38.66612401102312,-102.28121360739227,38.69679581095548,-102.26995595238644,8,18,1,2,20.21,23.173149999999982
12.02,37.3333961263924,-74.45762243777644,37.34108200706368,-74.4934150255216,4,6,1,4,25.22,25.53965000000002
7.67,38.80198582546468,-86.01549790435816,38.8133818186253,-85.99497601436849,4,11,1,2,19.27,17.183149999999998
5.37,37.3374997219594,-82.76376895444093,37.31093411274215,-82.80717905377121,19,16,1,0,12.47,12.778250000000005
6.33,39.6102958766983,-84.89069750050464,39.63192516364976,-84.86850580855776,10,27,1,4,16.89,15.01015
0.78,38.72222568569198,-102.3582247312241,38.72533669574563,-102.33369936153144,6,20,1,4,5.74,4.347549999999999
3.22,39.07683644239495,-103.45588969452083,39.0908499270664,-103.45739372074038,20,3,2,4,9.91,9.219500000000004
15.2,38.17823707800664,-74.36801759023584,38.15446341859239,-74.33586418358645,21,4,1,2,29.45,35.40775
9.31,39.85072869864732,-99.0050018534483,39.82836929113476,-98.96205330222776,14,21,1,5,19.52,20.689400000000013
6.67,38.43414806496986,-115.1869672185302,38.41355986807686,-115.2080546265732,6,22,1,6,17.08,15.345450000000003
6.37,40.68292083137199,-110.25461437403771,40.690937487238536,-110.23102924897978,12,20,1,4,9.89,14.311600000000013
13.65,37.7660062330823,-119.8491703422103,37.72376801254845,-119.87055622878243,16,12,1,3,36.84,29.621349999999993
12.27,38.22637476462466,-113.33968091219204,38.24167729776847,-113.29028562674353,1,4,2,5,18.45,26.214049999999997
4.81,39.75704063808887,-121.1570095184782,39.723193540496176,-121.17844579083074,0,20,1,4,11.19,12.252949999999993
5.46,40.59956213399514,-103.15060785227377,40.55957501551496,-103.1787762812509,0,9,1,0,12.07,12.409449999999998
9.85,39.5767488041309,-113.62935091022858,39.59975641701725,-113.65220300867097,16,24,1,1,16.5,22.421049999999976
4.21,40.97756500996493,-100.79798620225742,40.98739566876076,-100.76361409974912,17,4,1,2,9.14,11.129800000000007
10.86,39.27440406780658,-120.57038684042897,39.27957612337859,-120.54464298936284,17,13,1,4,21.61,22.365849999999988
5.24,39.103705111643066,-84.1823732020458,39.12579077225008,-84.21220446677931,10,21,1,5,11.89,12.562450000000002
9.84,40.18614026064608,-120.65515493113338,40.223131435460985,-120.6377631896272,15,18,1,2,24.0,19.701149999999995
6.67,40.83098721147459,-86.39611889334381,40.80020373064799,-86.35461376193345,0,9,1,0,13.56,15.450950000000004
5.72,40.201086184554526,-120.14455348390464,40.23727562477888,-120.10326568459504,18,10,1,1,16.73,13.74455000000001
1.46,37.380400378191865,-111.38512169580152,37.40482720305141,-111.33652928690503,13,4,2,5,3.01,6.039700000000003
9.7,37.17971205622775,-99.49591812490029,37.1582196377468,-99.53852161308494,8,7,1,5,15.23,21.58965000000002
3.47,38.21297410409558,-108.01739792801465,38.21171756680741,-108.03641939157582,19,11,1,2,8.29,9.528149999999997
9.51,40.24362709754775,-86.13745870572649,40.25518831363095,-86.15292359143093,21,2,1,0,23.86,21.376750000000012
7.23,40.03389634156065,-83.22188474242799,40.07260569150929,-83.25433455926087,4,3,1,1,14.73,16.150350000000014
2.88,37.113734532444845,-95.71843376506509,37.08195526922768,-95.76079333758008,6,19,1,3,7.08,7.8514500000000025
5.88,38.79877903192615,-95.30442088170524,38.78579180761509,-95.2712145869881,5,1,1,6,14.91,13.308899999999989
8.99,38.79941821869431,-84.89882346467317,38.75864449238053,-84.90870089026662,14,2,1,0,24.82,19.6104
7.57,40.44568109076744,-97.22534612750704,40.450856351153554,-97.27021656736818,6,10,1,1,14.08,16.41955
11.1,37.8896369584429,-117.8928180697338,37.90528890336796,-117.92105075653436,11,7,1,5,18.02,25.136499999999998
6.35,38.556979937108,-103.68704203864752,38.602039010412085,-103.69408594068808,19,9,1,0,18.97,14.915399999999995
9.59,37.60449011151269,-78.10488031499048,37.593763043845165,-78.10058545885147,8,30,1,0,25.09,20.794100000000007
8.32,40.799044647403065,-113.74344476336653,40.80178225752243,-113.71521112916022,15,14,1,5,16.59,18.89549999999999
8.89,39.22487146101951,-117.25989324212476,39.22904573894242,-117.26350325189256,4,15,1,6,16.45,20.063
9.98,39.89529525155581,-100.0330333743597,39.8469342183015,-100.0452920969296,16,13,1,4,13.6,24.106899999999985
5.27,37.78341347605409,-118.91548918744756,37.73983046251946,-118.87283960396668,23,7,1,5,15.9,12.190350000000006
6.83,40.95852818642606,-87.81697601345493,40.91132646734448,-87.86683642281365,21,7,1,5,16.34,16.30965000000002
5.28,40.95141158247535,-93.6754863472375,40.9897619489666,-93.67918071807208,2,3,1,1,14.23,13.318099999999994
3.15,39.04685917783954,-74.58628921681719,39.07479559843448,-74.56984446237506,14,14,1,5,8.17,9.53404999999999
11.19,39.636750336178274,-85.49285466329835,39.67955425775909,-85.4808484134209,5,4,2,5,24.16,23.238850000000003
8.24,37.73687204595869,-111.80440703877852,37.76018752944758,-111.75973569543348,17,29,1,6,15.4,17.73069999999999
10.45,38.24969179686464,-85.03409255019088,38.29543873746075,-84.99789661644564,11,26,1,3,20.44,22.882599999999993
4.47,40.68176762564417,-109.9916813099949,40.67807815569888,-109.94370903918008,12,15,1,6,11.71,11.449250000000001
5.07,37.790404838859935,-75.78367810344548,37.747833444694415,-75.80605101960997,18,1,1,6,9.25,12.799249999999999
6.6,39.11233447308263,-108.77938207345944,39.13931915764888,-108.74275931957638,5,31,1,1,20.01,15.329100000000004
3.7,37.57808458995289,-105.7275284513958,37.58848175626536,-105.7319673832986,13,17,1,1,12.95,9.316150000000006
6.39,38.81455980753454,-74.12584269989365,38.80668258921923,-74.17150505472813,6,14,1,5,12.02,16.110899999999994
4.93,40.919823631204366,-96.969589992996,40.96397446403165,-96.99415862693957,13,15,1,6,14.78,12.769700000000014
1.42,38.544518749897655,-101.97980693592667,38.55719618807602,-101.98830937495018,11,3,1,1,4.76,5.771549999999998
7.05,37.57331037300407,-107.27146195353733,37.5621815725722,-107.31199831552348,7,14,1,5,14.18,15.811399999999997
5.53,37.48351281061898,-87.74319875705461,37.456316613014025,-87.75795939014141,8,6,1,4,12.95,13.765849999999995
9.4,40.00208751960318,-94.6640818424424,39.96504930764178,-94.65842166327506,8,10,1,1,26.5,20.522150000000014
8.69,37.873086707852295,-100.6136331615044,37.839760174808575,-100.63015721406607,2,16,1,0,17.99,19.106149999999996
9.03,40.29032270010823,-81.3465358299641,40.25087054724107,-81.29979452996774,4,5,1,3,21.83,18.782800000000005
4.06,37.57183557834572,-110.56682174744547,37.53025219655367,-110.52042130571384,12,16,1,0,8.02,10.443499999999998
10.68,37.02599286936057,-98.09716037910516,37.07240131554229,-98.13491855713085,12,10,1,1,27.87,24.161850000000005
3.21,37.95968286235187,-114.86297831006009,38.00619328695841,-114.86214464403544,11,28,1,5,5.59,8.67229999999999
2.57,37.62690984993584,-81.87016961074134,37.58068740955482,-81.90733565681572,13,28,1,5,9.42,8.09619999999999
3.21,40.62675084127829,-105.56703202984066,40.63760805668959,-105.51986559687478,22,3,2,4,6.73,8.82315
4.1,38.55974970080191,-97.19005933387298,38.51378955573506,-97.16937249874826,19,16,1,0,8.34,10.247999999999998
6.69,37.483725731387146,-76.45634027452456,37.50923481629142,-76.45578502836854,18,16,1,0,14.52,16.037049999999994
8.33,38.80918107235379,-89.40853309823214,38.83063234841442,-89.45519084411204,17,4,1,2,15.57,18.772499999999994
9.47,37.3804832433778,-95.80525426016315,37.363247024035005,-95.79312645492432,6,31,1,1,12.85,21.257450000000013
6.03,37.7683788537132,-92.08399140429484,37.72898765663196,-92.1075690975395,3,4,1,2,10.22,15.053800000000017
9.86,37.68626115260568,-85.54191812677496,37.64567284496472,-85.57084005059667,1,9,1,0,26.64,22.24855
5.64,40.98288028812311,-90.91583873965826,41.029551443986975,-90.92451019740083,20,25,1,2,11.99,13.425300000000004
9.07,37.12338322655715,-88.80207909518631,37.07449486896101,-88.8304767820312,8,8,1,6,18.09,20.818600000000018
7.7,38.34923051960117,-91.75780409507516,38.38838861941294,-91.79776333254316,19,20,1,4,19.62,16.20374999999999
8.77,39.84435150349362,-82.30408588768456,39.81321440021596,-82.25786354023181,10,20,1,4,19.29,19.709500000000006
7.31,37.59089004485125,-101.3889263572591,37.55022547557154,-101.36177079735126,10,17,1,1,21.77,15.612350000000006
9.62,37.82667159980034,-105.4472431428529,37.81970891413704,-105.45710980384828,3,14,1,5,16.39,20.66835000000002
7.79,39.710655874341775,-117.39865231423984,39.708294056641726,-117.39419541272834,20,10,1,1,10.9,17.078150000000008
8.17,40.05730115306307,-121.24394980545384,40.06900868964729,-121.29320840380356,11,18,1,2,16.88,17.26354999999999
5.77,39.43357235777948,-103.93406357537808,39.44149147569838,-103.8936382465653,2,2,1,0,8.94,13.581400000000007
4.69,39.92841029332605,-97.3009838771256,39.94221910786408,-97.33664693695052,1,13,1,4,11.19,11.968549999999992
4.33,39.345696562933966,-74.05881684422141,39.390166321421766,-74.06927130560571,2,22,1,6,13.44,10.662500000000005
8.33,37.2570561864719,-113.4004274097489,37.22264146956751,-113.36077302741322,21,31,1,1,21.53,15.923200000000007
13.31,39.33714621741542,-96.85706196174782,39.32690535056185,-96.83110152583627,12,19,1,3,20.96,23.43779999999999
11.01,38.81934387267555,-87.66110176342563,38.801892994210526,-87.66883398907304,11,3,1,1,15.31,21.8928
3.41,38.795074578438886,-84.19621500412413,38.753288694309646,-84.16082885437713,22,21,1,5,10.07,9.302099999999998
10.89,38.950407430590666,-115.08034627297856,38.966867280279466,-115.0880628479328,20,20,1,4,26.36,21.720249999999982
6.13,39.92582179199804,-112.30431960612138,39.913876800192014,-112.31011883643434,0,28,1,5,17.71,13.840549999999999
8.92,40.54959663109971,-94.7541206469189,40.55271138216773,-94.70838979966685,11,6,1,4,17.16,19.065700000000014
6.03,39.24661514272356,-99.6023890010194,39.25097128849878,-99.63199334949468,15,9,1,0,18.79,14.376249999999997
7.22,37.19448275514628,-121.79707958008744,37.14806888030477,-121.83073768200302,3,4,2,5,12.99,18.574600000000004
8.87,40.038136038951336,-106.47778310221122,40.035979762576495,-106.49009973921412,10,11,1,2,24.12,19.121749999999977
7.27,39.50529234202227,-102.63382815118814,39.54623577293295,-102.63406732339809,17,30,1,0,14.26,15.999550000000006
4.03,40.39570752147487,-88.39671133359317,40.41683340163555,-88.36163738917591,12,1,1,6,9.89,9.505300000000004
4.8,37.14191349607327,-119.5722342821172,37.18597024988528,-119.54216640199954,19,3,2,4,12.82,12.05340000000001
8.73,39.04245163135075,-101.44859542114186,39.01229521566123,-101.487071828562,20,6,1,4,21.75,18.64005000000002
2.09,37.74601482268418,-77.70406669538022,37.699473822981176,-77.71974291578475,12,13,1,4,5.9,6.920299999999995
4.52,39.39334341167154,-88.23640051768331,39.36856168245158,-88.2718830317756,17,12,1,3,9.68,12.02790000000001
3.07,40.002023305973744,-86.3546894829439,40.03702112382672,-86.39976338133006,3,21,1,5,5.77,8.694999999999999
4.24,38.59105978376823,-102.55793843528488,38.560952914440406,-102.58145373058456,18,16,1,0,10.43,10.826200000000002
6.19,40.86890671666353,-90.77860452513288,40.83430284199753,-90.78182272008168,23,16,1,0,13.47,13.709650000000009
3.15,37.8380884591658,-96.19663063652926,37.85072895562941,-96.17675430812795,19,20,1,4,8.76,8.459349999999999
8.28,37.311409253443934,-79.1730782513809,37.33854803334502,-79.15363590119115,22,10,1,1,17.93,18.178199999999993
6.81,40.47098006787877,-112.60292575661556,40.43499197693615,-112.57142633065732,0,4,2,5,16.43,15.14715000000002
4.05,38.27751403354763,-90.79340386851771,38.279124598299546,-90.7844274202192,19,2,2,3,13.51,10.759300000000003
6.76,39.15297537798944,-116.38821436383355,39.14092476382536,-116.35097572642265,15,11,1,2,20.48,15.254249999999997
14.52,40.05755347177967,-87.82481729959363,40.0607758365461,-87.83406049909372,10,2,2,3,21.27,30.19705000000001
8.56,40.55699003530585,-79.6253420001261,40.57699820099936,-79.62126171628489,6,24,1,1,12.65,18.394550000000024
2.89,39.39315590559417,-117.2083225095096,39.42429164614528,-117.25179373399018,0,17,1,1,6.56,8.810900000000004
7.73,37.97453619532709,-82.87632854262404,38.012574202501,-82.91474386075366,12,8,1,6,16.05,18.188050000000004
6.21,37.445654787755664,-94.413764351057,37.42594485248093,-94.44235608904334,12,17,1,1,13.3,15.39555
7.51,38.64452798948534,-93.79266156950597,38.66154701859162,-93.74347098856671,18,20,1,4,13.94,17.433350000000008
3.32,38.06184239740413,-103.96853622364613,38.01919446327627,-103.96699507602564,6,2,2,3,8.02,9.181750000000003
6.15,39.11305722619167,-93.34963060319286,39.1571387685896,-93.38621128585858,9,19,1,3,12.31,14.045700000000009
6.83,37.81133544898111,-105.93189886256532,37.81059916077657,-105.91460187498735,21,9,1,0,18.78,15.020399999999997
12.38,37.28321732283436,-74.41023102425166,37.31810309251397,-74.41358256992055,18,31,1,1,20.65,26.527649999999994
5.59,40.87413749600662,-76.8094808181998,40.85471620321899,-76.77867375239917,11,29,1,6,13.3,12.147650000000013
5.15,40.24258717516062,-111.45044028197005,40.21572592519733,-111.48033943518334,14,29,1,6,12.43,13.332650000000006
8.61,39.71282567539944,-93.93724933389524,39.75006176936459,-93.9266775235916,9,1,1,6,25.29,20.089999999999996
2.99,37.403883248125226,-96.45739338527952,37.43348862392501,-96.49599499271336,15,1,1,6,10.12,8.408900000000003
5.05,38.19965305645725,-109.47778881995426,38.241640962412376,-109.4925648819035,20,16,1,0,14.41,12.387350000000001
3.48,38.11731298593214,-113.03665685166057,38.12435490803685,-113.01928052438448,11,7,1,5,10.67,9.678049999999992
3.29,37.6562500387054,-94.57186274419917,37.64367755780479,-94.539929828122,10,18,1,2,5.47,9.230000000000002
4.19,39.61937401940412,-113.88645261516068,39.65080888078574,-113.8945074386423,14,28,1,5,8.98,10.775799999999998
9.95,39.545843319645485,-81.02953285158108,39.57191438161272,-81.00643804048264,2,7,1,5,14.84,21.309900000000003
4.61,39.9610177899245,-75.7468539348124,39.94636982141374,-75.73984724859936,5,2,1,0,11.85,11.912350000000002
4.85,37.695267437279,-90.74165930153988,37.67487157802841,-90.78548286490955,7,8,1,6,13.29,11.967449999999996
10.3,39.95803572854825,-97.44902814279028,39.94268244496291,-97.39947623181476,17,23,1,0,21.45,21.734650000000006
4.33,39.36771721236146,-88.15987255705443,39.41007952654143,-88.17890640228326,9,7,1,5,14.23,10.188799999999993
4.38,38.750343313721565,-83.71891778406142,38.7128034412709,-83.73593162875916,3,4,2,5,8.13,10.61719999999999
12.45,40.95229729907126,-115.49957659618616,40.93426839318219,-115.52678708836798,21,19,1,3,24.05,24.891000000000005
6.98,37.26754712185475,-73.52222380903642,37.31054223703431,-73.53200685778113,22,8,1,6,20.0,15.5472
2.61,40.74232008812552,-93.39875660790452,40.74574171737007,-93.36299097862506,17,1,2,2,6.56,8.249050000000006
4.44,40.012909916993486,-106.23878737170776,40.04157676601834,-106.22870705499706,0,27,1,4,13.49,11.464299999999986
6.21,37.72050040196113,-110.40665880972072,37.70224632113841,-110.37580997255996,8,13,1,4,12.15,14.976499999999989
6.94,40.87284127324275,-93.88202288651632,40.85827174417876,-93.84677467526528,0,10,1,1,16.84,16.587399999999995
6.85,40.98652632883695,-87.6049987071879,40.96856865402308,-87.61905951827363,0,22,1,6,18.71,16.64424999999999
12.98,37.673915117197325,-115.5253096247443,37.64287620741563,-115.4801935310952,4,24,1,1,27.51,24.93145000000002
1.93,40.14016168521898,-108.52037547401731,40.13171621821701,-108.47629696080897,13,10,1,1,8.0,7.210799999999999
7.23,37.59062225811034,-85.12248838860864,37.56320195013451,-85.14610633810193,20,2,2,3,13.75,15.93549999999999
9.26,37.8632437814518,-86.81257624631249,37.891222698288864,-86.79732428856575,17,28,1,5,15.95,20.0535
3.0,39.50075524531474,-107.00416051201272,39.50282270882943,-107.00910557587964,0,21,1,5,7.36,8.884999999999998
9.45,39.27146178259802,-74.53088562316685,39.29022297291674,-74.49460174097516,20,3,1,1,25.31,20.09310000000002
4.84,39.40075502834456,-74.84306818498364,39.37473319216917,-74.85791458322208,2,25,1,2,16.63,13.250600000000006
1.02,38.82957514044093,-106.14830569844078,38.81129160011182,-106.1173812597247,3,12,1,3,5.98,4.805099999999999
8.65,38.33395582275222,-79.25574418122392,38.33597427188508,-79.27910842878129,19,12,1,3,16.75,18.9231
8.88,40.09521634442978,-121.7487400465656,40.122773790626816,-121.773926227358,10,23,1,0,18.35,19.23845000000001
5.1,37.69946073360242,-81.10917696500326,37.73092137633461,-81.12895599172617,23,22,1,6,7.2,12.082400000000002
5.6,38.84757919808333,-96.5325813373247,38.87967058863251,-96.4959507954404,20,25,1,2,13.19,13.534500000000005
4.36,37.556985122364566,-85.52745584686332,37.59796856499403,-85.50727373652875,4,31,1,1,11.9,11.551750000000002
7.72,37.622947178470085,-97.77362957008174,37.657193866516224,-97.73104328339603,2,2,1,0,14.26,16.82135
11.06,39.953752393066935,-81.07493926120172,39.921229507773845,-81.0685210311992,5,16,1,0,27.06,22.738750000000024
8.43,39.80323489594051,-105.59229273645812,39.84513748050142,-105.58837492083998,11,8,1,6,19.35,19.7955
15.66,38.658259026629416,-87.0035954042456,38.64767205745812,-86.96987746847051,3,25,1,2,29.37,37.89814999999998
6.13,40.12030796816132,-78.17915145687765,40.16467561130535,-78.19101626560494,13,11,1,2,8.83,14.505749999999995
6.41,40.220038344069245,-104.75249791865288,40.19513181641248,-104.73551960864712,13,30,1,0,13.79,15.191349999999998
4.5,40.4074133963391,-119.6949222731579,40.43313651670445,-119.71548933836172,7,2,1,0,13.43,11.519299999999998
6.2,37.0081034891361,-80.30184416674956,36.96478368240052,-80.31102346080486,19,19,1,3,19.45,13.856550000000022
9.0,39.11819099715908,-104.8381594487589,39.13631092912648,-104.87097031588031,8,12,1,3,25.1,20.172399999999985
8.19,39.01986257298172,-90.35336820146456,39.060744595474496,-90.39774194047467,7,20,1,4,13.82,17.618200000000005
4.96,38.92642136585217,-82.16171700763991,38.88653846598024,-82.18638121384168,20,28,1,5,12.12,12.4274
12.34,39.78691661428681,-90.78499558759486,39.767257386055626,-90.74343384935084,8,15,1,6,26.08,27.574899999999992
4.22,37.62268422849066,-119.40156888702278,37.62710906972087,-119.38380962815611,9,15,1,6,8.66,10.712149999999998
0.76,38.91091760155174,-114.2381177561896,38.95499422263031,-114.26084941997244,17,20,1,4,5.03,4.304149999999998
4.88,40.637369967604734,-99.63297387988636,40.66008510658857,-99.62992986443768,3,20,1,4,12.24,11.946800000000003
6.4,37.3508589052963,-95.87538984811766,37.39490212195977,-95.84938943538891,0,6,1,4,17.09,14.384650000000004
5.64,37.953444578403065,-103.47628244950508,37.9699637790345,-103.5168604062324,4,19,1,3,17.22,13.134799999999998
8.65,40.61886932853204,-98.7217473582934,40.57922231420715,-98.72701936473882,6,30,1,0,21.14,18.402649999999998
0.69,40.066467232819264,-89.7702599368684,40.05998861429509,-89.73633785856765,2,7,1,5,2.73,4.31405
7.82,38.59670802367695,-87.27535930790523,38.61290318868455,-87.30582750196764,20,17,1,1,17.13,19.446700000000014
6.12,38.94489099989252,-84.92106797044582,38.96899919624766,-84.9394553213266,5,11,1,2,18.68,14.784349999999993
4.43,40.195988872492016,-95.93590337349396,40.19397806789712,-95.94095819638754,10,28,1,5,12.78,10.699749999999996
3.45,38.99832361106422,-88.64475625918149,39.006796916838006,-88.60485054935442,15,4,2,5,11.55,9.6662
7.35,37.1671917926376,-81.54290350328432,37.21058371858137,-81.5835529604432,2,1,1,6,19.6,17.110050000000005
10.82,40.958565978793565,-110.49144250811156,40.98942518760287,-110.5144155554654,3,3,1,1,19.3,21.99980000000002
5.43,37.69089819660973,-113.17220038436612,37.68367204722927,-113.2079460943508,11,12,1,3,17.13,12.352949999999996
6.84,39.86955038507797,-92.44539394404758,39.837237383328656,-92.44917285082984,17,15,1,6,12.96,14.591449999999982
6.12,40.22531548619431,-81.55451960969202,40.22139090164862,-81.52075224735411,13,30,1,0,17.97,14.883050000000015
2.37,39.93985615424488,-95.22337020896944,39.9323509043284,-95.2052586432343,20,21,1,5,6.68,7.236849999999997
3.37,38.37148326910037,-85.53669229210129,38.36853206007359,-85.51123440983582,12,9,1,0,9.77,8.258500000000003
4.82,39.858610057809166,-118.32242846394928,39.850008585572496,-118.3053509586623,8,1,1,6,12.33,13.025100000000004
8.52,40.74279771257155,-78.43311971910144,40.73390596747666,-78.42070570979753,14,3,1,1,19.83,18.015300000000003
4.32,38.50298179847173,-76.45120175266624,38.46866082169072,-76.40898716345406,2,7,1,5,8.73,11.057399999999994
11.34,37.87204464679108,-105.20287924740045,37.86349667986654,-105.18025866856142,22,31,1,1,25.24,25.11695000000001
7.69,40.62582142244388,-76.49528423731422,40.59690288375264,-76.46624869133035,7,20,1,4,15.35,17.42429999999998
5.44,37.03894992058966,-109.09748799585292,37.011425978508925,-109.12840876427823,5,26,1,3,12.57,12.808500000000004
4.1,38.08500036443773,-112.6986792723282,38.12670744578897,-112.69997286874997,22,7,1,5,12.54,10.510949999999998
9.48,37.39225040739381,-79.98882440294204,37.37784125030777,-79.95105945952902,9,26,1,3,15.22,22.33125000000002
5.54,39.49500990470811,-98.56870575778748,39.51783229654474,-98.60731696437584,21,23,1,0,14.58,13.0404
11.18,40.18296254920181,-75.3671505476947,40.19925652686915,-75.405252888312,13,1,2,2,27.81,23.55919999999998
7.76,38.3928036346391,-105.7742324017538,38.41437040823408,-105.75201379718284,15,11,1,2,19.9,16.733150000000013
11.54,38.5851533269125,-107.67856032557413,38.61127333749406,-107.64272110222971,22,28,1,5,30.67,24.359049999999996
6.34,37.60943118834005,-118.01110633726816,37.60412223696904,-117.98264473335074,10,7,1,5,12.88,14.262700000000004
6.21,37.54305266560319,-113.86623623926504,37.50468852582001,-113.83291728682644,6,18,1,2,13.24,15.690500000000007
7.07,40.62937323010725,-76.08280749366276,40.64230587288771,-76.05141658054019,9,23,1,0,13.7,16.06589999999999
9.49,40.53418798569609,-114.53246222380452,40.55418915108467,-114.52753685447476,4,1,1,6,14.94,22.77864999999999
8.18,39.67358505504428,-119.14592383178092,39.66474757974967,-119.11414587642538,6,3,1,1,23.19,18.009900000000012
0.67,40.05747645054,-90.55923882663676,40.05622881734374,-90.52363476592006,16,4,1,2,4.44,4.026400000000002
13.28,40.15176489193437,-108.84296064120412,40.16783359502424,-108.81843854166767,16,28,1,5,28.94,26.36669999999997
10.77,40.87815490307826,-106.1736649235686,40.82886557634746,-106.20776806659904,19,12,1,3,28.65,23.560900000000014
5.15,40.57431735277159,-80.68730635888048,40.542778799882754,-80.68875222947887,4,17,1,1,10.81,12.532899999999985
7.41,38.63678741619386,-118.16765976115131,38.634050875824414,-118.16076265868465,5,14,1,5,17.13,16.588050000000006
4.87,37.210240888043366,-104.71200480781836,37.17603361477203,-104.735339697989,9,16,1,0,10.93,12.376700000000014
9.54,38.63867583451621,-117.9683961733534,38.66703414537948,-117.92441410786692,16,30,1,0,18.41,21.441199999999977
3.97,37.628364969006256,-105.81950503943284,37.672214725963016,-105.79028287349,17,15,1,6,10.7,10.64865
4.32,38.01882798973055,-85.82873824450168,37.969833847574094,-85.84473731405774,3,7,1,5,8.41,10.715850000000003
6.75,37.201795353783055,-100.79390209680795,37.17400835000748,-100.83820337558728,14,30,1,0,17.89,15.881450000000003
5.42,40.89677546516136,-109.95912232412728,40.85144050245305,-109.9734143549814,3,2,1,0,11.07,12.79815000000001
3.53,38.207356287280085,-96.70245990087392,38.24416382136364,-96.7057370271482,5,2,2,3,12.12,9.892750000000005
1.65,38.95221027217906,-100.41938618227395,38.966294998977126,-100.40107188035024,8,24,1,1,5.38,6.21685000000001
11.3,38.285861303062745,-115.13361020529511,38.29430793788722,-115.15093391091408,19,1,2,2,21.83,25.43030000000001
6.7,39.28024327619583,-88.14047410216273,39.29105405834544,-88.10134988133315,6,4,2,5,11.95,16.227500000000013
10.29,38.19479115444467,-96.32531425203776,38.163364213861165,-96.36461402038204,18,27,1,4,24.84,22.96805
3.12,39.12123002996108,-73.79563827855748,39.12636986519575,-73.76551182035969,7,16,1,0,5.44,9.160599999999997
9.16,39.08770684925268,-92.3164231354829,39.09086698314304,-92.29692352683402,21,4,1,2,13.25,21.47555
6.86,37.44560710530397,-90.06821402737499,37.45561880627427,-90.11577924662772,0,16,1,0,11.66,15.834399999999992
10.96,38.02829642686439,-103.03777551782008,38.031740764562485,-103.08175058202364,3,27,1,4,26.72,23.216049999999985
2.4,40.15544734251846,-85.93049004173133,40.14952107657132,-85.96477669414249,16,29,1,6,8.24,6.981
5.17,38.28290314704344,-118.88373037658285,38.23432967279784,-118.91682234818632,2,2,2,3,13.59,12.613850000000005
5.85,39.20333958652828,-84.0471810324518,39.24573073468444,-84.0063128895468,15,22,1,6,15.79,13.23709999999999
6.05,39.81668398969154,-114.40245884951447,39.79924957472446,-114.38903254328662,19,1,2,2,14.08,13.823149999999991
10.34,37.99779112154105,-103.7758589537041,38.0077586811197,-103.72593578347605,5,11,1,2,24.3,20.035399999999985
4.18,39.69610756360023,-73.52439564124343,39.74480784855701,-73.55825674591709,15,11,1,2,11.3,10.83515000000001
10.6,38.10534665800637,-85.39167002728696,38.13819892802525,-85.37673504704242,22,18,1,2,17.54,22.7361
1.26,39.16180705175524,-115.33862071815008,39.15723277848761,-115.30144084591716,9,1,1,6,4.75,5.3974
4.51,38.90930620097218,-87.04807070269939,38.95428946417877,-87.02419788753068,3,31,1,1,9.08,11.804850000000005
8.62,40.60492842860536,-96.8467510798987,40.630930391121645,-96.85405723205638,7,5,1,3,20.98,17.973850000000024
5.98,39.01010124346786,-103.49178259546464,38.98952754990117,-103.44750659184736,11,1,1,6,17.13,13.594800000000003
10.52,40.96872232667588,-98.2971133566218,40.93319202691191,-98.33400159064522,11,8,1,6,22.43,23.795500000000015
7.1,37.514395467366,-79.90668101067172,37.53603773846745,-79.91331036670373,11,30,1,0,19.93,16.726399999999984
4.59,37.22689703128783,-96.1459320068364,37.18561864056159,-96.0990215017102,16,27,1,4,10.93,10.7904
11.18,38.69842850641994,-108.8074174277998,38.656341599745495,-108.82082027736652,4,3,2,4,24.66,24.715800000000005
8.86,39.86637341546401,-106.00415026148728,39.82949897290364,-106.0382184956593,6,3,1,1,17.52,20.862849999999998
4.89,37.50200204286882,-112.89643009380757,37.549709022377314,-112.87729826246007,2,13,1,4,11.66,12.068599999999998
14.32,38.88148939199192,-107.89648699318936,38.89976983153807,-107.93076442120508,17,13,1,4,30.01,28.968749999999968
7.43,40.61103789034488,-116.70599702993998,40.61668138849944,-116.67452618758114,6,14,1,5,12.45,17.235349999999986
8.02,39.98692237572514,-97.92152488175768,39.95583848379056,-97.96762557508768,18,3,2,4,22.89,18.329049999999995
15.01,39.67457448159607,-73.82561306460866,39.65384182478429,-73.87147620066018,19,30,1,0,21.17,34.15720000000002
8.67,40.45560356946388,-109.35312719059412,40.41383173423547,-109.32261349386192,11,5,1,3,25.44,19.768300000000007
7.75,39.29154032285192,-100.29223747956028,39.27599858652322,-100.32103987767816,11,11,1,2,15.4,16.6678
12.92,40.12947788533183,-100.78022085974978,40.131027037861095,-100.8202567488697,21,27,1,4,29.19,26.932349999999975
8.58,37.0249557363201,-111.42331080334648,37.06165708146551,-111.467229873794,9,14,1,5,17.1,17.979900000000008
4.66,37.935505698911776,-92.4953324870102,37.92817766643048,-92.45652290376913,2,22,1,6,12.4,11.085349999999982
8.73,37.88384434098402,-118.78590822389472,37.91528832197936,-118.76631739798658,13,11,1,2,19.84,18.993049999999982
5.53,39.02916092863404,-93.68029340329016,39.07323999308692,-93.65999190042884,23,3,1,1,15.98,14.429800000000025
6.87,37.1341799304824,-79.71948431879028,37.10619716854703,-79.74096386184253,1,5,1,3,11.0,16.168849999999992
9.74,38.79492008471567,-100.78077783591144,38.76095177678007,-100.73205841835968,4,21,1,5,23.01,20.687099999999997
13.13,39.65718456430996,-75.99470431641943,39.70051113839405,-76.0352730453857,14,29,1,6,23.64,23.919949999999968
3.59,40.39317292969298,-112.30976747701204,40.43226838344701,-112.27488995692276,8,12,1,3,10.03,9.737799999999993
5.42,37.70683173016662,-109.8273184257022,37.716521880010376,-109.83332199630544,11,3,1,1,14.6,12.207249999999997
7.96,37.284641935364725,-103.9405902443158,37.23703468822459,-103.98427834446566,5,5,1,3,21.64,17.489499999999996
6.08,40.410626283038205,-110.70526368716902,40.45432529886368,-110.68527152506616,19,11,1,2,12.34,13.831699999999985
2.77,38.66952979979947,-110.9823930501436,38.62249450181331,-111.01211775197052,23,23,1,0,11.27,8.033000000000005
7.62,39.33632826844053,-85.10623702267968,39.33804149092094,-85.15076754650411,22,22,1,6,14.54,15.581150000000006
9.82,39.27736544590197,-102.51056404034463,39.3020819151847,-102.47618308249186,12,15,1,6,22.47,21.43060000000001
7.46,37.012684161511885,-117.15529232728234,37.02965444876389,-117.11415176215692,16,4,2,5,20.17,18.304900000000014
7.23,40.58804165901186,-100.45083851207464,40.60033316503125,-100.43919175184656,13,13,1,4,18.39,16.034949999999977
8.12,40.26818985827762,-86.90831157300516,40.3154511645954,-86.95804488893788,10,12,1,3,16.7,17.62850000000001
3.58,37.687966281494816,-116.43298133852824,37.71023625960226,-116.43149772620905,21,5,1,3,10.84,9.293900000000006
5.22,40.84202696162757,-117.8026948034164,40.81113452808479,-117.79579588550176,7,29,1,6,12.01,13.707849999999999
8.77,40.472422667125045,-111.8607696184948,40.49850335955807,-111.83939188074184,18,10,1,1,13.22,19.691450000000007
9.57,40.11741296708352,-77.75234034662006,40.153650537484026,-77.74983451027833,12,5,1,3,16.27,20.9095
7.28,40.44064227477941,-102.32203902061728,40.40871976893432,-102.32303599442962,13,27,1,4,14.5,17.465750000000003
14.62,40.20050630944584,-120.5378579138275,40.23948329513989,-120.505062670482,20,31,1,1,29.94,29.73215000000001
7.69,40.2764912682105,-109.42776434159092,40.23408958395803,-109.421339793125,6,10,1,1,16.25,17.130650000000003
9.12,37.32212942160397,-120.33917631408916,37.3339559133409,-120.30470957924662,1,16,1,0,20.0,20.340649999999997
9.72,40.844353806110085,-99.19335810669187,40.834319876893176,-99.22249926861215,15,24,1,1,20.91,22.289250000000017
10.58,38.18292783860354,-74.22163051421181,38.17876425992844,-74.23763817988237,22,12,1,3,16.24,22.23575
9.88,37.05832182920673,-86.45375426241168,37.08001525736797,-86.4286466279178,15,3,1,1,14.82,22.846850000000003
3.01,39.819402418432,-109.9590439073692,39.82144780716866,-109.95369725942533,1,21,1,5,9.35,8.761449999999996
5.09,40.82544900115551,-88.8083257484989,40.813767199655736,-88.78537549343655,21,27,1,4,15.71,12.254750000000001
10.24,37.80938661544989,-97.96399623037529,37.8096058259277,-97.98871678392445,22,17,1,1,25.33,21.82325000000001
5.75,37.288220507979794,-86.16198451161172,37.26704386440967,-86.11549627238394,5,29,1,6,9.79,12.912800000000004
6.49,38.24654624787383,-75.31765033260686,38.27196487055707,-75.31885638125436,15,7,1,5,10.56,14.096150000000002
8.8,40.808224801360446,-94.65977270218876,40.83088160122652,-94.67769257299337,1,9,1,0,22.69,19.645000000000003
7.19,40.75242173850177,-96.15723071032588,40.78383545899648,-96.19215592528464,11,27,1,4,13.79,14.970599999999989
6.82,39.97659399667008,-90.81993565416631,40.00534043155553,-90.80759340611266,20,3,1,1,15.34,16.020350000000004
10.39,39.97930737463216,-103.00159956112132,39.99358631053156,-103.01556179545813,0,18,1,2,24.74,22.581549999999982
10.33,37.54664283976748,-115.62408674799468,37.53311064141836,-115.62284798207271,20,26,1,3,16.63,21.91830000000001
7.0,37.57330001645309,-82.36618750187837,37.54704944517921,-82.3230293824351,21,25,1,2,18.65,16.220250000000007
4.45,40.11330736820267,-79.21950871787487,40.11210717599468,-79.18172953004385,22,14,1,5,15.0,11.871250000000005
0.04,39.30306448623271,-78.00956255172662,39.34282614434678,-77.978056401568,16,1,1,6,3.01,2.907500000000001
8.44,38.082821543984494,-92.32869045519836,38.12976118231349,-92.35605881981246,8,4,2,5,25.09,18.335799999999995
10.98,39.62521945772401,-87.34920492719473,39.593779904779645,-87.32465639780185,3,17,1,1,18.81,21.313499999999994
10.96,40.94710591179148,-76.74128077573744,40.926665148258174,-76.79099551069342,3,5,1,3,28.98,24.004999999999995
7.97,38.572510151314965,-96.34488992553092,38.55000322364865,-96.3745242507176,0,18,1,2,20.75,16.768250000000002
10.02,39.94464417100687,-103.58127717247544,39.98722357933171,-103.54768364597524,23,28,1,5,22.78,20.38085
10.22,39.019078497038905,-97.8141715847451,39.05116396670926,-97.80931237479793,6,16,1,0,18.84,22.252050000000008
11.61,38.348536434723286,-84.16414553819608,38.36437836826292,-84.18582360322871,5,10,1,1,31.4,22.867150000000017
9.6,38.11848800615626,-94.63454525868212,38.09974440669581,-94.61021585126488,7,18,1,2,25.55,19.738249999999997
6.4,38.451354060144645,-105.94302103875911,38.42178907086827,-105.89672157786968,18,23,1,0,17.8,15.601600000000012
4.44,39.82130257704834,-112.36429804977384,39.85944520982147,-112.40047634450735,19,17,1,1,12.69,11.429799999999995
8.98,39.63832957206337,-75.61141912722033,39.67914677479401,-75.59864761562206,1,1,2,2,26.14,18.422
7.66,40.32148098737688,-107.90482821856028,40.367410958396256,-107.91700036918029,15,3,1,1,18.98,17.393499999999996
4.71,40.26528748058261,-104.49959149163838,40.24111092118498,-104.5161013031456,0,4,2,5,8.5,11.512999999999995
10.0,37.38573696853147,-101.58399316706064,37.37241303317828,-101.62786804896078,3,21,1,5,23.17,21.41494999999998
5.57,40.9399175765056,-121.19467675401074,40.93189088469606,-121.20579792924168,18,9,1,0,10.84,12.671100000000008
11.24,37.31734559997755,-96.7607121312906,37.27792923609137,-96.74264904759464,20,12,1,3,19.61,25.27360000000003
6.47,40.18313244743239,-83.4409047264185,40.18024753684804,-83.42347252422756,11,12,1,3,13.36,14.397600000000011
11.34,40.02128418965082,-108.98741949740518,40.049376181532246,-109.03220904215108,11,3,1,1,22.59,26.038299999999985
9.1,37.15169752733513,-91.57334147692052,37.16225920869929,-91.5365539398938,3,3,2,4,19.35,21.107349999999986
8.3,39.91636879115263,-84.85593082956488,39.88359693845248,-84.83269325627745,9,31,1,1,15.9,17.801000000000002
9.06,40.95793208160468,-103.84668212445978,40.942473944315005,-103.84460926685055,22,26,1,3,20.55,19.73515000000001
6.22,39.51891928281047,-81.19651985822416,39.49153317094088,-81.20505878054547,11,2,1,0,18.23,14.592599999999996
6.98,38.15480189325333,-102.31726000867393,38.20370005940238,-102.3394169137233,17,9,1,0,13.04,15.870099999999995
8.31,40.24507646900655,-108.63933383237249,40.2029519269007,-108.64295140013044,15,28,1,5,22.58,19.04509999999998
5.78,40.48544871140105,-75.2286995077014,40.439413854761504,-75.2350720042633,3,18,1,2,15.39,13.734300000000012
6.01,37.896568512754136,-104.1538535329627,37.898036472188096,-104.18593933938658,8,20,1,4,11.97,13.76890000000001
5.6,39.44463724626302,-90.73419769003226,39.48015966310482,-90.74832874748871,5,6,1,4,14.54,13.988049999999998
5.39,39.42780849627148,-93.66806790185352,39.44138575018472,-93.62696276911966,19,5,1,3,12.31,12.145950000000012
9.79,37.0007492278035,-99.32183713527132,37.02218583408126,-99.31529322951616,2,12,1,3,23.92,21.816349999999993
8.63,38.75416597994815,-93.61908399368686,38.74264585431143,-93.60449653155928,10,11,1,2,18.79,19.145800000000005
7.53,37.129797698114686,-82.53812631033222,37.10313691120293,-82.56282543227518,1,27,1,4,17.89,17.66635000000002
12.6,37.572764298539575,-74.86234415760265,37.61717622427111,-74.87514663953877,17,7,1,5,26.3,26.718400000000017
10.14,40.004007549584735,-75.50502712123941,39.99886931960507,-75.46552509065233,12,3,2,4,27.19,20.2289
9.11,37.84008340203769,-109.97158613153276,37.81944067505236,-109.96843732781753,20,9,1,0,26.39,19.484400000000008
6.16,38.97514572748478,-118.29577574063477,39.01881950068856,-118.27836065804898,19,31,1,1,13.29,13.872000000000005
5.44,40.76412600373384,-88.97610803253119,40.802035662700455,-88.96528871655438,21,1,2,2,9.16,12.80315000000001
4.73,40.29861737617162,-80.05004423576845,40.26493225111643,-80.02429528104247,11,30,1,0,11.59,11.571399999999997
8.75,38.18660896864172,-78.52110855425641,38.22076032474845,-78.53237646476785,9,18,1,2,13.6,18.962950000000006
5.45,38.82823435887559,-92.9686045690067,38.860335043978864,-93.00593107841802,22,17,1,1,17.4,13.00620000000001
4.74,37.13445523831928,-83.53260396595493,37.10115209042122,-83.50296256790926,11,16,1,0,12.43,11.450600000000014
4.76,39.08655081002036,-105.98451738199088,39.09037196752249,-105.99458835262504,17,2,1,0,11.04,11.558899999999987
9.04,38.12003808291234,-105.90179016593667,38.110765774901104,-105.8688053007936,2,22,1,6,25.37,19.83750000000001
7.51,39.09738781842479,-121.26165295487432,39.051273938595486,-121.23816960158776,21,20,1,4,21.96,15.97980000000001
8.08,39.39918108246728,-85.5134270696924,39.36766837656002,-85.47197357793779,13,1,1,6,12.72,17.8265
5.02,37.95253114393853,-96.7212910277925,37.99185412047838,-96.69609429122538,5,29,1,6,15.28,12.409
9.79,39.98687606628933,-101.9651013368926,39.989213929203046,-102.00973645844726,10,13,1,4,15.12,21.74724999999999
7.11,39.21784703253994,-95.37402957424749,39.20753065053982,-95.37154673238652,5,1,2,2,14.96,16.53320000000001
7.13,37.34163447221184,-100.78153524884556,37.3533534360677,-100.7906077157398,13,2,1,0,17.71,16.35415
5.11,37.70996173581822,-79.2491706311385,37.69696465234328,-79.20865903732769,15,4,1,2,9.35,13.670749999999998
10.11,39.59965184757406,-101.5971694411686,39.64759000598183,-101.54960572180885,5,21,1,5,21.18,20.945250000000016
8.07,37.38882956071863,-93.90622311461289,37.40855652961496,-93.92421910707932,1,4,2,5,13.63,19.4247
9.7,38.25461159127367,-97.03022556153488,38.29750786263056,-97.04269976789396,9,21,1,5,19.43,20.263950000000015
9.23,37.03663737744045,-97.43910925460752,37.00500654742133,-97.4445977975654,20,23,1,0,16.14,20.139400000000002
4.26,39.570841638453295,-109.22144024586396,39.55443980292062,-109.25896601070951,5,13,1,4,8.22,10.164800000000008
5.18,39.60523317262358,-104.22389540081927,39.59116762475793,-104.2075979998138,1,24,1,1,11.64,12.728000000000002
6.14,39.429650290288336,-116.1545497912075,39.47493661778319,-116.19434345151538,15,30,1,0,11.38,13.350850000000005
5.84,39.61495444719828,-110.13959866254964,39.58363124809076,-110.10549955498468,22,9,1,0,12.33,14.69475
2.52,37.006415018918034,-99.94427038998094,36.96503400297714,-99.9473957680795,22,28,1,5,9.26,6.962050000000004
9.41,39.65618810052656,-98.0159610615106,39.66935891664398,-97.99543759251408,19,22,1,6,25.1,20.029049999999987
4.83,40.31244527609555,-114.0323295049118,40.31950942721297,-114.05267572738626,8,2,1,0,11.15,11.602549999999992
5.25,40.77346510775775,-78.06436827862757,40.78823393698098,-78.0902366385156,19,22,1,6,12.29,13.46754999999999
5.59,37.83987779081848,-91.44713027019569,37.858391149389,-91.48716127235868,8,7,1,5,12.38,13.010899999999987
4.48,37.0402099279392,-96.85672016436769,37.07577017742503,-96.82555913729732,0,13,1,4,11.53,11.49284999999999
4.8,37.8428866532578,-87.36507822921136,37.82167902181048,-87.36203361963754,23,2,2,3,11.27,11.221950000000009
4.73,40.7380969306481,-74.48442356641107,40.72021505719918,-74.49523239041736,4,7,1,5,10.36,11.954300000000003
2.48,37.4243852145223,-104.03573738809544,37.47128138686087,-104.03977629105688,14,4,1,2,4.82,7.099650000000014
3.61,37.96670133118542,-114.1234201094289,37.95983857740984,-114.1558684214396,20,13,1,4,7.12,9.577950000000001
5.08,40.31852028203616,-81.48994418191664,40.28214055454089,-81.5134939744606,0,12,1,3,13.98,13.13609999999999
4.56,39.98732271052332,-96.7782482282883,39.98661108038381,-96.79873090181262,8,3,1,1,13.67,11.45739999999999
5.77,38.224680777191175,-103.06905343536776,38.25765096581016,-103.1029636395626,11,17,1,1,13.95,13.809299999999984
8.66,39.64531186503288,-81.04719373189678,39.62235601744575,-81.05118433031338,5,21,1,5,21.0,18.75405000000001
3.78,37.22214313637822,-83.69538697955022,37.228201924624216,-83.65124471123295,23,19,1,3,9.5,10.695049999999982
8.47,37.775383056441015,-93.74637537486215,37.77411030148184,-93.72667499344284,11,8,1,6,15.46,19.243750000000013
4.65,40.28177972086987,-85.92289877330256,40.29739490879602,-85.87594655795837,18,11,1,2,12.97,12.389400000000007
10.05,39.88816458657419,-104.49073937170104,39.92664040635346,-104.48257312347968,8,4,1,2,25.63,22.55025000000001
10.29,38.89735014298565,-90.5652668674958,38.8842374321549,-90.5748976313518,17,4,1,2,25.65,22.606400000000008
11.79,39.174492781815786,-78.8011380358459,39.182975552750285,-78.7635001375346,5,11,1,2,15.46,25.615650000000027
4.44,37.50562441774584,-107.86008009792596,37.50945749248856,-107.86206810178142,10,4,2,5,8.4,11.670750000000005
2.01,37.48250937880603,-104.8022061152736,37.46718380477892,-104.83076534951545,17,24,1,1,7.08,6.5072499999999955
3.3,37.87956017360089,-102.51869367309648,37.85329349046258,-102.50749416999406,14,4,2,5,12.37,9.135449999999988
8.41,40.427005045778174,-102.6805080201002,40.3923638397038,-102.65551459654183,17,21,1,5,19.98,19.49885
4.01,37.1286710444441,-88.8128255327385,37.16911210332003,-88.7896811280362,7,5,1,3,11.16,10.494250000000006
10.96,39.82702321206485,-113.5352292152443,39.829305398911295,-113.57537180888136,9,11,1,2,22.42,23.11119999999999
8.4,40.54045443697255,-90.74855950789744,40.57196953802791,-90.78101964198856,23,18,1,2,21.8,18.355
10.38,39.71488412704706,-81.49991588632102,39.71565050975087,-81.51218119692845,8,2,2,3,24.11,22.060300000000012
6.11,37.20925705475128,-102.1476506868326,37.18418063418969,-102.1569200441141,18,17,1,1,17.58,14.327949999999996
11.24,38.17210275510598,-74.3868665222875,38.20672757861612,-74.42548181585681,7,17,1,1,15.85,24.72129999999999
8.8,37.57931429132324,-109.76645653780903,37.58231942544079,-109.81541280502668,11,19,1,3,18.36,18.937150000000013
7.91,40.8759041652874,-74.4076030793719,40.89201369681643,-74.41667401855364,22,13,1,4,20.26,18.50295000000002
10.73,40.76546459371974,-78.21810321664509,40.77233100963565,-78.19433427295944,15,28,1,5,24.46,23.06645
4.62,40.57011844926564,-92.69998490853162,40.60524832606385,-92.65815545220288,17,17,1,1,14.62,12.0924
6.71,38.483417764859055,-74.48821117635228,38.47158566598413,-74.51381596586869,11,3,2,4,9.75,15.655800000000015
2.3,39.418024729332885,-77.52698027963206,39.3803516299392,-77.50069447719876,23,18,1,2,7.02,7.043649999999998
6.93,40.8910888363274,-118.3853169770684,40.90466903136705,-118.38929378713476,23,21,1,5,16.4,14.442449999999992
1.81,38.16497667760065,-121.8001367791125,38.18970134694827,-121.78236290342087,9,19,1,3,6.84,5.495950000000002
11.72,39.15461847155186,-74.06243510635062,39.17897033803701,-74.11213634186181,21,10,1,1,20.95,25.727249999999994
11.31,38.75452358773809,-85.63726779966589,38.70967309182846,-85.59676737872076,21,22,1,6,21.51,23.43605000000001
6.8,38.849923078927496,-119.45136780313628,38.8670769585596,-119.4841005500937,10,1,2,2,21.72,15.31220000000001
6.14,37.87804485774935,-106.64717188259785,37.84807862869786,-106.68405907352532,5,7,1,5,14.53,13.722000000000007
7.62,38.996876433868245,-119.35375276505114,38.96187542084318,-119.30450872984528,3,6,1,4,20.54,17.38004999999999
6.95,37.9844759310856,-97.16847162831756,38.025722318563965,-97.21443731441344,7,27,1,4,17.07,16.297349999999984
4.87,37.465103160328674,-98.54843126078065,37.42558356238807,-98.58206069302328,6,28,1,5,9.79,12.673549999999988
0.93,39.09388986068872,-79.0776632721959,39.11495108063833,-79.08218418915624,23,14,1,5,6.02,4.433199999999998
6.5,38.79095905253098,-93.91573467693593,38.81202745456393,-93.91552575388084,15,15,1,6,18.13,15.658199999999999
13.83,38.48690256924488,-119.1174802645848,38.50945414816529,-119.10932129323866,17,4,1,2,25.03,28.656199999999966
6.62,38.71927652094192,-98.6315551570974,38.68606156278626,-98.67811362358204,21,2,2,3,12.36,16.624599999999997
7.48,39.66202226740132,-82.36087798534486,39.62383985815064,-82.39882708943173,21,2,1,0,22.53,17.589749999999995
6.66,40.66073216195489,-81.10873374376084,40.63086244541385,-81.13632130792877,4,13,1,4,16.94,14.413250000000003
9.71,37.1813795201281,-107.49159978648149,37.15834606167877,-107.50241789895216,14,20,1,4,26.02,21.46170000000001
7.58,39.27677573023208,-81.27191803750208,39.282655713061786,-81.26561587782338,4,4,1,2,16.6,18.065849999999987
5.33,40.81206285922042,-101.51536339520192,40.84115996985727,-101.56008048160707,8,1,2,2,14.38,12.785750000000009
4.13,39.387914496967625,-101.01813269213736,39.4138880491125,-100.98880068888953,18,26,1,3,10.17,10.6648
12.51,39.09253072645728,-113.74809970489058,39.075961184363386,-113.73982575504368,20,22,1,6,17.09,26.831550000000007
4.5,37.96843633349773,-115.50583757747964,37.92784536131119,-115.54016910969553,22,17,1,1,13.99,12.041250000000005
11.25,37.68136038625107,-76.71324058335337,37.63537020880863,-76.72488840671608,22,22,1,6,20.9,23.520050000000005
9.57,39.17344386019739,-91.1204804541636,39.1271297196176,-91.11777390607476,13,6,1,4,14.05,19.80954999999999
7.22,40.61886777880862,-114.55528620170128,40.66798424735842,-114.59472948611482,14,30,1,0,20.17,16.50989999999999
10.86,37.54407529936979,-120.13300486170296,37.52608894717156,-120.16813471407208,20,23,1,0,18.16,21.055799999999998
10.98,39.29222867714518,-83.26784508638636,39.276686765502106,-83.29330768090534,11,28,1,5,30.7,23.08144999999999
13.25,40.9200079258916,-85.2300823840883,40.94318752877202,-85.2542858018265,15,10,1,1,37.52,25.50629999999999
1.02,38.89235071153429,-112.81283364264972,38.90413586955537,-112.86265799759248,23,17,1,1,7.43,4.688199999999998
7.1,40.88836956660216,-112.90697533645672,40.83959742872503,-112.880842700737,4,1,2,2,16.5,15.16724999999999
4.66,38.48465076670254,-107.15092164496602,38.51623441983883,-107.10773083777129,4,13,1,4,12.07,12.095050000000004
7.52,39.48397086353175,-100.87065550897846,39.518599933800495,-100.85497201094157,11,28,1,5,23.22,17.13519999999998
6.53,38.380041257277405,-121.12247090523208,38.35766754096088,-121.15293313015712,11,1,2,2,13.74,14.618500000000006
7.89,38.526808086604,-93.65002531855514,38.51172562333826,-93.65704665607376,1,14,1,5,17.19,17.11025
9.35,40.95492277828755,-73.43614825426796,40.99006450573239,-73.46076693145012,14,21,1,5,25.34,19.19864999999999
3.93,38.48537235564469,-95.75004076924506,38.47297050238599,-95.76584745267476,2,8,1,6,8.53,9.787800000000006
9.32,38.85651813473864,-87.23952954795773,38.814141227402914,-87.25044750533465,19,19,1,3,19.37,20.506050000000002
8.27,38.80208442989881,-80.59201974980908,38.779159921480165,-80.60063331087943,1,10,1,1,18.72,17.84550000000001
8.66,40.44472744559953,-79.14537438968077,40.43341413597195,-79.15964501575861,2,7,1,5,18.65,19.542150000000003
8.41,37.279261024636014,-87.23532511470788,37.300936598265295,-87.20818821566074,8,2,2,3,15.45,19.22640000000001
8.1,40.7753003089632,-98.7565911704028,40.74522767275714,-98.73797476803648,16,3,1,1,13.35,18.503499999999974
7.93,38.22602145862942,-99.50952727886148,38.26475589953365,-99.51534802695708,22,26,1,3,14.54,17.64844999999999
7.24,38.04106488360371,-113.84412371971594,38.030717780314646,-113.84496722823064,9,14,1,5,15.39,16.3973
10.98,39.43181550834343,-108.06056614723448,39.47462867097258,-108.09175086579177,13,26,1,3,21.2,24.515650000000004
5.41,37.72307892596922,-103.11138789270711,37.71608259651875,-103.09667844721956,11,7,1,5,10.93,12.632100000000003
7.5,38.896849777316696,-81.53798339765981,38.908772665193325,-81.56674718860606,5,10,1,1,15.06,16.83139999999999
10.35,38.03709535012099,-89.52537418691212,38.03548403660733,-89.5217996678781,0,23,1,0,19.93,23.668950000000006
9.18,40.66413027642451,-120.60411719453826,40.71009509140294,-120.58166540860424,9,4,1,2,14.71,17.930050000000005
6.48,40.57354785872306,-87.02282156205817,40.60986756152148,-86.98146517386648,19,3,2,4,11.59,15.181600000000001
5.26,40.33806020576436,-101.43800496201716,40.35363961560727,-101.39602343878036,16,1,2,2,12.16,12.621550000000012
8.95,38.86866917645585,-83.22187932238177,38.85752568636609,-83.18962889614,6,1,1,6,16.77,21.354450000000007
2.62,37.22152162524488,-106.4109950822541,37.23650260104657,-106.37748752590632,5,2,1,0,9.72,8.804900000000009
8.15,40.34115226669786,-98.38473137161864,40.29899771972188,-98.36927072394164,6,14,1,5,20.77,17.693100000000005
6.99,40.85798461658744,-90.17063379288189,40.896470167651664,-90.13332705208587,20,9,1,0,15.08,15.80050000000001
9.05,37.23591580434204,-80.78129160108045,37.212661070397125,-80.73141781023831,12,19,1,3,23.16,18.87440000000001
11.77,37.612759536669024,-92.1245648359323,37.59377593933202,-92.09739398379376,15,26,1,3,33.64,24.121650000000013
8.94,37.45664742647723,-118.5271524908961,37.481228765338095,-118.55476390186855,23,25,1,2,12.44,18.387749999999993
8.72,39.84896824952772,-108.04479912538856,39.89395322376511,-108.0041666240166,18,21,1,5,24.51,19.644700000000014
4.9,39.5450806090552,-86.62713631692972,39.56369840245083,-86.62304762520296,6,11,1,2,14.67,11.250349999999994
9.74,37.90016042428311,-97.14850708689926,37.88275396196962,-97.09867210612396,18,9,1,0,17.79,21.402100000000004
6.21,37.22712661939092,-109.34584616214494,37.19634575168888,-109.3354819198026,9,1,1,6,13.6,14.830550000000015
9.17,37.215715694167926,-108.69568915109308,37.16910260139086,-108.72264159092516,23,12,1,3,23.12,18.717949999999988
3.54,37.70940236947581,-117.38189378436776,37.700512379147696,-117.41032318204516,21,4,1,2,10.33,8.441500000000014
8.86,39.18682778015656,-92.51364626711155,39.14495576946225,-92.5027917067428,6,15,1,6,17.9,18.92785
4.96,38.89125473151668,-78.0199887660113,38.86939758385611,-77.97452881375746,9,9,1,0,12.83,12.223850000000006
5.42,40.1126470030224,-97.60478002942878,40.14766693444808,-97.6048901216154,8,12,1,3,11.91,12.590700000000002
12.64,37.708794606599405,-105.16039031490016,37.71645387390152,-105.14470516098186,4,3,2,4,29.75,26.83555
3.56,39.82341646895734,-106.14019368140735,39.85538262042474,-106.16016001785374,7,22,1,6,11.72,9.062900000000006
11.53,40.7048123436804,-105.28960726760111,40.70702102791778,-105.31902240949124,18,27,1,4,19.76,24.573599999999995
12.79,40.69447297370407,-78.21789376019564,40.7348604264422,-78.24571629534056,19,17,1,1,25.01,26.912300000000002
4.38,40.74111430187344,-100.31114219123356,40.70987290010628,-100.325868444257,8,4,2,5,8.59,11.868749999999995
6.21,40.73045346622987,-102.6301123262995,40.76636501132805,-102.61888834282828,11,4,2,5,9.43,14.867500000000014
5.56,39.43369215390975,-79.35449234791551,39.44509094354828,-79.31084282380027,11,7,1,5,16.48,13.557049999999997
7.38,37.934872688921104,-75.47018927535623,37.93991405035423,-75.46116209497967,11,4,1,2,16.81,17.60359999999999
8.59,37.64547267581271,-118.56572067830552,37.63711748871121,-118.59818551370702,18,6,1,4,17.5,18.864300000000018
5.01,38.69949713943212,-74.53860612943171,38.65260422351779,-74.57789528329563,10,4,2,5,10.74,11.964600000000003
6.08,38.97620680828005,-106.03221919845262,38.9724094745858,-106.08058831752842,6,8,1,6,18.45,13.69355
12.32,39.25870507076514,-120.5457871740427,39.258120450835975,-120.50145962343748,16,28,1,5,33.02,26.948150000000002
13.47,38.325937439631765,-97.65156423878322,38.37207117238645,-97.67239298964458,22,26,1,3,19.48,23.402750000000005
5.14,39.76950922717684,-105.87810211261235,39.79145057700233,-105.92185399636416,17,9,1,0,10.13,13.075900000000008
13.56,39.49554936881867,-119.18380918000278,39.51467864591797,-119.2141734939976,12,23,1,0,34.61,29.192749999999997
4.9,38.48077505051086,-87.31777414889177,38.529274631499696,-87.31395542633844,9,3,2,4,7.41,12.032949999999985
5.28,39.23424915569162,-118.99334251303095,39.22626451854497,-119.0298358551294,4,15,1,6,11.5,12.584900000000003
13.91,39.726296038864014,-121.24886282487591,39.75869175883367,-121.26419372842558,20,21,1,5,35.47,31.04105
8.11,40.036273078212695,-107.55348281657332,40.07723995259342,-107.5736933543274,5,22,1,6,22.42,19.530900000000003
8.14,39.93019446612652,-97.6953025828012,39.89315737315305,-97.66629667778165,21,13,1,4,14.7,17.446349999999985
6.09,39.594608960088685,-82.9398385103035,39.64179451765814,-82.94434397091219,13,5,1,3,16.64,13.799650000000007
2.81,39.2430702249233,-86.7096919998479,39.28870066919611,-86.71452022799633,10,3,1,1,7.06,8.007200000000001
9.05,39.76944802873426,-107.7292194164254,39.7341597464362,-107.71400029422492,10,3,2,4,20.76,20.343399999999985
7.57,38.433516016624345,-74.45131800709389,38.42394595519372,-74.4253630748751,13,18,1,2,15.43,16.802599999999998
7.48,38.4745662440307,-106.04697702838202,38.42807627009046,-106.02741212194096,10,30,1,0,19.9,17.527399999999986
3.44,38.705240522344695,-96.85189214158405,38.73979377517296,-96.83436810414082,18,24,1,1,8.33,10.13175
6.57,37.17641037742305,-118.71564631737112,37.153905680998,-118.70348707311084,18,10,1,1,14.7,14.21405000000001
10.23,39.15588286136367,-89.97240502175845,39.1717220884782,-89.93075885442458,12,7,1,5,20.85,22.298050000000007
12.54,37.09376419154502,-93.07304783214832,37.05570002107628,-93.08470113047082,12,20,1,4,21.01,27.309749999999998
9.37,38.67365321050428,-102.41270168802868,38.72176582082849,-102.38432799228232,5,4,1,2,20.61,20.466699999999992
8.54,37.05808535560438,-108.68854473565762,37.0672929717426,-108.71822627773564,22,8,1,6,18.66,18.609300000000008
5.22,40.25404272974409,-110.92918864964446,40.20855368993141,-110.9535324961776,12,11,1,2,13.41,12.589750000000004
4.39,38.897845108684905,-107.88403306033187,38.9247766313204,-107.92768814011168,20,1,1,6,9.92,10.728950000000003
11.61,39.32693481353497,-84.65748915290926,39.365931553239975,-84.65584128541478,16,2,2,3,32.65,25.40914999999999
6.52,40.55250992012828,-73.19189058979441,40.56589935469619,-73.1703327359569,20,3,2,4,12.12,14.823899999999986
8.13,37.22780674121284,-119.67357253533906,37.23582073936906,-119.6422873247217,6,15,1,6,21.02,18.26845
2.37,37.02878383921299,-79.87580754196898,37.002000528651415,-79.91171937640185,22,14,1,5,8.45,7.083250000000006
4.97,39.66411967605971,-95.64566079057948,39.67030273206861,-95.6223853097441,13,26,1,3,10.59,11.912000000000008
4.76,39.929972153761774,-112.55352700723148,39.92927154891132,-112.5606272095341,7,31,1,1,10.46,11.504149999999987
2.67,39.666080626760525,-105.86266442381516,39.68703779395801,-105.8516370551265,11,25,1,2,8.6,7.874749999999995
8.78,39.64758396931174,-100.2089428848004,39.6870401418589,-100.20152796853212,20,16,1,0,22.44,20.105600000000003
7.98,39.06775510584614,-100.65579116964508,39.02829844395173,-100.63981897848718,0,13,1,4,11.16,17.22920000000001
12.87,38.99935564681534,-120.37892275057992,39.04405995471254,-120.39145373468948,18,30,1,0,27.51,28.799149999999987
7.94,38.13504210438806,-109.9317387403226,38.15473680325091,-109.94869104659703,20,3,2,4,15.58,17.51910000000002
6.61,39.61893194311596,-97.23937265757174,39.66493659145851,-97.21968005967196,11,6,1,4,16.95,16.35000000000001
8.24,40.59031454231993,-93.47105671618944,40.6193945252368,-93.44283311736062,14,27,1,4,21.49,17.82905000000001
1.56,39.3240389613844,-120.80080738698156,39.29949249254145,-120.76650906156182,22,23,1,0,7.92,5.1556
9.99,37.38994385101654,-79.97475626722897,37.36294476619808,-79.95735844521815,23,17,1,1,24.96,19.66565
6.19,37.04377423780769,-75.38901805338193,37.07078108373175,-75.38667340053719,22,22,1,6,13.82,14.475200000000012
9.48,39.20148145272837,-76.6277033950312,39.21565434872129,-76.65984823417756,20,10,1,1,17.92,21.616950000000006
8.79,40.75382880740915,-103.00086994166472,40.706378833987046,-102.98507402455938,3,13,1,4,19.34,18.961350000000003
7.99,38.43944162068562,-102.03874377926184,38.44751758473607,-102.04171280912972,14,29,1,6,21.74,16.501350000000013
7.28,40.85797341937328,-106.83031443627874,40.8785711844806,-106.79430995143508,5,4,1,2,19.83,16.104
5.15,39.03518486375685,-85.66793618943976,39.06351861901887,-85.67028068430126,4,30,1,0,10.96,12.33825
15.28,40.90785703879065,-82.05323980987379,40.8595441228922,-82.03499060709976,14,30,1,0,36.08,31.002150000000007
4.15,39.28533501685407,-81.48593249648303,39.31014224219583,-81.48586518059385,3,6,1,4,13.17,10.13780000000001
5.32,37.81399467325629,-118.75108739261076,37.80638674208371,-118.7735155901355,20,29,1,6,13.02,13.268899999999995
7.83,39.577148991832736,-76.27076213334566,39.62156767795844,-76.26548559081978,12,27,1,4,18.78,17.511549999999986
8.23,39.42787184433308,-77.40787508528388,39.41076208505856,-77.4226535970132,18,1,2,2,12.07,18.144400000000005
6.7,38.041601161516105,-109.88548031137924,38.04170926672624,-109.87322821565068,21,6,1,4,19.52,14.434349999999995
5.08,40.551189026743,-116.76012622730114,40.600473079018535,-116.71880544650136,19,26,1,3,12.11,12.37664999999999
12.85,40.19508103840813,-77.43258634887366,40.20309721666917,-77.47392811001447,13,3,1,1,20.76,25.018950000000004
5.45,39.59962831939635,-94.81921812930187,39.593500899559245,-94.8429254692081,10,1,1,6,13.36,13.234600000000006
11.24,40.12479450586013,-86.79023015361324,40.07928686128433,-86.76154374001408,11,10,1,1,17.73,23.35819999999999
8.72,40.40589812150323,-77.20638418473382,40.42523190726016,-77.2239483051391,12,31,1,1,23.73,19.526249999999997
8.35,40.50005173322718,-118.65175935890127,40.45618117782383,-118.68083236936069,16,1,2,2,17.18,19.386950000000002
1.96,40.52373719201097,-119.27162996598771,40.4983445687072,-119.2905772033247,16,6,1,4,4.95,6.956700000000003
7.55,37.04539491090669,-119.06867717919846,37.02652696994838,-119.0860721219203,17,2,2,3,22.8,18.018200000000007
9.01,40.35110272141573,-92.35840008263985,40.33164700548442,-92.34138929376329,11,24,1,1,19.27,19.981949999999998
7.53,39.074118902844745,-92.09203995124226,39.11415412410009,-92.12324093544837,1,31,1,1,20.59,15.724949999999996
8.73,40.2720729946556,-82.14814894047107,40.26052719603543,-82.14563410861662,8,2,1,0,16.75,19.134099999999997
6.54,40.07849133921332,-116.82231358676476,40.07074514037571,-116.84615051269284,9,17,1,1,12.09,14.144100000000003
6.14,38.97225428993768,-78.3026807430268,38.92523011957556,-78.25951556400366,17,17,1,1,13.31,14.630799999999995
7.86,38.63802685210337,-114.27477092481644,38.60131350265672,-114.24504913785736,6,4,2,5,17.66,17.68624999999999
6.69,38.350143065526176,-78.51138255784221,38.30561450867184,-78.5266805558382,2,27,1,4,16.84,15.173249999999994
10.62,40.68558528698384,-101.9870046353232,40.7149963496731,-102.00175220841354,14,19,1,3,23.42,22.9177
9.2,38.87618746277976,-110.17816457734725,38.82714281775279,-110.14570583650077,0,31,1,1,14.55,20.551100000000005
11.42,39.969656046767774,-114.06623810181728,39.97262704853021,-114.06681291304338,21,2,2,3,17.07,23.898400000000002
8.02,37.643056658976064,-113.97429676627524,37.68644761014076,-113.9786033285161,21,24,1,1,22.06,17.910699999999995
6.15,39.82234935156845,-113.71033062447256,39.78169193922157,-113.75077052137874,15,9,1,0,11.07,14.121749999999999
6.65,37.94035974031127,-96.16442192003086,37.93522117243695,-96.15699463436816,11,1,1,6,13.96,15.491049999999996
6.6,39.65411428499283,-94.9208528940005,39.695774986932456,-94.96673235327664,5,6,1,4,11.0,15.801999999999998
8.27,40.66520005562048,-90.31530805007208,40.67877629187266,-90.2979770008308,15,27,1,4,19.99,18.385700000000007
2.57,37.55708803414761,-96.98263575311098,37.51642242897875,-96.95751062071788,20,9,1,0,8.47,8.3928
8.7,40.71814664550466,-75.57666598888935,40.74469143187213,-75.54777370878348,15,18,1,2,15.73,19.4767
8.09,40.92509743557722,-74.21374912191379,40.930167802288615,-74.1970862909126,17,16,1,0,16.21,17.285050000000002
10.41,39.07086235157189,-94.17111459225164,39.02354810272133,-94.1991207664788,22,16,1,0,19.15,21.283800000000006
10.46,37.3525160903034,-82.8026707567856,37.360384276525,-82.84223149050308,14,11,1,2,28.99,22.936299999999996
8.32,37.96869514248144,-100.16454290887638,37.9590381130808,-100.16807984977704,7,2,2,3,14.43,19.260650000000005
6.64,39.04367226748334,-81.52592639919604,39.06430866504678,-81.51028934097674,8,24,1,1,11.96,15.25255
9.71,37.074558107791006,-96.93116273039864,37.06053860924669,-96.94943077307036,10,6,1,4,21.69,23.52915000000004
2.8,39.4024853359135,-99.77540675420737,39.37849462480243,-99.77605928075488,0,17,1,1,5.77,8.288650000000004
11.94,37.22330266765725,-88.33433234432034,37.26311395976814,-88.31458164847272,14,19,1,3,18.14,26.060650000000013
7.54,40.04993191569771,-116.7307400311644,40.04654754204851,-116.75330732549192,18,8,1,6,18.73,16.45935
4.29,38.409911123975945,-116.9388070178398,38.40893865562498,-116.97337928561132,1,1,1,6,12.96,10.27705
2.59,40.30277631004197,-74.67140641096526,40.324726100152255,-74.72056791862961,4,2,2,3,7.4,8.212850000000001
3.7,40.95688746516463,-118.20272937749858,40.91145501546095,-118.2252143038038,15,1,2,2,6.98,9.973400000000002
8.03,40.80638879323144,-118.66979008575714,40.77316987661315,-118.65870842102665,4,2,1,0,21.2,16.978000000000012
4.7,40.10600351690312,-78.86597352609914,40.11445141775332,-78.8781449061032,20,7,1,5,12.01,11.085550000000005
5.67,38.862566275821166,-107.50303510520786,38.848597070661306,-107.52867731946316,10,8,1,6,11.14,13.337650000000005
8.97,39.74674976295385,-108.609455120543,39.70517320613257,-108.57238698340294,12,6,1,4,21.82,20.08424999999999
4.19,37.087915152311794,-92.74049921232458,37.094252278116734,-92.73112712098956,7,23,1,0,13.02,10.626700000000007
6.78,40.93365849288998,-84.93185018167023,40.90272854112943,-84.90589874313255,16,1,1,6,12.7,16.72895000000001
1.07,39.09514494862031,-81.11678221299769,39.12276849247053,-81.13851991532518,14,30,1,0,4.5,4.975600000000004
4.35,37.16897809992039,-101.73967344528218,37.16101799714164,-101.76317118297746,20,2,2,3,11.42,11.706150000000001
8.31,38.66750856442803,-106.75507548006148,38.66221201574574,-106.74436703844049,16,26,1,3,18.55,18.35535
10.26,38.38154812281757,-93.02396120341832,38.42832477845352,-93.05855866976816,19,2,2,3,18.29,22.993400000000012
6.15,37.96509003426901,-77.00582843111427,37.92128789023508,-76.99166633479332,7,25,1,2,16.26,15.138499999999999
7.48,38.60508138812841,-120.2972477220026,38.64418085887856,-120.2930886460653,8,8,1,6,20.33,16.962650000000007
8.71,38.753315510032,-111.32479074086476,38.70673053442392,-111.34382504115162,16,21,1,5,22.08,19.246550000000003
4.62,38.672923706745685,-82.90659572274691,38.71163843341995,-82.95506197832749,23,24,1,1,12.77,11.915000000000003
10.73,40.601401201071766,-121.41723799728412,40.61957152009841,-121.39701580452036,14,22,1,6,25.11,22.727999999999998
10.32,37.32408393204027,-82.06511112277576,37.36652506687001,-82.01752747122784,17,4,1,2,27.66,21.54639999999999
15.33,38.00757584413576,-74.43192612449766,37.98674536793227,-74.45954425194049,22,23,1,0,38.68,34.72960000000003
6.24,38.64235008412319,-76.55201045844862,38.67957217657373,-76.55284368666517,3,20,1,4,15.09,15.670049999999986
5.53,39.57044255667312,-102.60520408967952,39.54799758775507,-102.58154386447784,20,9,1,0,11.9,13.245950000000002
5.11,40.84671496302903,-106.00517765663352,40.80218627784631,-106.00874201702008,1,30,1,0,15.89,12.288049999999998
7.34,38.44931624174924,-88.78579998029224,38.46103307683057,-88.79601511424227,18,12,1,3,18.87,17.710850000000008
4.75,40.39623494179805,-77.6223802339347,40.38460862396494,-77.59008708810897,14,6,1,4,8.25,12.251400000000006
12.29,39.68574093014036,-101.6463237023558,39.6670838756642,-101.66370567329496,5,12,1,3,27.24,28.505449999999996
4.45,37.28731188747047,-118.60397311212714,37.24889908953373,-118.56341368914104,2,24,1,1,8.25,11.326400000000003
10.9,39.48194148244778,-77.36325360095144,39.526113061854254,-77.36398222091985,11,6,1,4,25.09,23.218499999999995
4.9,37.36990130752619,-97.0840979284074,37.327034648069976,-97.10937503272848,1,26,1,3,13.09,12.860350000000004
10.43,40.29414968089985,-85.94452115317623,40.28530333368012,-85.91083849317882,23,17,1,1,18.34,22.3994
13.83,38.259324293325854,-78.56674296778672,38.22395023770452,-78.60704468421477,19,10,1,1,31.51,28.848699999999976
7.89,37.49137949127609,-74.53103864190447,37.467873259921575,-74.55628684945366,12,4,1,2,16.8,16.69185000000001
5.17,37.14231796123418,-87.22936661826853,37.10831387789324,-87.26671849899431,9,4,1,2,11.27,12.8389
7.33,40.57016654972461,-106.93014741745606,40.58030395846648,-106.94535144016764,9,28,1,5,14.62,16.571049999999985
1.56,37.0537136406921,-97.1575920329996,37.035736289392,-97.11508984836529,23,21,1,5,4.55,5.690499999999995
3.89,40.48194098768999,-80.45930453478462,40.45502270099316,-80.50542035129232,2,1,1,6,12.46,10.379350000000011
7.85,40.567923465555765,-81.12573295591174,40.52654051253999,-81.1562570055204,23,26,1,3,20.21,18.441249999999997
9.05,37.30963874933476,-97.82576402284974,37.32293646727168,-97.79459311602972,8,15,1,6,24.93,19.771750000000033
9.6,37.71790233847882,-118.26192893726038,37.69664663080149,-118.2934241378397,22,7,1,5,23.88,21.09995
6.42,38.90507587903885,-105.55287044011456,38.92777215305848,-105.5396683929312,8,16,1,0,17.54,16.305199999999992
8.83,39.30146752299068,-116.16153410573374,39.32662810129122,-116.20709614825915,5,20,1,4,12.68,20.47924999999999
7.13,38.18941983069829,-98.23229659132907,38.2115778722565,-98.23987588896009,5,9,1,0,17.34,14.533399999999999
7.47,38.25251657542651,-102.2001872499142,38.30226886993268,-102.2250536250894,9,31,1,1,19.37,17.118599999999994
7.74,37.99080990532402,-84.34743881340549,38.02854933548517,-84.29814199029948,23,1,1,6,21.33,18.486999999999984
5.02,38.010829116645446,-107.35097717796307,38.03151988794007,-107.3857633621101,6,12,1,3,15.84,12.280249999999999
8.41,38.73634108686566,-114.1545865869536,38.78237141769627,-114.17560580615604,20,1,2,2,12.37,17.744150000000026
3.28,40.01823009314819,-99.09187839075813,39.98660935548101,-99.13707663699068,13,25,1,2,9.24,9.394100000000002
3.04,38.41894696021552,-91.0794477417514,38.46101583365213,-91.05026326732138,8,29,1,6,9.32,9.079750000000004
5.06,40.45271343459926,-103.1040083916062,40.45247583872785,-103.07090568419568,20,2,1,0,12.31,11.8659
5.41,37.634062875557404,-120.99592452997496,37.631327247021176,-120.94711305849296,14,23,1,0,15.91,12.647249999999984
1.36,40.359477566965694,-86.52469148655615,40.36931056774211,-86.48216831766948,13,13,1,4,5.96,5.406549999999999
7.14,38.49892911970719,-100.58737772470676,38.53574194051343,-100.61312400652136,22,19,1,3,11.04,16.07025
5.37,39.68969601727392,-90.9756916629323,39.66033250589375,-91.0041353989436,15,23,1,0,13.28,13.363350000000004
11.1,38.71934106014474,-87.71579130584732,38.76470749508594,-87.70431739755645,16,15,1,6,18.55,23.855950000000004
8.87,37.79032560453789,-107.2945228545822,37.74133659385314,-107.24691131955016,9,20,1,4,19.95,18.240000000000006
5.27,39.11543704379876,-85.26117082712875,39.07146384711829,-85.24461797243072,2,3,2,4,13.05,12.04935000000001
10.76,38.29846856921764,-111.58250245041232,38.24899359083207,-111.541286224483,10,11,1,2,24.13,22.36464999999998
6.58,40.77331364577203,-88.27976522051144,40.812243772820175,-88.31859267646047,23,16,1,0,17.66,15.945599999999988
6.07,37.87338512891679,-77.8228363895185,37.9233718679326,-77.80341847439047,20,14,1,5,8.42,14.321149999999998
5.55,38.786630993184986,-90.88679130527696,38.78766137941535,-90.8651757173322,12,11,1,2,13.58,13.154200000000008
2.6,40.7345970528998,-120.2249081502812,40.726690896241486,-120.22637926605395,13,19,1,3,9.25,7.89515
9.16,38.665490704653095,-115.64569244347012,38.6989048567835,-115.69468136984244,8,14,1,5,19.04,19.1105
7.19,40.473548209358505,-117.01879299959916,40.43293979023248,-117.02637011214227,8,23,1,0,16.29,17.328050000000008
8.11,38.95116387214626,-105.67502345250244,38.99982552306325,-105.70280592001988,5,28,1,5,20.39,19.118100000000005
5.33,38.15760112214171,-77.39834463430437,38.199412732364834,-77.41771847221922,22,2,2,3,13.41,13.714899999999998
5.81,37.71149256012884,-83.05637638886247,37.74599928211933,-83.01397066673731,6,11,1,2,14.86,13.197799999999988
5.17,37.2190664461245,-106.41530563033751,37.23614574452446,-106.4074960652386,20,2,1,0,12.27,13.639550000000002
12.89,39.12022386407106,-102.3161194059593,39.14564210389082,-102.34358732282324,17,22,1,6,17.84,27.487799999999993
9.23,37.36198940723556,-89.14721998656177,37.3444450083329,-89.10515535975614,18,30,1,0,26.0,20.283200000000015
5.43,38.0069074906121,-84.13275047545528,37.96133832461556,-84.1472174187938,1,18,1,2,12.87,12.781000000000004
3.23,37.33494931393822,-90.20705467021996,37.35895842924093,-90.16468531686334,22,22,1,6,11.43,8.834599999999996
8.81,39.73503475284164,-97.14002571982115,39.71791792610826,-97.17756546966608,21,31,1,1,13.96,20.84965000000003
7.27,37.63701631018192,-85.6917570645357,37.5918108232634,-85.68367712745031,12,5,1,3,17.46,15.672099999999977
9.88,37.65616638419026,-92.75769738126816,37.61015691279541,-92.73016278478902,22,30,1,0,18.63,22.612000000000013
8.56,39.03621999941425,-91.14321975710446,39.06050488729634,-91.18875403077234,14,11,1,2,15.33,18.154100000000007
7.44,40.38342002312536,-117.3384974318567,40.42097399551113,-117.3531262501478,7,8,1,6,18.68,17.240399999999987
5.22,37.09305617867074,-98.61161015170384,37.082681561345126,-98.600923096143,6,28,1,5,15.97,12.749850000000004
5.0,39.41172573085103,-113.91580629641916,39.42147821863042,-113.91426837394734,11,29,1,6,9.64,12.475400000000006
8.26,37.751348716226936,-107.63953172500888,37.78815381021734,-107.66165930201716,18,10,1,1,24.44,17.7694
9.91,39.57038379918306,-97.42072133206425,39.55451902387952,-97.37793090235807,18,31,1,1,22.96,21.1373
5.84,37.00640144230725,-105.29976195897402,36.98400760508546,-105.31745238345808,11,28,1,5,13.35,12.877300000000005
6.31,37.51874616527637,-113.91157748432428,37.55255414223993,-113.865985691004,4,7,1,5,14.06,14.2861
8.06,39.10100950737836,-103.13390014619635,39.09541023281683,-103.178281456579,16,7,1,5,13.93,17.32104999999999
6.67,37.56603450249254,-84.53593951983262,37.57739828391873,-84.48933717879848,20,9,1,0,16.24,15.4234
10.06,38.25293018661812,-74.55722845728306,38.294275563937184,-74.54109665698756,18,8,1,6,24.07,23.963300000000054
6.4,38.57220495379276,-110.65792122219514,38.607299594670806,-110.63213134845212,10,15,1,6,9.87,15.584049999999992
5.39,38.37547295029504,-100.68006448955173,38.33846471419756,-100.67530914242784,20,26,1,3,13.57,13.279649999999986
7.16,40.47003713628728,-76.14681873192131,40.45849950607493,-76.18905790491297,5,23,1,0,18.71,17.646649999999994
5.34,37.99214109753331,-75.08972270943963,38.01089207620698,-75.12014440764509,13,6,1,4,15.46,12.267400000000004
6.34,37.03626308020228,-95.57218295837954,37.04240865067933,-95.59699556976528,21,17,1,1,12.15,15.120249999999997
10.19,38.1733343349536,-101.72055427859748,38.20477881027974,-101.7283243073228,2,29,1,6,26.16,22.144050000000007
6.98,38.81492838667113,-96.58156054992476,38.80591574078897,-96.60824138579432,22,6,1,4,18.37,16.6745
3.49,39.56015272460424,-100.03622168591475,39.58147056763445,-100.01353432812031,17,11,1,2,12.04,9.588399999999986
2.36,39.72992093880686,-120.32042706176313,39.74371568330362,-120.29805089168156,6,22,1,6,9.19,7.270349999999995
5.75,38.74626019008285,-92.44200254137122,38.76030253146791,-92.47341422062064,16,3,1,1,14.95,13.34475
5.29,38.77946372316902,-81.7495915145941,38.80874465681788,-81.75975646612392,9,1,1,6,12.45,13.310200000000007
4.18,37.5621717232682,-89.18327230181933,37.59261141943554,-89.18709201695965,9,23,1,0,14.55,10.650250000000002
5.92,37.5890612837565,-77.85344475571374,37.58692830250623,-77.817717069873,14,20,1,4,11.76,14.707950000000013
8.69,40.19652783857198,-108.826097830975,40.18311105603303,-108.8203885276772,16,6,1,4,18.24,17.91325
5.66,38.59875669257705,-117.79906758604577,38.63837175895772,-117.791539893303,1,18,1,2,16.58,13.454150000000002
2.06,40.66916291742916,-77.07579821300969,40.685873438706345,-77.06061916540268,0,2,1,0,6.12,6.6782
7.18,40.38862291301848,-114.7933148857015,40.40544455754825,-114.827528362351,22,4,1,2,13.13,16.706200000000003
6.01,38.62971201754752,-107.3047269307126,38.61075392877151,-107.28944564082204,3,31,1,1,14.88,14.479349999999986
9.97,37.35428557881144,-94.53374768273213,37.39039597552131,-94.55221341077852,19,10,1,1,21.89,19.427050000000015
6.47,40.18864757009005,-116.70310314676856,40.151610953691765,-116.71287626841396,17,5,1,3,13.91,14.555649999999996
8.27,37.41628402210717,-79.69994370905182,37.42314198472291,-79.71558639103185,20,8,1,6,14.9,18.4998
8.26,37.53722017392106,-118.27556587008694,37.547399823559225,-118.2734097233974,18,26,1,3,16.72,18.01540000000001
5.83,40.867876444111104,-121.25568204316924,40.90541738907733,-121.2333834198442,5,7,1,5,8.82,14.09000000000001
6.94,39.64600331464067,-113.30724343394594,39.621462908269336,-113.284296881594,3,19,1,3,14.35,16.001549999999995
11.04,39.03604979206533,-86.74992479452747,38.986986782575045,-86.71711504707056,9,20,1,4,22.23,23.299
3.96,37.81839977104742,-99.96398817958472,37.80005258331667,-99.9290802517212,2,29,1,6,10.59,11.24624999999999
6.14,40.860655556193,-108.79201987959154,40.88235535851844,-108.82064104079032,16,26,1,3,15.09,13.265150000000006
8.46,37.08845013153277,-79.32361603720412,37.12715977528638,-79.33520358109097,1,13,1,4,15.97,18.12905000000001
11.56,38.40741928380364,-119.38603843313116,38.43471997497373,-119.34471924952445,19,20,1,4,20.59,24.80079999999998
0.44,37.49363312873577,-95.26581149783016,37.47687601614854,-95.27972064623468,3,28,1,5,1.81,4.0802999999999985
5.46,38.89684241313505,-94.75797587411851,38.869483017066905,-94.75732244089754,9,1,2,2,13.56,12.662499999999993
5.76,39.32607635626351,-117.64129969318633,39.35951437976053,-117.60826313720816,10,21,1,5,10.07,13.165100000000006
4.42,38.18326423343421,-82.37798320270592,38.17716222071503,-82.39249233780367,0,13,1,4,9.46,11.641949999999998
9.89,39.95665636043989,-114.8837313180348,39.95395428864523,-114.84998550959568,4,2,2,3,20.71,21.636949999999988
9.45,37.58840259134266,-91.27084694499142,37.60179458813576,-91.26510766174484,15,11,1,2,16.42,19.53724999999999
9.15,39.52619106151606,-121.65887812201622,39.51697462348054,-121.61058181681692,3,31,1,1,16.36,19.504999999999978
10.22,38.12035738528992,-81.84383643921328,38.10633520374254,-81.8073147276647,18,27,1,4,23.13,20.978250000000003
6.82,40.881759510178775,-102.81581130981284,40.850246681167896,-102.83095014447618,20,9,1,0,15.55,15.203550000000009
7.64,38.81732178671858,-80.02253457964085,38.78835753489757,-79.98650375299391,23,18,1,2,11.65,17.51059999999999
7.73,38.659639893492844,-103.45647672130418,38.64774116644837,-103.49760606747256,11,11,1,2,18.59,17.34985
0.55,40.986006669526176,-118.89511717132248,41.00205476030715,-118.93495762011372,19,23,1,0,4.14,4.1736999999999975
7.88,39.15834336943367,-95.46935728855804,39.15940745059272,-95.5114188742764,18,21,1,5,15.54,17.793349999999986
5.12,38.69921790439796,-101.01781339320378,38.6684576156659,-101.04544849256426,15,5,1,3,9.88,13.163050000000005
9.22,38.46650394039845,-121.38397050920084,38.50415938743713,-121.34213827039268,14,1,2,2,24.44,20.69979999999998
7.66,37.2110391331159,-114.36538661356892,37.24052324632917,-114.3395033089904,14,7,1,5,18.54,17.143900000000016
9.24,40.81315120802152,-76.97019995704935,40.81179405261795,-76.9772931175473,18,22,1,6,18.63,19.932649999999995
7.4,40.4000648303082,-96.87240386637149,40.35955724617282,-96.88189175924542,19,14,1,5,17.58,16.852450000000015
3.66,38.56353347895667,-117.33168716515206,38.60686582913062,-117.3010997271495,9,14,1,5,9.24,9.384049999999991
6.65,40.150995337256845,-73.1789736141597,40.11151450158133,-73.20716663186644,6,14,1,5,20.26,14.552549999999995
1.41,39.02525937443208,-116.39842442407787,39.06752383898834,-116.35374975316844,22,12,1,3,4.33,5.212
1.65,39.46219946204315,-120.01943554589243,39.50520539298106,-120.00762918401294,12,4,2,5,6.95,6.554550000000003
7.0,38.56411731520444,-85.15935176090049,38.56670070804861,-85.18144861231312,3,21,1,5,16.59,15.789450000000013
4.76,37.2233723256419,-104.91858666310516,37.24351910410002,-104.90928091638096,2,15,1,6,10.57,12.199949999999994
1.65,38.08179368427253,-119.9893516750076,38.09621829206567,-119.95796444845868,6,23,1,0,5.7,5.437799999999997
12.2,37.95834367122994,-81.0860862106518,37.98804732649383,-81.07873336340938,17,16,1,0,29.11,26.385899999999992
12.4,37.6815868584812,-119.09217592860324,37.70091491049128,-119.0815302448017,10,4,1,2,19.81,25.420949999999994
8.84,37.46729097771474,-99.69785914737642,37.42361648689605,-99.69016177848148,21,3,2,4,17.47,19.78605
5.82,38.203711327971305,-88.91597416858484,38.2122374165926,-88.93535681848914,22,2,2,3,13.28,14.415449999999995
6.74,38.00121635350783,-112.10855743212142,38.042950681432266,-112.1216547748471,0,1,1,6,15.99,14.244699999999991
11.17,40.44853058667502,-109.05534199497076,40.49122098563932,-109.02729395585216,1,10,1,1,20.5,23.707200000000014
5.08,37.46192569987085,-81.13384430466472,37.46370100126551,-81.15099047232353,23,11,1,2,13.5,12.070649999999992
8.25,38.76943595372197,-77.28510265127431,38.74529113837637,-77.30242011361639,18,26,1,3,22.99,16.61645000000001
5.75,40.21429697677241,-117.05480332282367,40.24232318164955,-117.04696747375183,12,3,1,1,9.93,13.110999999999999
12.27,40.34084797596984,-97.5237617767049,40.3738939327848,-97.5452868430436,14,11,1,2,29.74,25.443550000000005
5.95,38.29551438302335,-89.99473760267855,38.26949454788106,-89.96542871466751,4,10,1,1,12.48,14.69575
10.64,40.04837125800619,-76.42203963498233,40.07093614024284,-76.45375386742882,22,13,1,4,22.2,23.349449999999997
8.01,40.417894220002765,-112.02402076184694,40.46775674092904,-111.98055354946696,11,9,1,0,21.63,17.12495000000001
5.93,40.71711942072275,-91.74455529303565,40.75968138008048,-91.74107488146991,19,1,2,2,15.05,14.928100000000018
5.53,40.7240999832236,-109.46340573850848,40.76689384721119,-109.44137531434436,23,13,1,4,17.93,13.144550000000008
9.41,39.70974193339166,-111.8230265676102,39.72250530630569,-111.8213063205414,14,18,1,2,18.03,20.617499999999996
4.22,37.525891437906594,-107.98227093612324,37.51524116364139,-107.94930881647318,21,18,1,2,10.34,10.917249999999994
13.14,39.0347324961786,-100.432557261969,39.02710640760344,-100.4705641158846,16,22,1,6,35.47,27.30600000000001
7.77,37.20977145945543,-79.69413086208557,37.24947758934616,-79.7300953689091,8,14,1,5,13.49,17.340199999999996
5.29,40.14544121527065,-102.46768589288824,40.11428475128432,-102.42855967604169,17,11,1,2,12.85,12.667000000000005
4.11,39.503919392817366,-88.55921385782011,39.4552207431302,-88.60365965743635,16,1,1,6,6.73,10.059550000000003
3.73,39.97012020435065,-100.67584233301692,39.96308817632636,-100.68028851168772,14,19,1,3,10.82,10.1439
9.32,40.39587790623747,-85.69667501288694,40.37179410692384,-85.67567086441427,4,30,1,0,15.65,20.879650000000012
9.09,37.191597446110215,-110.22401219175742,37.18687439915706,-110.17968153796568,14,19,1,3,13.87,19.73045000000001
15.72,39.86613539863649,-88.4492717970208,39.875357287127294,-88.45593548780323,9,30,1,0,35.31,33.591850000000015
10.36,38.8771174803812,-100.76339071576884,38.84100522447787,-100.75545312852772,15,21,1,5,25.52,21.559149999999978
7.97,38.71243366103904,-102.49467738944566,38.72331370971988,-102.48004447019112,15,9,1,0,14.5,17.2553
13.38,38.9332390377672,-80.85974922847166,38.93533548867377,-80.84363829790715,8,10,1,1,27.04,26.42179999999999
6.79,38.77169956038416,-104.40497508838163,38.7586429621234,-104.37282376153844,8,21,1,5,15.72,16.67039999999998
7.74,38.79338948325511,-112.3374212096142,38.82989146403464,-112.3127653812032,12,24,1,1,13.34,17.56604999999999
9.65,40.07694283126092,-86.5591463193029,40.02858364777025,-86.59865384376936,3,24,1,1,18.8,21.972649999999994
6.78,39.18382070026061,-79.40025060052704,39.21455109549804,-79.43579890511111,12,4,2,5,13.03,15.429299999999994
7.74,40.04719637791503,-74.61573118136894,40.05005643010841,-74.6564495499479,5,2,1,0,16.52,17.724299999999992
8.31,37.58784536320354,-121.64563360615716,37.54987713408056,-121.68067996529766,22,2,1,0,16.18,18.191000000000017
7.31,37.28653828382226,-89.11211273091769,37.31942157882848,-89.0781000531811,10,30,1,0,13.0,16.049549999999993
8.08,37.60997857108479,-98.3669747050925,37.645523194809385,-98.35166765703336,10,10,1,1,21.95,18.966249999999988
5.32,38.65676826291772,-101.37259815869471,38.656912604751184,-101.41149831321,2,16,1,0,14.28,12.627700000000004
11.36,40.23478206561634,-99.18523220218488,40.20320390894083,-99.16056797899888,17,5,1,3,23.32,24.699450000000006
9.21,38.04381897023524,-93.61190498610868,37.99519380150242,-93.58427030326033,18,2,1,0,20.93,18.979449999999982
0.42,39.75477835095523,-81.1725697673869,39.72837415304093,-81.15003467133631,21,29,1,6,4.35,3.2168500000000013
3.93,37.240099074470905,-114.916035432579,37.250404348594536,-114.94628429680613,6,18,1,2,9.39,10.513600000000002
4.94,40.06931790175075,-104.71732274786118,40.04573538153617,-104.74631117213028,7,18,1,2,11.59,11.352499999999987
7.96,37.04803857207694,-94.9729420931539,37.03411608426355,-94.92586909231206,7,25,1,2,12.57,18.498099999999997
8.41,39.660076413770085,-113.22314078964035,39.65468643773912,-113.19151918435192,22,12,1,3,16.0,17.467700000000015
9.76,39.1998124697563,-88.15264608094776,39.209014881328216,-88.1848646321175,5,10,1,1,20.53,21.861250000000005
6.31,39.254445367543845,-97.69143535549668,39.27951920209032,-97.7039753735332,10,9,1,0,16.02,14.932800000000002
7.67,38.642983679618936,-90.43855667324844,38.69020467605637,-90.4475873587705,6,5,1,3,20.22,18.67354999999999
7.75,38.62718315832313,-109.76111445990315,38.67477057791458,-109.77165174287636,2,4,1,2,15.65,17.81145
0.76,38.66070332537935,-117.33953759246204,38.677138979609744,-117.3501063110306,14,3,1,1,4.58,4.641950000000001
5.79,38.06914407726821,-108.11392361444727,38.0916453096371,-108.07933475200818,8,29,1,6,17.4,13.336399999999992
15.62,39.47391506422554,-114.68162545969248,39.4745510644208,-114.71666810990426,14,9,1,0,27.12,30.234399999999997
5.53,37.44293595583798,-116.67686588497928,37.40297671577907,-116.69892670994084,4,12,1,3,11.38,12.543450000000012
6.66,39.30450384272478,-98.17597688946134,39.25568119038454,-98.13794041035042,3,14,1,5,11.76,15.662050000000004
4.38,38.84549086018424,-90.14818548852467,38.87231709343296,-90.09865301258242,0,25,1,2,7.53,11.024150000000004
14.12,38.75034612517819,-74.39958010771858,38.72709692909904,-74.35746597375666,15,18,1,2,29.6,27.40674999999999
5.54,39.23116603168828,-91.08279827497236,39.245159738278005,-91.11566550692083,17,12,1,3,10.37,12.97524999999999
6.33,40.55667034715315,-93.6369501625483,40.52610871641678,-93.67367318367752,13,20,1,4,16.72,14.08890000000001
6.09,40.78077249670308,-82.90311205314913,40.75692769813896,-82.87516048429707,5,9,1,0,15.01,15.79574999999999
3.78,38.1900268429542,-103.03619508393592,38.23062622357708,-103.07507707671638,8,10,1,1,10.06,10.43345000000001
4.42,38.00716434261159,-80.0154061026958,38.01031183500584,-80.00657279833851,14,1,2,2,11.25,11.877050000000008
11.05,40.326204172900624,-94.62646665883273,40.27698669667949,-94.61437714632248,5,29,1,6,24.62,21.20624999999999
8.92,39.39130429321262,-120.68230330220186,39.39502350517181,-120.7029677393856,8,15,1,6,15.56,19.12780000000002
4.94,40.82547772686201,-108.44156345734596,40.7972289589822,-108.43859750864756,5,14,1,5,16.34,12.204050000000002
5.34,40.55241422170271,-120.15240432697613,40.50737583281086,-120.11306635028438,11,24,1,1,16.65,13.290799999999999
9.31,37.7041076748612,-91.98374493167228,37.71369591657916,-91.95089548335017,11,11,1,2,16.08,19.204900000000006
6.11,38.78383855922986,-111.6859837477212,38.75404481766843,-111.68081335102832,21,4,1,2,16.51,13.467499999999996
9.57,37.44848100771954,-113.92945354161635,37.456122942247084,-113.92528519582432,14,2,2,3,17.41,20.32395000000001
11.73,38.90201873660162,-105.78850932933824,38.9488228497866,-105.83413893306488,21,18,1,2,30.44,25.500300000000006
1.04,39.130772768853554,-101.56455889644931,39.14695491302904,-101.614062640182,16,13,1,4,4.26,4.848899999999998
6.78,37.32753655532672,-105.97466962528324,37.34950629968288,-105.97606811071776,18,7,1,5,10.17,15.453550000000009
7.99,38.00770594274074,-121.09025991433508,38.03690863392897,-121.10657505916431,20,18,1,2,12.31,17.012350000000012
7.93,37.04513743969651,-95.1344115598165,37.010759292892025,-95.10820636900672,18,27,1,4,19.09,16.268649999999997
6.62,40.89884128370532,-105.9424036286308,40.94739767683824,-105.98744815157004,21,7,1,5,14.24,15.585199999999986
7.18,39.50833946215746,-87.81403108315783,39.47973064416166,-87.84281949193411,16,13,1,4,13.58,16.652649999999998
10.96,39.73063072753107,-76.28731961040354,39.76917626842136,-76.2952457720093,5,20,1,4,18.22,23.260800000000014
12.44,37.79245655898584,-118.77943664760352,37.77825552194352,-118.80623573473076,15,24,1,1,31.44,25.940300000000008
10.78,37.74380835305619,-108.44643574152308,37.78452126165983,-108.48535511627598,12,11,1,2,27.06,22.027300000000004
8.74,37.88211690736118,-87.48582695149278,37.91914019822064,-87.43651418994094,22,11,1,2,22.77,18.04495
11.46,38.720031254940885,-110.45663897609448,38.74257182755765,-110.46586464436515,22,2,1,0,23.49,25.595200000000013
5.95,38.55846078174146,-88.66497221111712,38.55693162021096,-88.68861065102311,14,17,1,1,15.29,14.362599999999993
4.39,39.41919504887617,-98.40993571730814,39.44429495884668,-98.45268481881276,22,20,1,4,9.76,11.195450000000003
6.6,38.22611256801236,-112.6172840784646,38.19609995379228,-112.61284660048922,9,8,1,6,18.56,15.439500000000002
6.0,37.40971087247559,-90.28955814624516,37.42224367117148,-90.3220600605422,23,6,1,4,16.3,13.978150000000012
1.84,39.367640977029474,-83.28490495872259,39.3319585243575,-83.28765490491517,16,19,1,3,6.01,6.405049999999997
7.78,37.52458327694861,-114.93606394155768,37.48412559304936,-114.93686159178613,15,11,1,2,20.7,16.69239999999999
9.21,40.21520584165073,-111.85245761367904,40.25427478210857,-111.89274849526728,18,16,1,0,14.51,20.726649999999992
5.81,40.02769411495085,-84.89349117389321,40.057898944250745,-84.85453330062417,21,27,1,4,11.78,14.014050000000005
1.4,39.58514435934458,-94.96148377612046,39.60626543795595,-94.91448073129042,1,3,2,4,4.63,6.299299999999999
4.71,40.42772921665056,-121.68767734354611,40.38041935062281,-121.70749570322238,0,28,1,5,14.86,11.980650000000004
8.45,38.90691719546946,-109.78597834606842,38.86520887550869,-109.79746285612627,11,12,1,3,17.35,17.753549999999994
9.21,39.414641104181946,-118.45527664610448,39.39617460005445,-118.47703968532578,9,1,2,2,20.49,19.893349999999995
6.05,37.83418713730466,-105.7291376826807,37.80831837632496,-105.73668158794123,10,18,1,2,14.24,15.503750000000014
6.49,39.65196720307563,-97.29891645883596,39.6982934308521,-97.31117494692802,20,17,1,1,16.75,15.070599999999999
7.74,40.650656867275735,-95.68093971576587,40.62594836417806,-95.6870803224236,0,4,2,5,13.03,17.7744
9.16,38.68984543761953,-97.52520696849464,38.723509626805445,-97.49448042433188,19,8,1,6,19.64,20.912650000000003
8.91,40.126047307882416,-85.12921197695873,40.07750235450633,-85.1541304500876,13,18,1,2,12.83,20.558650000000004
3.9,40.27313195998249,-110.73815410574925,40.2520887709823,-110.72316483069189,15,31,1,1,9.4,10.762349999999994
5.2,37.83192957223147,-98.4022303810334,37.86392193482213,-98.35911437626764,1,17,1,1,11.31,12.476400000000007
2.37,38.15138599042662,-75.67656311009733,38.13042798865498,-75.71064229258907,8,9,1,0,7.03,7.306149999999992
8.08,37.09190589126356,-80.3713758315719,37.10044508464398,-80.33784445063759,20,22,1,6,17.99,17.866900000000005
6.73,37.73575523059251,-97.1404919375328,37.71964305218473,-97.10009706958203,10,17,1,1,20.32,15.651299999999999
1.03,38.86863674433408,-121.52143620658477,38.846885334694015,-121.50860202587955,12,17,1,1,5.7,4.7008
12.49,38.93652706121593,-104.9605302844274,38.97744821104019,-104.93056864312491,3,5,1,3,34.24,27.180499999999974
5.27,40.90114260603498,-80.80151306036798,40.92815983408181,-80.82485358787143,21,4,1,2,14.32,12.867350000000004
11.33,37.06459890783391,-104.84239420917764,37.033149467115976,-104.8506838721139,8,17,1,1,16.47,25.399700000000006
6.38,37.90699230979822,-79.60001073605702,37.937448550053794,-79.643791960143,7,8,1,6,11.2,13.430300000000006
3.0,37.87083343621384,-87.16388439922522,37.89653130905697,-87.17661337684598,14,25,1,2,8.63,8.779249999999998
5.61,37.71021531388197,-105.69044544191998,37.73392828285871,-105.65100277808364,18,1,1,6,11.34,14.750799999999984
10.0,38.9036417653976,-121.54514094307191,38.948741698996976,-121.49536006844734,21,25,1,2,19.63,21.947750000000006
4.82,38.19316681584426,-114.90821969285882,38.169919177416936,-114.93123208180572,18,2,1,0,8.23,11.802949999999994
1.58,38.5820680752447,-97.7132262856,38.57165070705977,-97.7269167969538,15,10,1,1,5.74,5.203150000000001
7.6,38.20519463661676,-90.68723184714692,38.19225576995741,-90.68234211696374,19,15,1,6,17.87,16.222699999999996
4.05,38.50106741503272,-90.99954004803767,38.54435651221666,-91.02437633921804,20,20,1,4,7.77,10.649199999999993
8.94,38.14417335473364,-106.13212797801393,38.19097064130808,-106.14417897128727,9,31,1,1,17.51,18.70220000000001
10.58,37.963943732454304,-77.93441504904924,37.9439634198226,-77.90614982195675,10,15,1,6,16.07,23.890800000000013
8.8,38.62484303646798,-120.10591928682162,38.64297194775362,-120.149201334589,15,2,1,0,17.73,19.618950000000023
6.88,39.05936070810476,-83.58124465348845,39.0831327026688,-83.57346811339247,11,17,1,1,16.92,15.656500000000001
5.65,39.03924477943359,-74.86129620268198,39.016201428584935,-74.8165081843018,4,21,1,5,15.85,13.67710000000001
4.91,37.92262226912312,-120.0434826386826,37.902150389044905,-119.99828542240051,13,19,1,3,13.27,11.0837
5.74,38.75169398419724,-97.94232127596572,38.74514194128784,-97.89606940950972,4,27,1,4,9.51,12.94189999999999
4.43,39.73458864621991,-112.0061321198371,39.74950800634619,-111.96366986760287,23,1,1,6,11.94,11.902650000000001
11.51,40.09601990744553,-107.54757742111072,40.100171420685726,-107.52500798537736,5,11,1,2,20.22,23.57334999999999
6.18,40.041889977543526,-111.7376291370142,40.07549924836012,-111.69767181182166,17,1,2,2,14.99,14.404050000000018
8.77,39.34034304722802,-115.66903785913382,39.37374744111405,-115.63170326111172,6,12,1,3,23.64,18.699499999999986
0.92,37.58076542406639,-100.36739984933408,37.58951081174343,-100.41588770297356,9,4,1,2,4.04,5.0478000000000005
9.02,37.77075380565775,-117.72100960250152,37.7470133638714,-117.75121502119696,6,12,1,3,19.43,19.796100000000038
10.48,37.66236446213874,-97.93556677345936,37.64992604671788,-97.89627024599808,22,4,1,2,22.02,21.305150000000022
6.33,39.52140409408132,-106.05641259648075,39.49520597219621,-106.06906679624812,17,23,1,0,12.6,15.553500000000025
7.16,39.042907568409206,-86.92178961646096,39.00144029807905,-86.93374948108965,23,10,1,1,12.56,15.909299999999996
6.54,37.47176138336684,-118.20910624146956,37.48626711209383,-118.17454217153636,18,5,1,3,18.46,14.514050000000003
6.38,37.094072126966736,-78.27348398603684,37.07916433097798,-78.26456269707859,2,9,1,0,11.67,14.243549999999995
8.91,39.73600558446547,-96.0342829507012,39.7682616394281,-96.00917649968136,23,3,1,1,19.53,21.41004999999999
3.1,38.90084876805573,-101.8201102915978,38.92505025435656,-101.80808322734649,21,15,1,6,8.16,8.781299999999991
7.82,39.5539913536432,-111.87565125715712,39.56028264884397,-111.89821609788282,7,15,1,6,19.43,16.803549999999994
6.36,37.69697180144499,-87.66022597064688,37.72544093964184,-87.613129239975,15,29,1,6,14.85,14.775849999999997
3.18,39.68863617344673,-87.16422358080611,39.73377502567696,-87.1151158911671,9,24,1,1,12.43,8.75395
2.76,40.07301851358839,-93.36210890878992,40.110485662741205,-93.31489021543705,4,18,1,2,8.54,8.3409
2.56,39.385462800176406,-96.83634603835648,39.35534531308452,-96.8637222390408,17,20,1,4,8.46,7.595850000000001
6.04,38.45633054313996,-88.00231917183339,38.46107165057272,-88.04556620972325,1,4,2,5,11.12,13.2776
7.44,39.35610003104931,-92.82607481168722,39.3457399819762,-92.80006992689188,23,22,1,6,21.36,16.980800000000016
10.71,38.434900421379766,-91.54059138242874,38.42620086915841,-91.53629836921182,19,1,1,6,25.24,22.716550000000005
13.03,40.72863078052587,-88.29346570643318,40.76680300003257,-88.29097952700563,8,1,2,2,21.72,24.746349999999985
10.8,38.79124855404645,-117.53802483218254,38.74777489856367,-117.52949617717404,13,31,1,1,17.59,22.868699999999993
4.32,38.00040367193917,-79.00652821579976,38.0426875480049,-78.99692854661106,17,15,1,6,9.84,10.493149999999991
3.72,39.47700693860423,-113.51754746233831,39.51088635074525,-113.55884526525314,2,24,1,1,12.03,9.9019
7.58,39.382713283154736,-77.77930542594657,39.3612981000396,-77.75055460987399,21,29,1,6,17.84,16.304900000000014
3.46,39.640920812472736,-80.55972969286151,39.64326208149175,-80.55094208906374,0,25,1,2,8.96,9.607700000000001
8.17,38.9393558138208,-112.67688794652906,38.94184684954951,-112.67877221217532,15,11,1,2,19.87,19.21134999999998
7.27,39.07372298082357,-106.84153203924548,39.05595994975026,-106.79853533071254,20,5,1,3,21.18,17.84254999999999
11.77,38.9697913676742,-95.787193077122,39.01864071136773,-95.79032015821538,18,2,1,0,27.67,23.934300000000007
5.65,37.17084775156484,-85.66392629533027,37.21489806066636,-85.63189371106343,12,14,1,5,13.62,13.964649999999995
3.65,40.76108617137648,-89.87347768186285,40.76031379005407,-89.90545711100052,6,15,1,6,9.61,9.150650000000008
6.2,37.58393627838118,-89.94348914311638,37.571644613211504,-89.9376610855165,5,6,1,4,13.35,13.917800000000017
8.65,37.53153646488296,-121.1600585556754,37.51899711735453,-121.18841672147016,10,5,1,3,25.5,20.447750000000006
9.31,40.10664336501883,-88.35398034914218,40.07051407176586,-88.38711450419277,11,12,1,3,18.32,20.575749999999992
10.13,38.39217148385161,-94.52204443539546,38.39686214234543,-94.55091819515005,17,31,1,1,19.07,22.75824999999999
8.76,39.792645367491865,-98.40569144079184,39.83092365871791,-98.41033402276828,22,30,1,0,17.49,20.120800000000017
9.03,38.20560650431667,-101.2713748964401,38.17404839378309,-101.24025790595414,20,25,1,2,17.36,18.52505
9.02,37.7958433261572,-88.15093440313365,37.74960273379014,-88.1175531954456,18,1,2,2,25.82,19.26034999999998
7.37,38.11315472694957,-104.44314398352115,38.085169129355165,-104.41031758410416,8,23,1,0,18.99,16.424449999999997
6.78,40.255554077203534,-79.6534237185737,40.28389710397541,-79.64163040692482,19,21,1,5,12.54,15.051450000000003
3.68,38.09798219283692,-105.21059302940483,38.11929295871796,-105.23009750885367,20,16,1,0,12.19,9.79530000000001
2.3,38.32398348408967,-81.99046144372652,38.330836798518526,-82.03322616794257,8,6,1,4,8.38,7.301199999999994
1.98,37.378915390366735,-88.19558858163894,37.34303564467373,-88.20069513035966,20,26,1,3,6.26,6.412349999999998
7.18,38.10645304745491,-83.03279609884069,38.09876574070461,-83.07079624438731,9,1,1,6,19.73,16.672249999999995
11.17,40.57408960883085,-91.32870586223314,40.598714106387234,-91.37413999911446,10,24,1,1,18.05,23.775799999999993
10.38,39.71774633446949,-95.44107515058536,39.70725210444186,-95.4296419863423,11,11,1,2,27.44,22.7725
5.91,39.7392385625263,-115.756199887983,39.69434405359983,-115.72174740701392,16,9,1,0,12.72,14.354899999999995
4.5,37.202573768191975,-112.81756148563736,37.24087399524175,-112.7845037265088,4,2,1,0,10.3,11.744900000000005
12.46,37.53316261513707,-109.00009101767812,37.49768742495357,-108.95091177574348,13,13,1,4,28.24,26.320850000000014
7.82,38.75932026212406,-90.0757000740264,38.73763935001148,-90.04980614088326,7,28,1,5,18.68,18.121599999999997
12.49,40.585251960241024,-84.59076318043459,40.57384226078165,-84.58498266787261,22,9,1,0,28.19,27.466499999999993
6.29,38.12241003470101,-84.12847905965836,38.154782619456896,-84.1020865500779,13,22,1,6,19.21,14.775950000000002
2.54,40.93388399666711,-119.76077281950624,40.956470317774375,-119.72581760298289,23,27,1,4,5.18,7.287299999999997
4.83,37.551964612931606,-84.39382896296269,37.514514736545294,-84.37606214147563,17,21,1,5,14.77,11.294199999999996
4.57,40.08144532244294,-104.41924446725116,40.07939861445542,-104.39035415481966,4,17,1,1,12.58,11.302549999999995
5.46,40.338732661643775,-116.8036439171171,40.36971308821583,-116.8220194030292,17,26,1,3,11.83,13.123950000000004
2.57,39.79985935831211,-75.53191393179904,39.84185840115478,-75.57536125054665,1,12,1,3,8.16,7.365400000000001
2.46,37.5827501851821,-73.77048534331854,37.57135499556443,-73.76914299066271,4,10,1,1,9.31,7.135450000000003
9.58,37.74691175480969,-109.01518132103338,37.74716660468377,-109.06466510738215,5,11,1,2,17.89,20.880300000000013
10.6,40.7706484636682,-99.51770846587264,40.7617788608425,-99.48929234219106,13,11,1,2,17.45,23.99539999999999
8.51,40.38854372733052,-93.48157383933756,40.40728736910701,-93.52363621691312,13,21,1,5,24.96,18.41574999999998
9.15,40.64365472267545,-99.1180749775894,40.596965034366,-99.167831251934,11,30,1,0,19.0,20.069449999999996
7.97,39.980299257989216,-121.37200385856626,39.94754696125883,-121.3819198618599,16,3,1,1,18.81,17.026050000000016
10.22,37.00547751804946,-80.99185852233617,37.05271417048064,-80.97544003617334,7,2,1,0,25.97,21.835249999999995
7.36,40.3123759252217,-105.28150940924782,40.32462761018034,-105.24909681389995,22,18,1,2,16.53,17.386449999999982
4.3,37.86987407261143,-121.93680114784236,37.82144983782331,-121.91942021290586,5,3,2,4,11.53,11.107299999999995
9.61,37.36048446189388,-118.6764681228689,37.34508469288988,-118.72023227799023,1,6,1,4,16.35,21.444549999999996
10.21,37.77659435880734,-102.01588345922946,37.794851040223776,-102.00578025344684,16,26,1,3,16.51,22.80970000000001
5.2,39.199236144094726,-77.05859490003839,39.24053143873793,-77.05256886291122,13,15,1,6,14.22,13.281149999999991
7.9,38.9921760188501,-78.03650928689217,38.985520731376965,-78.07993296752099,22,13,1,4,19.02,17.652650000000005
1.72,38.68312426828241,-120.2698420305004,38.64610474964211,-120.2403779266599,4,4,2,5,5.62,6.430250000000005
5.49,38.10630143085405,-93.0341309167775,38.08040215580789,-93.0339042794313,1,17,1,1,14.83,13.047500000000003
6.46,38.94218281167553,-99.30523801508028,38.91781936658884,-99.25922718263293,19,30,1,0,16.58,15.421999999999999
8.74,40.69302205719112,-87.47621473068804,40.690062921195306,-87.44081248921049,7,15,1,6,17.08,20.243549999999992
8.0,37.95826491611732,-105.90404664738884,38.00588073726794,-105.90011599945628,2,19,1,3,19.01,17.725700000000003
3.37,38.53421415866511,-109.39227019971948,38.49679976383493,-109.44057162952522,20,16,1,0,9.74,8.828399999999998
9.31,40.527578091884415,-118.44510423324472,40.54145924897492,-118.41390036157316,3,10,1,1,16.09,19.09225
7.05,39.35233800370712,-90.5642555970967,39.39180507442338,-90.52444070141958,18,3,2,4,19.56,16.739500000000003
7.72,39.4226027139461,-98.66597067478634,39.41266795311204,-98.62637187709392,5,4,1,2,12.71,17.30254999999999
7.59,38.29177265281958,-77.74692150871732,38.31455626253969,-77.73760861020642,13,13,1,4,17.24,17.651599999999995
3.88,37.44980894377059,-92.15911875261862,37.45046099020431,-92.1567107973795,3,7,1,5,10.7,10.251250000000006
4.22,38.95629235266861,-118.25233039525492,39.00035126862133,-118.27393375108907,16,11,1,2,11.58,11.001849999999996
7.63,38.51285876267227,-105.56820197316334,38.48065666653706,-105.53504259701118,20,17,1,1,19.25,16.0804
6.53,37.82157201992112,-98.79001985717024,37.80224324650515,-98.75739759796716,5,29,1,6,11.72,15.375949999999994
1.27,39.84410888356792,-79.39763229313326,39.8402102207781,-79.44199503497629,13,26,1,3,6.32,5.347649999999999
8.99,39.12223475154912,-115.68477152326602,39.09478178058618,-115.70932452986034,20,24,1,1,25.6,18.9008
3.79,39.61238770962062,-104.8398324152912,39.56298715992303,-104.83493207959684,20,27,1,4,9.04,10.092149999999997
5.55,39.297047575482125,-100.65114390683496,39.33597566142728,-100.61910320638778,13,2,2,3,10.23,14.427150000000005
3.18,40.58424000377954,-111.9390645495152,40.54409527704508,-111.91468793352098,16,15,1,6,9.5,9.451650000000006
8.55,37.50181575303496,-116.66746698689262,37.4810677601089,-116.68159794299252,21,20,1,4,14.07,19.04955000000002
8.38,37.41344958997206,-121.38149759134348,37.40882109223698,-121.4036425683162,13,29,1,6,22.35,17.11
5.59,37.05649445937717,-85.72414860650684,37.040501105818464,-85.70426168707729,1,1,1,6,14.51,14.44559999999999
9.35,37.73479242582246,-86.27783638759846,37.6962897903522,-86.26520502784744,23,9,1,0,16.94,21.461499999999987
8.88,40.46910524770398,-89.64490656553096,40.504100500350425,-89.59779858154528,11,19,1,3,20.4,20.19655
7.78,37.58229608002584,-87.3820937963487,37.58734813212698,-87.42158358469295,5,31,1,1,13.15,17.7641
11.3,37.275500420005336,-97.64657623326576,37.31060246967522,-97.6204738194398,18,22,1,6,25.49,24.355849999999986
4.25,38.10285894033316,-95.97250338594554,38.05846143830952,-95.98450160011772,10,16,1,0,12.68,10.494749999999996
4.92,39.50262610942809,-107.8968179082554,39.50949247080513,-107.86136719317474,9,11,1,2,13.59,11.536599999999996
12.07,39.54683630865697,-100.80894250803166,39.51091618810389,-100.80405501877718,23,6,1,4,22.06,25.549500000000016
4.57,38.56955063429295,-108.47774106320163,38.61051930019371,-108.48907163346048,15,9,1,0,12.66,11.33019999999999
6.09,39.86060723316086,-114.44009609546706,39.83387622391503,-114.40916650566784,21,14,1,5,16.99,13.014849999999997
11.31,38.33895442419034,-112.60459066881528,38.35646492777537,-112.59636740707164,22,30,1,0,29.74,23.65995
2.91,39.70865441323663,-104.18267547225292,39.75071520413249,-104.19938172260628,18,1,2,2,11.74,8.63774999999999
8.38,39.65193777703886,-101.22743465802994,39.64606737764762,-101.1948945377312,16,26,1,3,21.94,19.729400000000002
10.05,37.93394593424255,-98.9741503831473,37.98306045895853,-98.9952731146332,18,24,1,1,20.74,22.791649999999976
7.52,40.2201899527749,-101.6505648828274,40.240259805017686,-101.66821646304182,9,14,1,5,18.76,17.15279999999999
8.8,38.65794395108736,-73.27533161018147,38.610545029911016,-73.2312299894621,14,7,1,5,13.89,18.23799999999998
6.51,39.06013912817617,-77.69711865642837,39.0772182005211,-77.66503128573514,16,3,1,1,12.66,15.787050000000015
7.74,40.27577833103587,-117.87618402064898,40.303417786849,-117.88483286549992,6,28,1,5,17.29,16.60505000000001
7.35,38.32212222374304,-79.50542798193777,38.28730633184345,-79.48943891526139,3,3,2,4,19.72,17.815449999999988
4.75,37.71680500651904,-88.53590304164999,37.69914508788883,-88.53866318732823,12,6,1,4,14.06,11.436350000000003
8.78,40.97459449240692,-88.6033987621396,40.93513181926642,-88.62310915407157,6,1,1,6,25.11,20.470850000000013
5.82,40.5610330911038,-111.59543507655916,40.55475750348924,-111.62371700543686,14,11,1,2,11.15,13.099299999999998
8.48,40.2931003367409,-110.14139054178904,40.25276917789797,-110.12576127088926,11,30,1,0,21.44,18.065500000000014
3.04,40.42778876026036,-110.8187855602282,40.44825341038735,-110.78041262957572,3,24,1,1,9.16,8.691799999999995
7.21,37.96679021806021,-112.92080283840453,37.93714306499259,-112.9539462231438,3,20,1,4,15.75,16.579250000000005
7.27,39.89783304271006,-78.57119744893609,39.932529344204696,-78.57431723466676,15,29,1,6,14.03,16.989449999999984
5.23,39.6293355826981,-117.1234559156821,39.62899907659887,-117.08966691819164,21,3,1,1,14.06,12.382699999999998
6.56,37.73597011428634,-95.5529549815956,37.689095282371895,-95.5412950651029,20,1,1,6,20.13,15.436499999999993
10.2,40.73044519317638,-99.95129742872427,40.76705040796783,-99.94343703831576,18,16,1,0,26.92,21.584550000000018
8.35,39.19179879757257,-74.91698610917501,39.2056754791066,-74.9571717332931,22,7,1,5,14.51,18.92419999999998
11.91,37.70207356874074,-109.33372215102835,37.65977356330424,-109.35128451572228,3,24,1,1,30.84,24.561049999999994
6.85,40.8308604966913,-106.12393517044131,40.85359334455463,-106.14538448671712,4,6,1,4,13.75,14.568199999999997
6.64,37.14911896837689,-81.48416997774036,37.13275849335252,-81.5018865415475,5,28,1,5,13.98,16.122399999999985
3.74,37.32198382941478,-93.14197945727534,37.27484846591326,-93.15123506140978,11,31,1,1,11.84,10.172900000000002
5.82,40.91931204707903,-120.9946460312875,40.877702432670695,-120.9650512453256,18,6,1,4,18.6,13.643899999999988
4.81,37.44593026987502,-90.54303092079674,37.46369622967507,-90.52166508163748,9,5,1,3,9.67,11.187500000000002
9.23,37.39272501296659,-104.22163682134968,37.39995999265957,-104.26704662160869,7,4,1,2,15.72,17.940850000000005
5.24,37.8851969058178,-89.96307838426918,37.925092546896366,-89.91545323357572,16,4,2,5,17.04,13.247900000000001
7.18,38.09627718245424,-101.8794033208255,38.13610413099018,-101.91347868399602,2,28,1,5,13.67,15.80950000000002
5.23,38.29791316276332,-110.30630557099556,38.27308921120561,-110.29473349649209,6,23,1,0,12.99,12.017700000000007
5.75,39.62907098477847,-99.34901975188468,39.61389923993076,-99.3159021473122,4,29,1,6,17.26,13.211399999999992
6.1,38.848519718553256,-87.65909127630069,38.81534997024265,-87.6707900673784,21,18,1,2,13.01,14.569000000000003
7.79,40.73074890411922,-75.06260352254557,40.73509697503659,-75.03182390319432,3,27,1,4,15.06,17.457150000000006
3.48,39.56044757298341,-76.75055558499068,39.59823500447669,-76.76162380697862,2,17,1,1,8.48,10.71044999999999
7.6,39.13446978913635,-99.50682301404592,39.14228927745249,-99.5457913550319,19,20,1,4,12.53,17.7276
17.93,37.55029190017793,-90.44656943656078,37.52151242893688,-90.46424287509672,14,26,1,3,31.71,40.41830000000004
10.38,40.98975962813412,-91.63414733086032,41.02262111744968,-91.60068015536348,22,26,1,3,21.06,23.207600000000006
5.61,39.15124303079581,-105.26054949035856,39.13717062557495,-105.23679647807892,0,15,1,6,14.78,13.037249999999998
6.71,39.927869899733054,-80.40928010734254,39.89690090676768,-80.39280063836011,23,24,1,1,17.32,15.116050000000007
5.55,39.59654457031952,-97.68147875970152,39.582974449044734,-97.65438471740396,7,7,1,5,10.44,14.596500000000002
3.98,37.6654377179194,-100.71787924221708,37.6448747453528,-100.75567058267848,20,3,1,1,8.18,10.489150000000002
2.63,37.95675849485356,-83.99596212580894,37.99179956541902,-83.95471933188595,17,14,1,5,8.24,8.203849999999996
11.0,38.985356661425776,-77.29319253325944,38.94433048689661,-77.31734285854289,7,6,1,4,31.53,23.85349999999999
10.93,37.56911530649539,-113.1805357232274,37.58273664729087,-113.22098141013792,16,13,1,4,15.56,23.275000000000006
4.5,38.9213776572968,-109.91609653051836,38.93284332677925,-109.86833112381048,16,26,1,3,12.01,11.330050000000002
11.83,40.54800302782427,-113.04417324087972,40.560620379905856,-113.04552170308028,18,12,1,3,25.54,23.54934999999999
5.49,38.90048985837403,-79.38543963703887,38.9323596548787,-79.40545116678358,5,3,1,1,9.02,13.3737
10.34,37.04243363703325,-94.55076976692312,37.06836382997432,-94.50100947385846,14,3,1,1,15.94,22.258050000000004
3.9,38.88698898709906,-116.92778010002095,38.8836371713465,-116.89960890211246,20,13,1,4,10.9,9.317750000000004
4.22,37.00007309740411,-80.78421484033561,36.96451402559182,-80.75357589130458,15,29,1,6,11.26,10.740850000000005
5.6,40.25843048071123,-100.2538200756689,40.24022892207356,-100.20644993962634,20,15,1,6,15.32,13.349650000000002
6.27,39.03790088833844,-95.96294694810828,39.01240600629772,-95.99460542259732,20,18,1,2,20.57,13.86055000000001
8.59,37.8345767257617,-81.04167257867795,37.85740468779752,-81.00708055250035,5,9,1,0,17.77,19.49885000000001
8.26,40.61350271321752,-108.33229137154964,40.56591616716384,-108.35098296747368,13,7,1,5,22.06,19.420950000000026
8.12,39.3427085433334,-90.83400161768908,39.3491027152113,-90.84831581411376,6,19,1,3,19.59,17.85645000000001
8.78,40.2970910704762,-113.6893452727015,40.25107938479551,-113.66218114852202,17,25,1,2,24.1,19.837400000000013
6.04,37.39227159028609,-82.11808505828523,37.40584168909033,-82.09169828029852,17,13,1,4,18.5,13.599750000000014
5.43,39.46022283149046,-119.66862042714207,39.495729484316165,-119.6945837457912,17,7,1,5,12.27,14.24325
7.95,40.40478139000015,-84.87158225896033,40.438825963965584,-84.85334731000076,13,12,1,3,15.58,19.03770000000001
9.08,37.08260705957441,-104.31474242479472,37.13033073850209,-104.2694713209623,2,30,1,0,14.94,20.329449999999987
9.31,39.30814664557712,-108.73617836465516,39.344093721469,-108.76318554538926,11,19,1,3,22.22,19.98305000000002
3.47,38.79553910943287,-78.72787526845727,38.79182247393085,-78.73237094963392,17,6,1,4,9.07,10.379999999999995
6.6,38.22385453781812,-114.98347936278152,38.24532559136358,-115.0079565644741,8,20,1,4,16.96,15.693749999999996
7.22,37.50357249780498,-74.74850927498335,37.54271055177891,-74.77786809676662,18,17,1,1,13.75,16.410349999999983
7.61,40.13615433651831,-103.9553301050391,40.12167085172931,-103.94690005662672,6,21,1,5,15.88,17.5818
10.79,40.45024164355839,-86.648780032035,40.40659644184346,-86.62189379447747,8,3,2,4,26.03,22.661500000000014
4.49,39.260006609162325,-102.19814500809396,39.24983834630383,-102.1509883672922,8,22,1,6,13.98,11.5659
8.21,38.07694055418694,-81.71230104779889,38.06239862082892,-81.75376409396941,3,21,1,5,12.82,18.987900000000018
5.4,38.806703188582034,-117.879009927015,38.77313324980033,-117.8505868729116,13,8,1,6,11.77,13.341150000000003
8.66,40.11728855358356,-73.05636240884422,40.14400862287072,-73.04524546322028,0,8,1,6,15.35,18.80449999999999
12.19,40.79567025119592,-98.33449928782612,40.79394453935264,-98.32888423558846,17,10,1,1,24.08,26.364349999999998
12.29,39.75961655329176,-112.000778337354,39.77290094612008,-112.03999031911022,6,13,1,4,25.24,26.851549999999992
6.13,38.26933867174759,-83.5193068272221,38.22749189198355,-83.55192871080337,0,28,1,5,15.34,13.495599999999985
7.1,37.26823375316459,-112.6713213331512,37.31168237074939,-112.71462509501792,7,24,1,1,14.04,16.120400000000004
5.05,39.95923611964313,-114.7038083605892,39.94952605928172,-114.74325924815608,10,4,1,2,9.83,12.706200000000003
7.98,38.607990792389096,-74.36246550676701,38.579832862239655,-74.40593278199876,11,25,1,2,20.61,16.175450000000023
7.93,40.26699062918284,-100.27496812173366,40.252765648029,-100.30386399701844,16,19,1,3,13.07,17.114199999999997
13.09,37.66472516907584,-103.81607204842636,37.7098113333336,-103.85949189662718,19,12,1,3,34.76,24.372249999999998
5.38,40.30800973483726,-92.5818124552678,40.31530657824356,-92.61855028074297,6,21,1,5,15.1,11.697650000000001
14.31,38.84572874682157,-95.2472435671275,38.85483657920287,-95.24149142463818,17,3,1,1,37.53,29.271300000000007
8.98,38.82857266076776,-111.613227614187,38.85071620300692,-111.57175150527614,19,15,1,6,16.2,18.617750000000004
1.91,37.02364168017865,-92.37314090657344,36.97874008376998,-92.39756298101447,11,17,1,1,6.45,6.3995999999999995
6.95,38.67018682129447,-82.59651598620388,38.65043263728147,-82.64107351898627,2,16,1,0,16.83,15.985649999999998
3.95,37.860049330567136,-108.3565110355366,37.86099626724011,-108.3689341857694,11,29,1,6,11.42,11.431550000000001
3.99,38.13722991210573,-104.16315390874408,38.15133096580023,-104.12096454675618,18,3,2,4,8.18,10.169100000000006
8.03,39.19697849269171,-114.87849938167425,39.2346988137847,-114.8494661111474,8,23,1,0,16.79,17.302250000000008
4.09,37.00338616522676,-107.58157042872588,37.00343699013772,-107.624093652326,8,1,1,6,9.32,10.911899999999994
8.82,40.37947877489789,-98.49850337135469,40.42786062520541,-98.4840193572641,19,15,1,6,20.55,19.785649999999997
11.36,40.51823917126387,-116.07059115974477,40.49148561746089,-116.0582766094774,2,16,1,0,21.81,24.601750000000024
4.15,38.86259312179032,-107.36011841545796,38.87175856551136,-107.37756538989956,16,8,1,6,11.23,10.251099999999992
8.51,39.123567102583,-84.33676366610325,39.14330825324132,-84.37364697844126,13,16,1,0,23.59,17.904600000000006
4.78,38.22352875806988,-108.07062790977464,38.1956419390918,-108.08498770248649,13,28,1,5,12.45,11.82375
10.16,37.70080965723825,-110.92924821464358,37.74146924026523,-110.97717734108608,3,3,1,1,14.28,22.87879999999999
6.62,40.62010186216992,-89.47393502394726,40.59938237081441,-89.44125788971193,19,13,1,4,19.27,15.047699999999994
9.35,38.74780794271219,-74.29656758880157,38.73873359100572,-74.31867844188295,23,23,1,0,25.44,19.477950000000018
6.62,39.022086228092014,-112.05946491183542,38.99312099305173,-112.01433152035764,2,28,1,5,13.46,16.151199999999996
5.17,37.8462076952821,-102.3487792460731,37.82954895888806,-102.35904277873456,5,24,1,1,12.83,12.984500000000004
11.69,40.36189546034296,-76.41458659813082,40.32594366263684,-76.44222002043139,6,8,1,6,27.61,25.093450000000004
9.44,38.55365375449733,-76.82102958158131,38.53314077495372,-76.82713691437932,21,5,1,3,25.45,19.050250000000016
5.01,40.27993924334375,-82.21866680053427,40.26117646018123,-82.18632820627856,10,24,1,1,9.51,12.64055000000001
5.22,37.08258348302647,-104.86717031790204,37.05657589663972,-104.89069324046996,18,25,1,2,14.66,13.545549999999993
8.22,40.437344786739295,-90.0517772615832,40.47327308908994,-90.01053218098787,15,1,2,2,19.51,18.72510000000001
4.86,37.44424535972047,-89.40441890910037,37.437402843770656,-89.44505623553452,13,18,1,2,9.25,11.568050000000005
9.99,40.90390680860769,-76.67323693937942,40.89864334302818,-76.71014583169598,20,27,1,4,20.53,22.7777
6.76,39.81670550132567,-121.4801398141325,39.86654798176276,-121.5114744768276,18,4,1,2,19.31,14.465150000000001
5.36,38.24070451844394,-115.73413033585943,38.22024078755796,-115.73267399346707,22,13,1,4,10.74,12.839249999999998
12.96,38.929515149284896,-103.78032636363908,38.88334487759752,-103.75786753677286,22,20,1,4,32.62,24.449900000000028
5.66,39.47947259949362,-105.02889002096047,39.46122521351976,-105.02125966936634,9,18,1,2,17.58,13.575600000000009
7.23,37.479750889944576,-108.23102227925352,37.5173773208329,-108.27184591172112,5,7,1,5,17.69,16.074349999999992
9.86,39.32008050991823,-82.97761302231318,39.35483026050157,-83.01935413625269,7,14,1,5,15.28,20.061200000000014
3.49,40.27520235230927,-121.15032803968292,40.25095858335656,-121.19851638573026,16,22,1,6,9.36,8.37955
3.66,37.06160733147082,-104.54589223492692,37.079798292084014,-104.55797410444492,15,3,2,4,11.37,9.513300000000008
6.98,40.55204030157357,-113.3192477472936,40.56255534190266,-113.28566871244044,20,24,1,1,12.61,16.2971
6.05,38.69295360355744,-87.78929511501775,38.66313724094954,-87.79663359619956,20,11,1,2,10.85,14.960199999999995
8.91,38.01250287415328,-106.14850755024143,38.00090900650641,-106.15350819230594,10,5,1,3,13.23,19.18405
9.11,40.60920392138178,-99.72677147663588,40.64074303764787,-99.72561735955864,0,1,2,2,18.61,18.3374
10.43,38.4090509574201,-75.84814282045738,38.38954516629725,-75.80077440922831,0,5,1,3,20.36,23.643300000000014
8.09,39.551947610319885,-102.6886575600778,39.59425293554267,-102.73392655242657,9,8,1,6,22.14,18.570250000000012
6.41,37.604867653180754,-86.43644888604098,37.65101037644631,-86.45519271428273,16,20,1,4,18.2,14.60695000000001
5.15,39.86534870417436,-117.55286130435644,39.84938651338066,-117.50786067112152,5,26,1,3,16.22,12.859750000000002
10.3,37.84653149584362,-74.33231319380954,37.84925395314744,-74.35130709134785,17,3,2,4,14.18,22.463200000000015
5.87,39.08515580455337,-98.43647804758128,39.12919117713025,-98.46531686058378,15,30,1,0,12.96,13.056699999999996
5.63,38.06202993850084,-108.3653443207135,38.09603582056215,-108.3385658685236,6,13,1,4,16.26,13.20435
1.89,38.417381107085134,-110.19600398474486,38.36838361014476,-110.1697872454541,1,3,1,1,5.64,6.7841999999999985
8.12,39.109513244570245,-78.6260165390827,39.14766225354517,-78.62992548041102,22,25,1,2,22.39,16.619100000000007
8.66,39.76567677792454,-80.39170684434208,39.73488980283408,-80.43127040405737,16,31,1,1,15.91,18.711700000000004
13.32,37.489166022632034,-92.321347664023,37.45608652163174,-92.30409068354945,3,8,1,6,23.65,26.151399999999978
5.98,37.16059322564851,-106.35555889264026,37.11192817860665,-106.34857449889286,19,15,1,6,14.38,13.86410000000001
3.46,39.056591897607206,-109.45560461145028,39.01273655301519,-109.43310379522693,7,25,1,2,8.05,9.315349999999999
7.29,39.25979976617067,-105.84275089623112,39.24079275978221,-105.8538881599158,21,7,1,5,21.45,16.720549999999985
7.21,37.64572941600512,-92.86822333814888,37.622946109725845,-92.84903039809168,21,1,1,6,20.41,16.6178
8.17,38.232603473769,-117.1378198380542,38.27537095560023,-117.17836059157617,4,4,1,2,23.09,18.199550000000002
2.89,37.59020776218856,-108.0769819796825,37.62656658630584,-108.1123629633751,16,27,1,4,8.28,8.386099999999999
9.79,37.74579228662527,-73.7661942854184,37.71462191133222,-73.76071072636569,11,19,1,3,27.5,21.818399999999997
4.54,40.62359544844247,-93.0357574375826,40.574607862249,-93.08313452849632,12,17,1,1,11.28,11.832699999999997
5.31,37.822292318183216,-118.6578034819794,37.84200123324977,-118.6536144518376,19,27,1,4,12.1,12.708499999999997
7.3,37.27793497924484,-81.90471071157253,37.324905256030256,-81.93498818787991,2,20,1,4,13.56,16.188500000000015
0.66,38.1919388834162,-113.15094021732963,38.14862700968639,-113.1981483557691,10,26,1,3,2.84,4.189649999999999
2.57,40.82616835189448,-110.7292036102362,40.80918242305438,-110.72928085028332,22,31,1,1,9.78,7.912349999999996
1.07,40.96033627100939,-85.43538762434903,40.92059184244183,-85.44864344449785,12,3,1,1,4.47,5.069500000000004
4.74,39.45081387633325,-82.34441246582037,39.44439354967388,-82.39146954729384,15,20,1,4,8.64,12.179399999999985
3.33,37.45384767533859,-84.25145330336345,37.49673420923483,-84.23439813750342,10,1,2,2,10.41,9.551499999999999
9.41,40.52507192971491,-79.08309453981755,40.54571153953337,-79.07448376981843,21,22,1,6,15.29,20.139850000000006
1.93,39.4131662268478,-104.46827277307828,39.40237422954292,-104.5090902124912,11,26,1,3,5.69,7.039799999999997
6.62,39.92679146653708,-82.57480722516229,39.93217477213101,-82.60577613348042,8,30,1,0,14.32,14.341699999999992
3.01,40.57181313665504,-104.57712053305184,40.58560512444405,-104.5747782560605,18,18,1,2,8.85,8.64955
7.42,38.59941602536923,-85.21239364433066,38.59295246141728,-85.19245669137658,2,24,1,1,14.0,16.57140000000001
1.51,38.12038307982191,-100.53891089183205,38.12244257094117,-100.53209118741766,23,19,1,3,5.48,5.723099999999999
0.83,39.63172063163122,-99.84707516014824,39.64252703485326,-99.87112655490957,18,21,1,5,2.99,4.8502499999999955
7.84,39.52806989559573,-104.44813923166772,39.538529698126354,-104.49082337154272,11,7,1,5,16.53,16.6647
4.05,39.90618295206853,-81.81899408381123,39.88997677535737,-81.81467000852986,4,12,1,3,13.01,11.059050000000004
9.37,39.27794061262055,-120.06129506281906,39.27077478670789,-120.10621838897444,0,16,1,0,18.57,19.135700000000003
8.48,40.226443919649206,-77.49449166257298,40.17704077488039,-77.45899083461327,18,14,1,5,23.62,19.12599999999999
4.55,37.71268976417793,-96.64906260528572,37.67394298912812,-96.6251728705986,3,7,1,5,12.1,11.514449999999993
9.75,37.17748586408244,-112.76458361757857,37.14050397498716,-112.73026982333744,15,3,2,4,18.34,20.61575
6.39,39.72652493023476,-97.1985566044218,39.75914530914503,-97.1751554855833,2,17,1,1,13.09,13.943450000000006
3.83,39.60516926894381,-118.66493532678716,39.55812336617429,-118.62761771127136,8,16,1,0,9.55,10.370149999999994
5.68,38.945771649214336,-116.63079690271236,38.9711354956307,-116.64345932686476,15,6,1,4,12.47,12.655750000000005
14.29,38.39512450874186,-117.52258045306804,38.3456603653363,-117.5700332022595,23,15,1,6,36.99,27.18779999999999
4.78,37.147593770005486,-117.99594711099203,37.10307668782227,-117.95452062345676,5,3,1,1,10.32,12.020249999999999
5.08,40.36187789169405,-77.86578849242207,40.38987769233274,-77.8459193464756,7,24,1,1,11.58,13.295999999999994
10.38,37.3428719999853,-95.91387783200116,37.327644645908265,-95.90734976530382,12,3,2,4,22.36,21.626150000000003
11.65,39.81949977820815,-93.39453289286834,39.80907110285067,-93.40728035241273,22,31,1,1,30.78,23.179899999999975
6.93,39.94950065721657,-121.62263706328667,39.94148530468731,-121.6220517059812,6,1,2,2,18.18,16.21380000000002
9.01,37.78014756820275,-104.32959743681268,37.82647902585636,-104.32240074094769,1,26,1,3,25.66,18.348699999999994
9.11,37.33654435897257,-88.97661823873479,37.3302783038482,-88.9370633166272,19,12,1,3,15.55,19.582700000000003
7.86,37.24242999026589,-80.33910708192914,37.27235073090532,-80.34335732238084,19,13,1,4,14.09,17.56780000000001
2.65,40.36022860437965,-104.87879260137774,40.32334743218684,-104.87887264956623,9,4,1,2,8.71,8.266999999999998
8.84,37.7020500673172,-101.55067663257093,37.694800451314336,-101.56874731530392,9,13,1,4,18.93,18.427900000000005
5.32,40.56702248388205,-109.44171381770194,40.59054516686576,-109.4467271563716,15,10,1,1,13.25,12.535100000000005
1.85,38.17523212318454,-101.60615176517406,38.21215925209518,-101.63239645330512,6,18,1,2,6.56,6.5205000000000055
5.24,40.57188269591948,-110.99284414557988,40.598113331752366,-111.04084082921044,5,24,1,1,8.92,12.814850000000002
1.99,37.50072867034145,-92.41377298565186,37.51399875681744,-92.40837506951252,16,26,1,3,5.77,6.659799999999995
3.72,40.57459165780502,-84.70055252131034,40.62207725511702,-84.74675200059431,7,22,1,6,11.85,10.576400000000003
0.03,40.79504051766099,-95.12826039512724,40.80462002151698,-95.14592406880642,4,2,1,0,1.61,2.6282999999999985
3.81,39.62974159685643,-98.36865700715812,39.62452168658108,-98.39904237048464,18,1,1,6,10.56,9.931400000000002
7.87,37.76859285575537,-80.27210374813797,37.76139745194298,-80.2375523613389,6,3,1,1,18.09,16.70304999999999
11.4,38.68360709198333,-120.98121202769804,38.73030449901385,-120.99756276000348,11,14,1,5,25.12,23.564749999999993
5.41,39.66478005082293,-92.36739135513974,39.63145367635388,-92.34404607478784,4,14,1,5,14.52,12.456100000000001
0.01,39.06901190322634,-110.20746122063494,39.03407813830743,-110.16950434786324,4,21,1,5,4.74,2.889349999999997
5.94,40.9672816507646,-109.82514010833744,40.95156261589357,-109.78048191843727,7,2,2,3,10.98,15.21380000000001
7.95,37.13193461217029,-98.93730135723328,37.14052912545359,-98.96677124532845,23,24,1,1,18.2,17.8257
8.44,40.59615143817748,-114.85489405484374,40.603198073677966,-114.88343639226316,10,2,1,0,22.37,18.795800000000003
8.99,39.06248263538438,-95.4211870112332,39.01981821209464,-95.45939950526456,1,10,1,1,26.64,20.482900000000015
5.3,37.67175835232688,-95.01224455681628,37.634878619787386,-95.03928265002575,16,17,1,1,15.47,12.556699999999996
6.17,39.41968395230879,-120.15724122275736,39.37398043472914,-120.12389178534391,8,2,1,0,12.19,13.978849999999996
5.11,40.36320443533732,-110.7698778781806,40.36991967001809,-110.75954417177734,17,18,1,2,14.07,12.339650000000006
8.11,40.64181099721159,-104.20134737261093,40.64474517994014,-104.19899300919758,20,2,1,0,12.01,17.976549999999985
5.73,38.40020109327644,-76.07909845882654,38.400666774223126,-76.04375938984826,20,3,2,4,15.5,13.128449999999992
6.58,39.18521286414434,-102.0310702110898,39.19799830904274,-102.02773186971378,20,6,1,4,10.78,15.412049999999997
5.92,38.42390070676222,-75.86615853976834,38.456145997704894,-75.89581944872975,20,7,1,5,11.88,13.10650000000001
8.27,38.05792514081279,-120.25558734595316,38.07499239244432,-120.28114712595324,8,2,2,3,20.18,18.360299999999985
3.64,38.217464719296224,-83.58563252248678,38.25564878899668,-83.5814894123635,0,5,1,3,8.89,9.512100000000004
3.87,37.77115721766126,-94.63065721916334,37.79454273380342,-94.64154948259343,9,2,2,3,10.97,9.848400000000007
6.97,40.80618272019044,-77.8328355485037,40.838150341520105,-77.82964429565169,9,11,1,2,13.32,15.7956
3.24,39.26991021210018,-120.37159165353246,39.2791930303393,-120.39098571381304,17,1,1,6,10.96,9.128800000000007
6.95,38.61435787464906,-101.50668526072386,38.62159518321837,-101.50790512821402,5,30,1,0,18.63,15.99679999999999
5.75,38.20297643746056,-121.3437816433536,38.15755975320232,-121.35909889407772,16,4,1,2,13.23,12.702400000000004
2.17,40.68179984961923,-83.11545078764769,40.65599215893503,-83.1310511264504,8,22,1,6,5.16,7.1895999999999995
0.65,39.84726221506631,-116.24492345224748,39.83657492526199,-116.24703195780124,19,15,1,6,5.95,3.419800000000001
7.88,37.204628882881615,-82.44180236827347,37.23650414723663,-82.43031200681395,17,18,1,2,11.14,17.1302
12.21,37.05637889455807,-89.51844400640383,37.06440453138259,-89.51513676923227,4,26,1,3,25.08,25.91645000000001
12.23,38.350961527585895,-108.15546965534476,38.339805556873394,-108.16779953362744,6,16,1,0,30.8,26.38639999999999
6.24,39.40685953169826,-111.69579562996056,39.42192300780154,-111.7444470976676,9,4,2,5,13.77,14.404950000000003
8.52,37.44620979559569,-83.62172536228104,37.42411157930136,-83.57861240910745,3,14,1,5,17.98,17.23435000000002
2.8,39.14777198854621,-89.57776382285854,39.15559690001895,-89.59842115899687,12,24,1,1,11.39,8.385599999999993
6.86,38.49711075404775,-80.19739315796556,38.45954710904063,-80.19564420891909,15,25,1,2,14.5,15.334299999999985
4.29,40.21805521232268,-110.95571724547548,40.19957994631684,-110.9887861292198,7,18,1,2,13.45,11.356199999999987
7.66,38.53731899137422,-116.17095254051326,38.48802380937464,-116.2083207103282,5,3,2,4,13.2,17.521400000000025
8.71,40.00054657023657,-107.48727336398436,39.999695825730974,-107.53595354667824,8,27,1,4,23.11,19.14610000000002
6.79,40.311607876521954,-113.62598553638614,40.31700668119378,-113.6693695546,7,11,1,2,9.77,13.789200000000003
5.48,38.36506358034836,-119.44754622133398,38.39750731117285,-119.44495174171615,22,29,1,6,14.15,13.84475000000001
7.01,37.62848754347547,-102.37071320650256,37.627078591654175,-102.36995786255213,18,13,1,4,17.93,16.075049999999987
7.72,40.42126988740042,-96.8188496818336,40.434858794146265,-96.79639872400084,14,4,2,5,20.69,16.964650000000006
4.64,39.2021044414619,-118.90077630780138,39.18225501623731,-118.8916592299467,14,17,1,1,14.34,11.892699999999998
7.38,40.01762457740232,-88.79193180492325,40.007703438320895,-88.81979830078903,9,1,2,2,15.1,17.030500000000007
6.9,37.55047155276483,-103.79481306671198,37.5806895980753,-103.8227840611834,4,16,1,0,13.79,16.156049999999993
6.86,39.87322767436899,-93.74301105864905,39.84272548750005,-93.7065026138538,3,11,1,2,17.06,15.256100000000009
1.16,37.38079428755248,-113.82660423040537,37.35918238496937,-113.80539745733462,12,25,1,2,3.73,5.318749999999998
12.88,38.27864807048344,-101.90419280686308,38.31089252856753,-101.86766576517653,21,11,1,2,31.51,24.721500000000006
4.58,38.75574401986552,-98.95502425243316,38.71100951771131,-98.97577267511348,19,3,1,1,13.22,11.417550000000004
7.31,37.02941631405403,-76.48810145037379,37.06215383769377,-76.4902254475686,1,17,1,1,17.77,15.109099999999994
6.11,38.69140087939419,-120.54797471469784,38.66497011847531,-120.58881581999329,1,29,1,6,10.23,14.283199999999995
9.75,38.10733689349976,-109.77550843364446,38.14654958262685,-109.81600687829209,12,20,1,4,15.08,20.274049999999995
1.82,40.65607487935596,-119.2707514816546,40.60730807770126,-119.29189123863132,0,22,1,6,7.82,6.318300000000009
3.32,39.33995965755056,-84.00765981248816,39.336205905964185,-84.00622896606684,12,9,1,0,6.41,8.628400000000001
10.53,37.08816339564216,-108.52111579204104,37.09045771886083,-108.47798965820787,5,19,1,3,29.95,21.961449999999967
7.22,38.75092890011293,-77.54778365174616,38.794071613283045,-77.59710636370663,19,7,1,5,17.44,16.291949999999993
2.38,37.35032245211536,-115.22334907524277,37.3327693854862,-115.20159910903443,9,12,1,3,8.32,6.564749999999998
11.01,37.74472815020102,-103.67158969446976,37.75651900933093,-103.65134306213028,23,20,1,4,28.09,24.325650000000014
8.19,37.82223534054816,-90.16951295774815,37.86188735675297,-90.18288918988158,19,2,1,0,13.0,16.91444999999999
8.39,39.11882018572295,-79.77420634713732,39.114127361226736,-79.81136497420032,22,3,1,1,21.6,17.781050000000015
4.73,39.13172440148353,-107.88603728376744,39.119618988775656,-107.89356850029716,5,2,2,3,8.97,11.478799999999996
7.43,39.63193286678511,-116.20637384663722,39.63973094956881,-116.18285556945308,1,24,1,1,18.84,16.45615
8.25,39.92455914426438,-119.66356546347406,39.94102003992349,-119.66907980392456,6,19,1,3,15.05,18.48889999999999
3.41,38.112470710037535,-75.16951163881771,38.064107014497225,-75.157630748176,4,17,1,1,8.25,9.833400000000005
8.93,40.82846812582106,-112.97106869758773,40.82493175561543,-112.98572168847812,3,16,1,0,18.14,20.56185
1.74,40.78622125928146,-101.21185168532936,40.83300317980395,-101.21260494422496,0,1,1,6,4.88,6.1472500000000005
7.98,38.4142815155243,-92.48353192335544,38.45904849482709,-92.50000979738776,20,18,1,2,22.99,18.138350000000013
8.2,39.87075957668799,-90.09163637558886,39.897944989701855,-90.09606384218152,9,21,1,5,16.45,17.991549999999997
8.15,39.74214458618154,-93.6062059715507,39.771771444555,-93.55655789338904,11,27,1,4,20.02,18.301250000000003
9.66,37.53511178155209,-97.39830380409256,37.52827568779097,-97.4245996490349,9,31,1,1,25.32,20.802299999999992
5.22,40.786952709597145,-105.1585378042756,40.80292247206809,-105.1991765612433,8,10,1,1,14.44,13.042549999999995
3.79,40.10082038892678,-106.09208519293117,40.13359359161964,-106.13936478773591,13,20,1,4,10.32,10.21345
10.82,40.08434422944555,-92.27434791080309,40.05273454669793,-92.28112913938124,18,20,1,4,21.01,22.705750000000002
4.43,40.16721455699604,-109.24455433156838,40.12664897296779,-109.28385091417914,12,16,1,0,12.24,11.604849999999992
10.81,38.99453854231572,-117.48644033869932,38.97837716555347,-117.47379889919368,23,23,1,0,29.9,22.425899999999988
7.12,38.6575298226764,-81.55171465975886,38.69684105338196,-81.54492451045682,8,25,1,2,11.92,16.665499999999998
3.59,37.0807979498598,-73.82396660740054,37.09314378864361,-73.78239275886511,3,25,1,2,10.09,9.613900000000008
9.36,38.51476675743001,-95.9399484141526,38.52812460907524,-95.9540277739605,15,26,1,3,20.82,20.06495
5.49,39.49980671285833,-98.95330987122104,39.45804840241543,-98.91441069157304,8,11,1,2,9.95,12.94280000000001
3.52,40.60489370387628,-113.22652548305636,40.63828060759158,-113.2377673906011,16,11,1,2,11.68,9.220550000000005
6.84,40.68937916536613,-78.5416039150445,40.72175871903973,-78.56619388664055,14,27,1,4,16.04,15.246000000000002
6.01,40.90760077557458,-100.74089672813228,40.86201774594443,-100.77144971666748,20,11,1,2,15.83,14.254900000000006
8.12,40.241939864944406,-88.05244935762266,40.19894052356936,-88.01586901159104,11,30,1,0,15.73,19.04954999999999
7.02,38.71389958570157,-102.74543585427004,38.71207966291629,-102.7195291040445,13,9,1,0,13.21,15.461900000000004
4.28,37.74472679616621,-75.57967141105058,37.75255803592833,-75.53983412469793,10,20,1,4,12.03,10.629100000000005
10.19,40.98774527272315,-102.656889496199,41.01078015528277,-102.64401832962488,6,29,1,6,19.84,21.281399999999977
8.21,37.95510860738804,-82.26774081561211,37.97054310425818,-82.31303613348979,14,28,1,5,21.99,19.782050000000016
4.87,37.922386088122586,-73.94951888480865,37.93197332462743,-73.94558980301927,17,1,2,2,14.15,12.056950000000002
3.25,38.95132599345886,-113.95911065012302,38.98134394779774,-113.95528587210896,23,1,1,6,7.18,9.094399999999998
4.52,38.07149015840492,-120.2404938746127,38.07099432151949,-120.27030588520486,13,26,1,3,12.4,11.976649999999998
6.62,37.10004489367317,-114.31855761036692,37.14982688359776,-114.34525767779964,0,7,1,5,17.15,16.030400000000007
10.37,37.26393053483323,-91.96390290448588,37.219009567005685,-91.98882360785517,17,27,1,4,25.92,22.788749999999997
7.61,37.06793134606443,-103.07242003432916,37.08215014391125,-103.03896777084954,5,27,1,4,14.7,17.905150000000013
4.66,38.545312194034,-98.44298964658697,38.54335946230628,-98.41216731649072,0,2,2,3,10.52,11.594250000000002
7.35,40.23239197681621,-85.86200360980598,40.20065924804385,-85.849006215302,21,22,1,6,20.79,16.54
9.89,39.69047065979208,-74.87876946814256,39.65883057911339,-74.82991777162833,17,2,1,0,20.27,21.29395
10.19,38.39950969392594,-90.67561336904066,38.35308694240072,-90.69845474357246,23,24,1,1,24.9,20.350950000000022
5.96,40.70361333730573,-120.69067884750308,40.71835659659742,-120.72266763981496,11,24,1,1,12.85,13.95879999999999
6.84,40.56202157030494,-94.08968565439956,40.58591673368862,-94.07490771177469,18,5,1,3,18.74,15.155700000000017
7.59,37.3615992781368,-121.89411642401684,37.3960114894552,-121.91041851674676,17,17,1,1,12.78,15.507000000000007
3.11,40.62258819082274,-84.70673057122073,40.606883193255534,-84.69762515513142,19,12,1,3,8.96,8.735449999999991
6.01,39.80547154234917,-93.88922875937288,39.78468343643451,-93.88808494192796,4,18,1,2,17.19,13.308050000000007
6.9,40.92368251760705,-106.47161387375628,40.91292628593478,-106.47909561910456,23,27,1,4,17.38,14.862499999999997
1.94,37.0746950135672,-120.51253952685784,37.04871760349633,-120.48406744768548,16,4,2,5,5.57,6.465849999999997
5.48,38.60330730888026,-87.0115144819673,38.57754277547398,-87.00021482123569,13,16,1,0,13.36,13.06150000000001
8.46,40.83421253055323,-106.2954120238016,40.8740700580469,-106.30254817501503,18,2,2,3,16.06,19.595299999999998
6.66,37.328629389404334,-109.8956611364232,37.32945847992679,-109.9217268393727,23,29,1,6,16.84,15.819250000000004
6.32,38.90496774646567,-85.8783450860745,38.938281421245485,-85.89230865026744,8,1,1,6,15.73,13.348750000000003
7.92,40.23110436365439,-85.71152686737395,40.24418819498863,-85.75772301794687,14,25,1,2,20.05,17.14895
12.1,37.89262432188789,-110.42565787542028,37.915842912206735,-110.42711577212376,8,4,1,2,31.91,24.367599999999992
8.25,37.1223649244199,-90.25299019519709,37.10159116074016,-90.23162937224537,10,4,2,5,14.84,18.4525
7.03,38.25375914814145,-111.71300065985676,38.2868487170196,-111.66641969580098,11,13,1,4,13.76,16.337899999999994
6.3,39.43167650071836,-81.99806935353173,39.45232872542708,-82.04745991563088,9,13,1,4,14.72,14.740449999999992
6.3,39.827612230004185,-104.38344246160712,39.81393048958464,-104.39905473159456,9,9,1,0,17.18,15.107999999999999
9.06,39.87651935877407,-79.31294623458928,39.83588593102152,-79.3377417509457,23,18,1,2,23.23,21.15045
4.13,40.76548753299638,-85.60966585538227,40.7710528625364,-85.57609956803886,10,8,1,6,13.43,10.116150000000006
2.3,40.74298550870287,-106.67907121295195,40.77601762484477,-106.65283592538256,21,6,1,4,4.76,7.817050000000004
10.88,37.52035006160511,-91.5975029239477,37.56121159827463,-91.6254117429484,17,26,1,3,25.46,23.870849999999987
8.05,39.87792235232001,-101.7425427708858,39.83120928210572,-101.72326466881444,12,1,1,6,21.19,17.774150000000006
10.74,40.88497551780315,-108.11144219534116,40.87894604196611,-108.1409235984915,18,29,1,6,27.38,22.487599999999993
6.43,37.358381795875815,-97.25914275933287,37.39574507175546,-97.30201069863826,8,7,1,5,16.07,14.83449999999999
5.32,40.98380733659134,-86.55342036368503,40.95226305857892,-86.57452035701081,15,4,2,5,15.31,13.080049999999998
9.36,38.26656547233183,-108.5434624147325,38.29656050048165,-108.54591501618336,16,4,2,5,17.6,20.2968
10.43,37.8018269225132,-116.89979474647365,37.77003048145,-116.89688351740176,12,6,1,4,22.29,20.803350000000002
5.12,39.69546852673683,-109.42042536171807,39.64933696135242,-109.4431891269215,21,30,1,0,10.45,13.310800000000008
6.47,38.641656915475934,-83.35049963301961,38.68189736388702,-83.39793584389943,5,4,1,2,12.63,15.238900000000008
9.03,38.27486974424708,-97.29510241846444,38.26685296833639,-97.28587784299374,21,18,1,2,21.98,19.04175
7.98,37.87308220247419,-100.9287371520232,37.842169707530125,-100.89131733770454,8,7,1,5,17.34,16.847150000000017
5.44,39.44520483892597,-88.5643642292689,39.47688265604108,-88.53941544899006,14,22,1,6,17.38,12.441050000000017
1.11,37.66671642330487,-104.81314761394808,37.61715142710514,-104.76817423851249,18,25,1,2,4.44,5.110199999999999
8.91,39.90203213194087,-119.33836557120102,39.86885546574419,-119.37782014610671,9,16,1,0,14.86,20.091100000000026
5.96,39.65453451723916,-88.47786575516947,39.699271458199455,-88.4670629944568,0,1,2,2,14.65,12.909750000000006
0.55,40.36141705422125,-86.02885557024575,40.38296784273343,-86.01474729586006,3,7,1,5,4.34,3.8297499999999998
7.89,40.66784927553678,-103.9093642649944,40.66810091759654,-103.90434189574673,13,3,2,4,16.61,18.046049999999976
2.87,38.50377623550474,-88.80081915712401,38.51459167165528,-88.80018919625829,1,14,1,5,9.03,8.961700000000011
10.95,38.88740671852744,-80.98469046410592,38.86056456889483,-80.96340834094305,10,14,1,5,20.46,23.018000000000008
11.89,38.55404105527555,-82.6860697547946,38.57482575438447,-82.68196962734044,14,5,1,3,23.97,24.703300000000024
7.26,37.334157623852654,-93.65049389358052,37.38091393091312,-93.6486106325972,10,4,1,2,15.92,16.34109999999998
7.6,38.333300211431904,-119.31062723025968,38.30563750338478,-119.33787477582166,23,2,2,3,16.29,16.859300000000008
8.1,40.74384170671746,-118.3715153499509,40.74603268872493,-118.34256261082749,1,23,1,0,15.54,18.3985
6.25,40.49156598457549,-116.360152478303,40.46164423542993,-116.3621314719229,5,4,2,5,17.28,14.407899999999998
5.08,37.21701157704931,-107.8272113170092,37.18859553544303,-107.84186010699014,16,25,1,2,15.38,12.495549999999998
3.0,37.87083197507896,-89.17110361140858,37.83336893591138,-89.20315782611506,0,21,1,5,9.77,8.56349999999999
9.66,39.92894923840261,-97.83411162367068,39.92981929826794,-97.8713881477624,0,22,1,6,26.75,20.534049999999976
1.59,39.33285660730069,-97.6662848763471,39.32692081503646,-97.66067901148098,0,29,1,6,4.37,5.376450000000001
5.86,37.72491146048088,-95.11341323016735,37.73303306888877,-95.1476937730236,12,16,1,0,17.77,13.763200000000007
10.06,40.02854868763526,-120.54391079921298,40.04072362700855,-120.5382297002202,23,18,1,2,17.23,19.669350000000005
7.55,40.64356047268988,-104.4082614006877,40.670788775222434,-104.40641011704597,0,28,1,5,20.01,16.149050000000003
8.31,39.6531500436502,-98.70033925037905,39.62620492710705,-98.73833644264974,19,19,1,3,12.78,18.917699999999982
9.15,40.18480070285146,-81.72493935919591,40.20572053346277,-81.70677664997355,14,9,1,0,15.28,20.408199999999994
1.49,38.918095660406166,-109.1865265585106,38.871317138422576,-109.18093119704396,17,1,1,6,3.99,6.101399999999999
10.79,40.64361358952188,-109.02914238217296,40.63338413929592,-109.0354221505035,19,15,1,6,16.38,22.582800000000006
9.91,37.86718397775558,-89.08447400468138,37.84045853572819,-89.0555416216912,1,30,1,0,20.83,22.305250000000022
11.74,39.65165123898737,-95.83405217364634,39.64281401300991,-95.8391921516168,13,24,1,1,25.4,23.46340000000002
1.66,39.16595197321338,-103.28941050310536,39.19181858799757,-103.2765574257161,19,14,1,5,5.28,6.019349999999999
3.03,40.51590059804762,-103.25211367645792,40.551957828325776,-103.2730228131775,14,16,1,0,10.0,8.835149999999992
12.12,37.7502399849284,-87.26822035701643,37.71910424549722,-87.2871473492675,16,20,1,4,32.23,26.221799999999998
6.55,40.7496230857594,-98.0090901827953,40.70471896854191,-98.00387184106523,15,25,1,2,19.13,15.493599999999988
8.7,38.43289444789925,-112.8807228126378,38.39070664982571,-112.92908305696612,22,26,1,3,16.98,18.52825000000002
8.44,37.57380474130541,-100.74475600162307,37.61330135657202,-100.70120661415524,17,3,1,1,20.43,18.24675
9.65,37.66264584485124,-86.44576176901089,37.64976630992415,-86.43136158324401,19,14,1,5,19.39,22.093399999999978
5.11,38.32016634595338,-88.85687620699038,38.294920195202856,-88.8239255187202,23,23,1,0,14.71,11.809300000000002
11.38,40.91460151355619,-118.904225397656,40.92845344422064,-118.9348015783514,22,3,2,4,22.78,21.25089999999998
2.91,40.74292806189373,-76.22278469729969,40.7000533581565,-76.1796732355594,5,25,1,2,8.81,8.320300000000005
8.51,39.365360090181376,-89.0360126614631,39.37544364229061,-89.06260339617461,21,2,2,3,15.67,17.733000000000015
7.63,37.79634129657398,-114.68261260441832,37.84103168166039,-114.7054920294443,8,17,1,1,22.6,16.36760000000001
6.0,37.29127606739952,-113.77089458805456,37.30795184071408,-113.7915374185652,11,1,1,6,11.86,14.673049999999998
5.21,38.40254208038033,-75.45472622468465,38.357412704036896,-75.43285326097904,11,21,1,5,14.24,11.98855
3.15,39.83663425450586,-79.28688778334131,39.83824861387007,-79.23787822472205,8,18,1,2,9.99,9.093099999999998
2.58,39.1190682900524,-99.94891830105108,39.14411241400008,-99.97590092937446,22,16,1,0,7.49,7.978999999999996
9.53,39.76522345746073,-91.45433550958184,39.79890849533222,-91.49247305640398,23,25,1,2,13.25,19.786149999999996
4.42,38.99975189250839,-95.92010998551667,38.99546266487573,-95.90405060401724,23,1,2,2,7.66,11.868300000000009
11.26,37.19627534635956,-78.82629292259134,37.15091206194381,-78.81468822451684,19,3,2,4,27.85,23.309749999999998
10.13,39.11215069644997,-99.3279909217278,39.14546164641232,-99.27956565306025,5,26,1,3,23.44,22.336450000000003
8.62,39.722263039344334,-109.6241686452488,39.674172059756266,-109.58336920769976,3,12,1,3,14.25,18.452649999999995
5.98,37.547047791818414,-85.32506612670738,37.53226626917911,-85.32524248511166,22,2,2,3,16.28,14.721899999999989
5.39,37.14853808136534,-89.38241654332691,37.13041865412605,-89.41538236226314,23,16,1,0,12.72,13.346150000000005
9.3,39.3771150752122,-91.00884349028408,39.32903241099036,-90.98792718197942,5,2,1,0,17.38,19.447049999999987
7.73,40.25746087989364,-97.5788804801694,40.29912564268939,-97.54110763297304,0,14,1,5,13.91,17.29505
8.55,39.35049958488776,-81.54222190516961,39.36693491653117,-81.50676721661847,1,14,1,5,21.26,18.930700000000016
8.29,37.09664918874858,-106.61759865324488,37.06085291799971,-106.61061280919436,14,11,1,2,15.17,17.85414999999999
5.66,40.527215070284,-109.93667817722188,40.55206076847328,-109.9772978027237,20,13,1,4,9.51,14.328000000000005
8.82,39.82945141992024,-110.26395791377526,39.81364569290037,-110.22410077263528,0,10,1,1,22.04,19.947449999999993
6.36,39.03722016873997,-120.73311985494716,39.03151394982583,-120.72751225473904,11,5,1,3,13.74,14.416800000000002
8.57,38.03482695200638,-78.57123499456833,37.98600501610565,-78.61518695561988,7,30,1,0,13.15,19.77535000000001
3.74,39.05800483901744,-82.72217745659344,39.01501000143337,-82.67423727765892,9,1,1,6,9.85,9.768950000000004
6.93,38.55304223456375,-109.46183493005267,38.59948240448664,-109.42048150914776,22,29,1,6,18.67,16.698150000000012
12.41,38.57738704524371,-120.2906221412316,38.61383034115493,-120.32157036398957,10,30,1,0,20.44,29.010000000000005
5.82,39.95867182471896,-73.95945294561662,39.94881278098192,-73.9598314470985,9,28,1,5,18.14,14.01919999999999
0.28,40.63655918832804,-87.391299137286,40.64838768119184,-87.41305467532165,23,4,1,2,1.67,2.8999499999999974
5.59,38.243738815032415,-119.99321047130876,38.20294100002776,-119.94489600512722,19,20,1,4,9.08,13.117
10.04,40.32074917654317,-111.99047394418552,40.2882547761269,-111.95093885054573,16,18,1,2,21.54,21.46054999999999
4.63,38.68940373491212,-107.2848574010654,38.70768800956158,-107.32833350360173,20,1,1,6,14.54,11.454000000000002
8.34,40.15515682888896,-93.4159655190996,40.15149375623949,-93.39167002291602,6,1,2,2,18.79,17.93145000000001
5.97,40.7202819997756,-110.21851618209182,40.691333659792335,-110.22237875330808,2,29,1,6,10.95,14.219949999999999
4.53,39.78482569499185,-120.6353193237278,39.8050895622017,-120.60134599882078,14,27,1,4,11.93,11.670149999999994
9.89,40.43035702708334,-101.9435986218735,40.39702691518646,-101.96317945611293,15,19,1,3,18.05,20.96825000000001
7.37,38.58874379347998,-112.32642875362424,38.62989770154246,-112.34331592066896,18,2,2,3,18.36,17.493199999999998
6.75,37.90134853452359,-83.99757724884566,37.87769698905531,-84.00752224047643,1,1,2,2,16.58,16.047600000000003
10.78,37.12282576188525,-108.88089538078935,37.0881417535274,-108.87392660780704,6,13,1,4,21.32,22.230099999999997
9.44,40.81120619954304,-97.93122141139438,40.80326836518307,-97.88713830460094,7,9,1,0,22.15,20.671000000000017
3.59,38.01465402781349,-107.4735644910187,38.03476663740199,-107.47163331817428,21,23,1,0,11.39,9.907950000000007
5.63,38.12137605995184,-94.70881923975791,38.13329690657303,-94.67982522010334,14,31,1,1,11.48,12.675299999999995
2.79,40.28549352179875,-86.15151525384962,40.23953410767875,-86.1137966464501,11,28,1,5,5.72,7.9359499999999965
9.35,39.60755907868239,-105.69283264438783,39.61246934982189,-105.69267141443912,2,5,1,3,15.02,19.925349999999995
0.79,40.18501559126319,-92.40659819887328,40.19437872513192,-92.37889949652411,8,7,1,5,3.11,4.104999999999994
3.29,39.036956473731344,-73.46128652541259,39.01574399029569,-73.49892493107012,1,2,1,0,10.73,8.863700000000001
8.81,38.59054855214485,-91.96999075333626,38.59192818165367,-92.00933468733362,0,10,1,1,19.87,18.50374999999999
7.77,40.56226249288487,-84.75571014943154,40.51481803205638,-84.72269701029799,19,7,1,5,15.65,17.414100000000005
5.15,39.90601330925615,-79.9333910551482,39.87389222470821,-79.98055731507245,20,26,1,3,11.16,12.167900000000014
9.22,39.74545852620102,-121.24060522602396,39.73781289798243,-121.27673191566724,12,29,1,6,16.84,20.037599999999994
5.03,37.91487235851723,-91.22919805869265,37.94583978752152,-91.25290895442735,21,10,1,1,12.68,12.34724999999999
7.11,39.065947465384575,-117.47180646896058,39.05547787723547,-117.4781978503417,10,6,1,4,16.68,16.143949999999982
5.88,39.96689725388669,-83.86750208768616,39.92573897464856,-83.83765087445944,7,2,2,3,15.75,13.52195000000001
13.86,38.70747577922947,-90.08528839673458,38.70926866744925,-90.10375746373974,2,2,1,0,25.67,26.37345
10.39,40.10739004806351,-78.07994736872928,40.0742316220953,-78.12622480299548,2,16,1,0,16.65,23.782749999999986
6.01,37.52017789352392,-73.44133254685127,37.48923744093814,-73.42628601574893,20,9,1,0,11.39,13.945600000000013
3.42,38.27186002613598,-104.2095595883726,38.29781394669314,-104.1653699786949,19,30,1,0,5.62,9.513200000000007
4.02,39.589379780419605,-120.28364485376412,39.56693688954411,-120.24755962360398,9,14,1,5,11.72,10.762500000000005
7.64,37.48189836909607,-105.1234558874941,37.52135565094093,-105.13491982658394,23,6,1,4,21.8,16.262849999999982
3.96,39.62018422583133,-90.95360256030604,39.60451600106823,-90.95255567198583,2,22,1,6,12.62,10.080949999999993
13.05,37.104424457187065,-85.69349652944996,37.12501667486893,-85.73274457830414,8,1,1,6,26.91,27.73969999999999
6.68,39.85372106449971,-101.19397322617678,39.89880816934773,-101.22643142472612,18,28,1,5,18.36,15.995999999999981
6.26,37.6456077912154,-89.33800018469438,37.66063890124345,-89.3315895768667,5,18,1,2,11.38,14.881399999999994
7.49,40.630599693010126,-77.5926099020658,40.67260009205209,-77.63992589634242,1,17,1,1,20.28,16.76224999999999
0.27,40.487978661133454,-74.87888551064222,40.44406517148815,-74.88194486434618,0,14,1,5,2.66,3.786700000000005
0.41,37.25853885281091,-74.40088270387463,37.21649597623271,-74.35544764618403,1,9,1,0,3.87,3.636299999999995
6.38,40.43605603399487,-86.5325493454929,40.458162750861085,-86.53713258576354,17,27,1,4,11.28,14.53540000000002
11.21,38.362794697829344,-118.44067933626884,38.324324450120415,-118.43573799283888,2,1,1,6,17.3,25.334249999999987
7.38,40.51926954035733,-119.97398287398758,40.51173036023998,-119.95687134987084,2,25,1,2,20.53,16.26924999999999
7.36,39.26010754841052,-107.38085012984624,39.24674982217157,-107.37771079134669,7,2,2,3,15.3,16.454499999999996
9.48,40.86843556087052,-120.2905595680336,40.874557003580094,-120.2960205631426,17,16,1,0,16.46,22.971800000000012
3.19,40.27705686458076,-113.27233101480633,40.2670138604071,-113.26712767742347,10,1,1,6,6.99,9.496600000000003
5.3,40.190317343731614,-84.03655264811243,40.193744595168425,-84.06017098931153,6,18,1,2,11.68,12.526400000000013
7.59,40.98283205067545,-119.39725099124246,41.00977194121432,-119.38658379305537,1,24,1,1,20.29,14.873799999999992
11.76,37.02562401595437,-87.4021781709796,37.04246915348883,-87.37149721620186,13,22,1,6,26.64,23.50185000000001
5.85,39.47588461172294,-97.51062150387824,39.44926899805705,-97.51077493925574,0,24,1,1,13.84,13.52769999999999
11.75,39.40245888478493,-103.65331259732356,39.40177184669745,-103.6294012675809,20,21,1,5,19.25,24.396600000000003
7.05,39.78911167961073,-89.74323099518327,39.745369563842,-89.74037499710197,19,6,1,4,10.06,15.908100000000008
7.73,39.3660959887039,-86.19148408898717,39.37020541387647,-86.1869877355069,18,23,1,0,16.01,17.27179999999999
8.37,38.59529267926461,-99.8287290476335,38.60145025412368,-99.86914633033706,1,15,1,6,20.25,19.866850000000014
7.93,39.20709002625218,-102.68983110163154,39.231671034141975,-102.66125610965427,12,15,1,6,15.01,16.837950000000014
6.03,38.16418048611814,-121.90067180921127,38.12721380493559,-121.94394415566012,16,25,1,2,14.09,13.752049999999983
7.7,39.06219749141905,-101.33745099363183,39.08810257530829,-101.36856780181284,10,7,1,5,15.1,17.674749999999996
4.32,38.11392773545723,-118.88022845709142,38.15613760226144,-118.84022005512568,8,30,1,0,11.31,10.650849999999991
6.99,37.84103651266013,-91.18100136094154,37.88453114694935,-91.13846367572302,16,7,1,5,19.1,16.396650000000015
9.82,38.06629019378354,-110.1960630124451,38.0640363867892,-110.2436607045437,5,2,1,0,24.33,21.21235
3.47,37.43004653847588,-112.4527967819117,37.46801291419814,-112.42085924686064,19,5,1,3,6.72,10.222500000000009
9.96,37.54987627726748,-83.89104861523958,37.523417772972905,-83.92254535284013,5,29,1,6,20.83,23.25054999999998
5.27,37.21840416494342,-111.85216118001212,37.23627759903427,-111.86025178880398,12,21,1,5,15.47,13.208700000000004
12.63,40.04904511239196,-119.2240173326104,40.06156821744495,-119.2359908686255,12,26,1,3,20.35,26.27119999999998
15.04,39.85340484554912,-109.08676269748555,39.816181192099215,-109.07737362811096,3,2,1,0,37.25,30.24405
3.88,40.0169942395337,-95.01599957272042,40.06691208620416,-94.98433267322034,20,21,1,5,9.91,10.554150000000003
7.03,40.41311367506412,-94.33417946334224,40.41518759240181,-94.30989351923496,1,25,1,2,21.94,15.767899999999992
8.11,40.43539989034348,-75.07515875636273,40.42725129402823,-75.06663100982739,1,6,1,4,17.82,20.373950000000015
3.38,40.78113401950609,-96.16194652606896,40.77730636220373,-96.137007713593,13,5,1,3,11.94,8.740900000000005
7.29,40.63249602746144,-86.40847620443849,40.60343308456513,-86.37924379603464,14,19,1,3,19.36,16.301699999999997
7.27,40.34060222861099,-82.09660132494193,40.33272106596145,-82.04690316945255,17,30,1,0,18.66,16.981950000000012
9.33,39.42709617185956,-121.95344481869265,39.42680986860155,-121.95224039422332,13,27,1,4,19.99,19.744899999999994
6.16,38.44991727125837,-97.66554661100476,38.49011451335768,-97.65472550430842,13,18,1,2,11.16,14.369599999999998
0.4,37.04172482000061,-115.44107653149985,37.08439890240053,-115.44682790444136,8,27,1,4,2.7,3.7206500000000005
8.54,39.646286614738536,-109.83222162035938,39.68312929435871,-109.8366542515598,9,4,2,5,17.36,19.59424999999999
10.83,39.40095813500891,-81.48446675715087,39.3841445505506,-81.526933178584,3,25,1,2,31.03,23.53200000000001
5.53,37.14166308838211,-115.41481241536798,37.1587408717096,-115.41023717297576,11,31,1,1,15.41,12.1483
7.88,40.608634172357554,-100.5083881351768,40.6258303992174,-100.5236102313877,16,4,2,5,15.42,17.267449999999986
7.37,38.25080013418847,-114.92059330616316,38.22558012263445,-114.88070470457512,17,21,1,5,20.48,16.811099999999996
3.84,39.86954798881738,-78.70075989276393,39.86821863170094,-78.69107573548112,5,25,1,2,8.88,10.547199999999993
9.84,39.64316305276585,-90.1540437836795,39.6880580636632,-90.14887089772878,2,18,1,2,26.23,19.876149999999978
5.13,39.06988035960596,-83.37169478224897,39.09886531803607,-83.32180094716387,12,8,1,6,16.4,12.383700000000015
4.18,38.1761352428813,-85.84139320251398,38.16990682488727,-85.85562847986033,6,28,1,5,12.34,9.92165000000001
6.92,37.49080363692416,-85.4893023880199,37.5172946446831,-85.47324115215623,10,31,1,1,15.25,16.56734999999999
11.15,40.16404504599929,-116.64482155405544,40.1926632498532,-116.6453421609748,7,21,1,5,16.88,25.757699999999982
5.48,38.06327175832681,-116.9002514269676,38.110774509515984,-116.87301040953167,8,1,1,6,10.84,13.436050000000007
9.28,40.88178441684575,-90.11442474932336,40.88366481474041,-90.1208069100774,12,4,1,2,15.41,20.3705
7.04,38.72506167292338,-98.22771396853008,38.76507312391975,-98.22291253158636,22,16,1,0,11.01,15.137699999999993
5.99,39.19542950034328,-104.90644402874352,39.21537276403721,-104.92210726134458,19,17,1,1,16.14,14.126549999999993
14.17,39.56179557393905,-79.32371254066858,39.53688282751818,-79.31172781324871,6,20,1,4,25.9,28.84449999999998
7.52,38.72785162454154,-98.7323799021762,38.77176856849058,-98.76954337505184,2,3,2,4,14.35,19.021549999999998
13.28,38.47769559979653,-115.66359062204016,38.48511525179817,-115.69696807873716,9,2,2,3,31.34,27.74230000000001
7.14,37.32862999056821,-103.80132545002648,37.342349168535314,-103.76306136160012,1,19,1,3,14.97,16.941050000000008
6.86,37.62010937963186,-85.29579517333651,37.5935905384716,-85.27854900919677,6,20,1,4,17.45,15.123600000000001
7.06,37.72879652438302,-112.45278599108934,37.75437767593901,-112.41405552060718,0,31,1,1,16.78,16.23380000000001
12.28,39.79395067945298,-76.02240284116435,39.74601454126414,-75.97889458972789,9,1,2,2,26.86,26.462300000000006
8.84,39.28930329396525,-97.60127275505388,39.323897377388754,-97.61196163536864,1,18,1,2,17.0,20.33694999999998
5.81,40.7660325570101,-81.10410151196365,40.74101024695847,-81.09722841753381,20,16,1,0,12.56,14.10549999999998
6.16,40.83039113838549,-120.84293398861364,40.78633901379717,-120.86825684820424,11,13,1,4,14.74,13.546050000000006
12.59,37.12101141656475,-90.63548240514832,37.0759271518795,-90.68506521420548,17,27,1,4,32.43,26.654750000000018
9.55,39.82438283522852,-101.12351578126696,39.83747354655252,-101.161962572141,4,27,1,4,21.03,19.8773
7.97,39.74492961342891,-120.76181173579752,39.7056603336849,-120.7243477251138,15,22,1,6,17.16,16.9516
3.73,38.96251388542518,-78.34735745223855,38.94761803601592,-78.36331290461749,16,20,1,4,9.53,8.987049999999996
6.34,40.86127192673131,-86.83998166536415,40.88516430870556,-86.82021851216399,20,3,1,1,14.19,14.728499999999999
4.15,40.2487349827684,-73.82871496273373,40.28250736560422,-73.78559799982182,8,3,1,1,12.75,10.431650000000001
8.49,39.947184783692265,-75.97979982708034,39.990584723897584,-75.93243457843296,16,5,1,3,18.01,19.325450000000004
9.13,39.21580400834225,-85.12663048570353,39.24337813921812,-85.1664548353661,4,1,1,6,20.87,20.778949999999995
7.45,37.46138569472205,-105.43559605349505,37.4660021553887,-105.46917086829514,15,3,2,4,18.71,17.670949999999994
8.98,38.59000935347067,-117.18741593587976,38.63925094713204,-117.19080367263405,13,4,2,5,16.39,19.373100000000008
11.41,39.389918052716105,-117.92904308539906,39.41568102708734,-117.9198122590042,17,11,1,2,21.02,24.756050000000002
1.49,40.08304263217774,-103.25310450105528,40.12848159574227,-103.2321783428371,21,28,1,5,8.27,4.914699999999996
9.64,39.22192619770857,-73.26235278361409,39.23824353580633,-73.25724347118047,23,3,2,4,13.62,21.24234999999999
9.93,40.66639634821618,-88.74725981617763,40.657825764487086,-88.7598486094964,6,2,1,0,24.45,24.224349999999987
8.31,37.04683754290273,-74.04051089267857,37.0088610840485,-74.08798435714841,14,9,1,0,16.05,17.864549999999998
11.32,38.19841959563056,-112.04481230398216,38.23821150784177,-112.0562855856836,17,30,1,0,19.3,24.266699999999997
10.76,40.86810467199601,-118.69640593614656,40.91566278700386,-118.7094786379877,22,3,2,4,16.62,23.289949999999994
12.25,40.81606796915846,-114.16783473130276,40.81843084757769,-114.20352463556452,14,22,1,6,24.18,25.77534999999997
8.81,39.59085898967119,-112.01879685989974,39.58888466970064,-112.02692695552145,4,25,1,2,22.97,19.434200000000008
7.71,37.25310811671496,-120.20792720842904,37.20484784845007,-120.24564506982442,14,2,1,0,19.88,16.45100000000002
5.76,38.60328067130066,-103.47125518288802,38.59472532055845,-103.42208776389327,11,23,1,0,14.8,14.067199999999993
6.01,40.742684401142974,-92.17300935583486,40.75637234974714,-92.22236724684822,16,15,1,6,13.95,13.818549999999991
6.71,39.24679687951284,-118.19914651378464,39.270829618176265,-118.20788692065928,2,14,1,5,12.9,16.628500000000017
10.01,38.42188855906602,-103.48265372618216,38.43131495168107,-103.53195691442406,4,3,2,4,13.88,22.273799999999998
8.7,37.23544859461264,-112.02309932178191,37.205485158629656,-112.00879762528098,15,23,1,0,18.82,18.54974999999999
9.59,37.4842185963431,-77.43066448486454,37.47758541156366,-77.4625360057685,8,16,1,0,17.29,22.192000000000007
10.3,39.6478548184698,-121.55294979131293,39.61920159796394,-121.60238964549558,14,1,1,6,28.87,25.31874999999999
3.94,40.22544922385144,-116.57528630479948,40.2232456295402,-116.52601732760016,17,28,1,5,7.2,9.920949999999996
10.19,40.13698761095199,-95.5530965662896,40.15322043433473,-95.54822889774866,11,14,1,5,21.87,22.353149999999996
9.07,38.413973145688296,-77.09445850163044,38.40358138749904,-77.0638149024037,15,6,1,4,15.37,18.948749999999983
9.66,37.30820893342674,-90.41291855657728,37.29940767775815,-90.36811296556758,20,13,1,4,20.31,20.451400000000007
8.24,40.45550900589422,-88.99504739151195,40.45940162044077,-88.99070842569058,13,10,1,1,18.59,18.29375
11.09,39.20008678971147,-74.7540794296716,39.21085073027483,-74.78522977709088,15,4,1,2,21.89,24.56759999999999
4.98,39.566760172996126,-82.59378562350773,39.585958224555725,-82.6162001293756,20,22,1,6,12.07,11.822500000000005
7.79,40.35249015005669,-110.69106387205224,40.357469779997416,-110.65043224044317,11,29,1,6,12.06,15.233650000000004
10.66,38.17544241426121,-121.07378486727536,38.21096834489575,-121.08145488128596,20,26,1,3,17.46,21.534150000000018
8.77,40.50248594239452,-117.90498009457431,40.49943779892463,-117.92793038047968,16,22,1,6,19.52,20.56065000000002
3.8,40.22075320961504,-118.60849673149002,40.22658925937698,-118.56898197895532,1,1,1,6,10.07,10.209099999999992
7.38,39.82945759922861,-79.77100302481847,39.8045972969177,-79.76838366077259,20,6,1,4,19.27,15.958599999999985
7.82,38.31191351537244,-88.06523146423322,38.355462770752766,-88.01786893957691,16,18,1,2,20.7,18.24849999999999
12.82,40.03506397295583,-87.92697857678758,40.033422860789926,-87.9113870703614,23,19,1,3,35.9,24.363900000000008
4.93,40.438856104793565,-113.04053496955018,40.41963976695619,-113.00590228133224,13,24,1,1,11.98,12.59249999999999
8.58,37.35308232036205,-101.03285559668984,37.38024743343616,-101.05470289801032,17,25,1,2,15.37,19.052750000000017
5.45,37.74482530870296,-114.7151672807078,37.75588167929765,-114.74659445382272,1,12,1,3,15.84,12.469350000000011
11.63,38.70289635845312,-92.03704543919974,38.66356391833899,-92.01077470492709,3,21,1,5,17.63,23.919550000000005
6.84,39.72733424703644,-89.01789140364244,39.73429265942677,-89.06589730852686,9,21,1,5,15.36,15.32169999999999
6.74,37.7635167467365,-75.86805877470687,37.76797264848136,-75.84476283691423,15,6,1,4,13.32,15.255849999999986
8.67,40.75996841741111,-103.4435316692221,40.78414714427673,-103.45819502715766,9,29,1,6,14.64,18.474900000000012
9.36,39.73570745718932,-77.15955899831809,39.77975630953174,-77.18913287817696,15,25,1,2,21.84,19.82115000000002
5.63,40.51768623576886,-116.74396938588347,40.55986076951367,-116.72126494620004,13,1,2,2,14.48,13.551750000000016
8.96,38.79587468020856,-119.29784841287842,38.75644714896378,-119.28599828920755,1,2,2,3,22.1,19.216500000000007
1.24,39.754511675645176,-84.79942483972818,39.732876452405165,-84.80792047622413,9,7,1,5,5.66,5.224500000000001
3.13,38.75700497102731,-83.0844207543112,38.707232205547406,-83.07196739307645,10,28,1,5,7.88,9.39924999999999
1.77,40.03126702550285,-80.05983890334434,39.99733192266947,-80.0833237669333,22,9,1,0,4.28,5.804150000000004
9.47,40.71258953748125,-108.1019089780038,40.68165249938667,-108.1334483655262,17,16,1,0,16.16,21.546750000000007
7.35,37.06982368439174,-78.72497897059706,37.09293896399291,-78.75039229701491,14,30,1,0,14.04,16.336999999999993
6.71,39.95363681770439,-82.87618295571824,39.9797198888835,-82.87840514418775,10,1,2,2,10.96,15.73515
8.73,39.34642353949781,-108.49180962623488,39.33142226225375,-108.52707574659324,21,24,1,1,23.52,18.49865000000001
8.62,40.2775594201558,-99.97492784682524,40.260224251071726,-99.94845425799852,2,11,1,2,20.87,18.55815
8.23,38.04243178698555,-75.93614737300648,37.99674802593238,-75.89935950293993,12,2,2,3,18.46,17.697550000000014
6.35,37.47171574250879,-92.24617057079452,37.45041739539018,-92.26774018470476,22,16,1,0,16.48,16.070699999999995
5.79,39.40569756036989,-105.38320405442047,39.36586178875263,-105.33589893997446,17,29,1,6,12.39,13.496149999999995
7.55,37.14313464449129,-112.32151556596456,37.10672015382213,-112.28607263840242,23,14,1,5,22.79,16.864200000000004
9.59,37.54831205639545,-95.92637179038738,37.57045830619842,-95.91022870817012,1,8,1,6,16.55,22.302850000000014
1.64,39.37334278619137,-112.22326385826018,39.41375759816955,-112.22477363694406,23,7,1,5,7.59,6.141350000000002
3.79,37.89689930847039,-106.67449136681373,37.90987976396284,-106.68705390032548,14,23,1,0,10.29,10.346650000000004
2.52,37.28004641957156,-86.6311253957634,37.26950461400441,-86.6792402136851,9,9,1,0,8.1,8.205950000000001
8.29,37.85016904267806,-117.9089231991184,37.8602942824601,-117.8795579988748,6,25,1,2,18.03,18.313499999999998
5.17,38.083771987024434,-114.82212254222884,38.12289226586974,-114.80717984259766,17,10,1,1,12.82,12.207000000000008
0.16,39.94383727082007,-121.66202610062524,39.90583492826372,-121.64088357682316,12,19,1,3,5.23,3.5333999999999968
1.61,40.22554161123611,-92.60035372845446,40.26643110024572,-92.59956883080292,20,19,1,3,7.77,5.910250000000002
10.01,38.49534882489869,-115.88716596646904,38.5380997817725,-115.93307580926356,23,3,1,1,16.93,19.05060000000002
1.26,38.54592341928855,-110.82551785316076,38.56960114900172,-110.85935276492027,12,23,1,0,4.17,5.496950000000001
6.54,38.91156916644528,-108.60640336781164,38.90353728656616,-108.61433590134985,9,20,1,4,14.23,15.049999999999995
5.27,39.9770973336482,-75.74903761545241,39.99263142157806,-75.75676966166728,8,5,1,3,15.5,13.493450000000001
4.69,38.32341420271519,-76.65459335140524,38.28362364310651,-76.68107517242538,7,16,1,0,10.39,12.113199999999992
3.3,39.3853782194434,-81.73135333169778,39.396902013103855,-81.78053181309465,10,13,1,4,8.44,8.75930000000001
6.95,39.42489979753832,-109.94520914390908,39.381363228382014,-109.94021194148245,8,30,1,0,17.74,15.24849999999998
6.89,37.95750327927093,-103.69401794061169,37.99048137548646,-103.68965787411982,1,30,1,0,19.71,15.168100000000008
0.69,37.81013824388501,-112.20359009249655,37.819839316393306,-112.17425943296816,14,2,2,3,4.31,4.855899999999997
10.14,37.63681897266064,-112.85939847745806,37.6386753654746,-112.871671372728,2,1,2,2,20.46,22.024399999999993
1.87,39.78680479867395,-106.67478131680714,39.802026459462326,-106.69567456921396,14,3,1,1,7.15,7.1936000000000035
3.7,39.172469827038434,-97.43159454019305,39.202781036254414,-97.44876008563983,1,21,1,5,8.41,10.303449999999996
8.51,37.50857096153771,-92.0822900102155,37.49060187880402,-92.09192795046094,10,9,1,0,21.53,18.25780000000001
6.99,38.85620815069327,-76.55967198190243,38.862819398941255,-76.54553667954767,20,11,1,2,12.71,15.895449999999997
4.41,39.96637663555937,-113.63972693150788,39.967904808785214,-113.61228918338786,10,21,1,5,11.18,11.575899999999999
5.03,37.70565958086221,-105.03292252902588,37.67773367892783,-104.99112380861432,22,31,1,1,10.22,12.727899999999991
9.86,40.79864818573655,-91.72651398470072,40.84827947625218,-91.7756177069795,16,1,2,2,15.64,22.687150000000006
3.6,37.40816856636791,-91.66006623493747,37.453889480615295,-91.65336755573712,11,21,1,5,7.53,9.307399999999998
4.32,39.28542648069765,-84.21804968306853,39.28154982752945,-84.20801253170266,7,21,1,5,7.09,10.680949999999998
9.37,37.66924630642266,-73.8812067919522,37.67442907111832,-73.85270231277048,2,22,1,6,17.6,21.237350000000024
11.36,40.89584316591318,-86.98340766877314,40.94288057856628,-87.00400139748926,6,1,2,2,19.93,23.285000000000004
6.79,37.07018769663346,-87.14164188699226,37.03737701560037,-87.09554741810697,19,5,1,3,11.9,14.251399999999999
4.53,38.29196139361608,-106.06641979324765,38.3097915935878,-106.09329530312256,16,5,1,3,13.48,11.220399999999998
6.61,40.38931509008239,-103.1363309255271,40.373836886699934,-103.1777276582106,0,2,2,3,11.31,15.862100000000007
11.08,37.23052111001708,-116.4373248255283,37.18584690299678,-116.43662551616362,3,3,1,1,25.78,24.854800000000022
8.88,37.09025030834609,-94.68884261306069,37.07172607937133,-94.72573111202928,23,1,1,6,13.38,20.752200000000006
7.5,39.4041824889834,-107.22544224065824,39.39520447820389,-107.26424804244532,16,8,1,6,17.61,16.118000000000002
7.77,37.1281279603242,-82.12529107427659,37.09058572328198,-82.09208557703812,5,8,1,6,15.43,17.95080000000001
7.08,39.9336442839876,-109.7948198813466,39.959394332976345,-109.77126530859304,21,3,2,4,19.53,15.748099999999974
4.68,37.43179011190762,-104.0409755099513,37.41693183880513,-104.08483099153958,14,4,2,5,10.26,10.865849999999996
6.08,39.14583168632185,-86.32311399059881,39.14929507094409,-86.29701250198954,22,15,1,6,12.6,14.171699999999996
9.52,38.4526268125959,-83.75004299533254,38.48769675160912,-83.79998239051068,4,4,1,2,17.73,20.290450000000032
9.84,39.272415202404495,-84.09753579698986,39.23036151318984,-84.14050872610994,4,16,1,0,23.17,21.148849999999992
6.58,37.95599285121739,-118.19843893288936,37.93624743803381,-118.14997082452432,9,8,1,6,16.08,13.558850000000007
6.18,37.18352560201085,-76.45359648427475,37.18362607086327,-76.41926000741154,1,2,1,0,10.55,15.121250000000018
4.55,37.31072351043122,-120.74296417948348,37.29503075232444,-120.7432308119004,15,17,1,1,8.0,11.51680000000001
8.38,40.13542838493576,-83.7858151351789,40.12870581173872,-83.7907496168724,22,27,1,4,21.15,19.014899999999983
8.43,40.966221493830766,-103.74129257857132,40.94505736831629,-103.75907602116176,11,14,1,5,23.35,18.48565
2.51,39.07606053254013,-91.84008994830718,39.12378753894067,-91.80796430801772,3,3,1,1,5.76,7.34905
5.23,37.52308564963926,-97.51694642993516,37.47895693356767,-97.54670070217448,9,17,1,1,11.84,13.011849999999992
0.5,40.3329640325445,-81.40082970602506,40.37852632101481,-81.43453189629948,18,2,1,0,4.48,4.346899999999996
5.56,40.8699324342123,-82.46584354664125,40.8856863889637,-82.50005701408426,13,8,1,6,10.18,13.15800000000001
9.26,37.1836217206239,-117.1293989976337,37.22138786587358,-117.13688672109922,2,11,1,2,25.52,19.48770000000002
7.68,37.25545423824495,-112.45647169569187,37.26773858417742,-112.4487746757768,4,5,1,3,16.22,18.207699999999992
7.2,37.26976342090487,-90.63111460156658,37.26070055872327,-90.6191718002137,19,3,1,1,12.19,16.307200000000012
7.34,40.57631623850237,-77.25349823698815,40.57564340537456,-77.21310032013976,0,21,1,5,14.59,15.566100000000004
3.25,40.77899935489269,-107.07034889536588,40.77942221149893,-107.02680209224536,10,12,1,3,8.12,9.865149999999986
4.29,37.82292832973027,-92.04687080067094,37.84840665109349,-92.01837571648444,8,22,1,6,11.9,10.679149999999998
5.34,40.40142150116571,-102.88544247968424,40.421908169149766,-102.87869906728514,17,5,1,3,11.78,13.092399999999996
5.28,37.3823788967099,-92.8458252002864,37.36456780389937,-92.83908873465182,21,23,1,0,10.43,13.355549999999994
7.24,40.59139446101421,-98.93764241783082,40.59258803104932,-98.94019522473096,18,2,1,0,14.86,17.713950000000008
5.16,40.315229608551135,-121.94953782444728,40.35368678549117,-121.97822382369073,8,26,1,3,11.42,11.9967
3.96,37.430028977496455,-74.2790046731906,37.385433448363614,-74.29329339624546,13,20,1,4,11.83,10.644700000000002
4.02,38.793406942783726,-101.5338414479608,38.81575952637187,-101.57995469225403,18,22,1,6,10.78,10.278850000000002
1.05,40.85257778816289,-110.21476038745506,40.87097664908131,-110.2647056251422,7,27,1,4,4.43,5.1249499999999975
9.07,38.00779408093064,-106.7208502911666,37.99040379248535,-106.69338124937217,7,18,1,2,23.05,18.466650000000005
13.72,37.47866042082692,-73.13871536082371,37.48094509641415,-73.0890935146046,23,21,1,5,37.97,27.850699999999982
10.68,38.794512972588976,-95.42901090805016,38.83690885670234,-95.47423814145957,8,18,1,2,16.47,22.059600000000003
7.95,40.41862399261053,-94.79005635147897,40.37534358063824,-94.7463905564472,7,9,1,0,16.67,18.854449999999996
5.08,39.74460322038279,-81.3031162446267,39.72533411541341,-81.25525612129745,5,4,2,5,11.26,12.517300000000002
12.57,39.41269914602972,-103.29518193572996,39.44058140478004,-103.28933446147047,21,13,1,4,24.06,26.61825
6.88,37.46155202124251,-98.47631915546302,37.45093826107855,-98.4492475242006,13,19,1,3,11.54,16.1588
2.01,40.64598480958829,-97.34422664310628,40.642976568085984,-97.3036862842966,0,21,1,5,5.76,7.054600000000004
8.66,38.20468161284407,-98.91578695194268,38.165455455300645,-98.926277590924,19,23,1,0,16.64,16.683900000000023
4.27,40.29631333149865,-83.06694723041798,40.28617217716976,-83.06154553038922,16,3,2,4,10.58,11.273749999999996
4.3,39.14329642416799,-84.72631625740286,39.1501903471872,-84.7507210324402,12,27,1,4,9.31,10.743850000000004
7.05,37.7213956931821,-114.86404981249365,37.75117995134468,-114.90414976004944,12,30,1,0,17.13,15.801949999999998
8.51,40.3044292009286,-74.0840099054853,40.28393523349056,-74.06003258958695,14,20,1,4,19.55,19.968450000000004
4.66,37.91683418878585,-110.09679129276633,37.94840698540354,-110.087876935616,2,29,1,6,7.63,10.587249999999992
5.52,38.31331283497892,-73.447660202026,38.318935433851706,-73.43687004772599,20,23,1,0,11.27,13.881200000000014
12.9,38.805384461436034,-109.0139382435496,38.78885182745616,-109.0120446806176,18,19,1,3,19.07,24.862400000000015
4.62,38.67032624022706,-107.3951943546,38.69537765898647,-107.42693384641947,5,20,1,4,8.5,12.465399999999997
6.88,37.49833837068392,-109.47759803594732,37.47847771556449,-109.51710585202844,5,9,1,0,15.96,16.140749999999997
8.13,38.56473632045533,-97.948426388303,38.535233485665394,-97.92850451203157,5,1,1,6,22.87,19.0502
6.9,40.30621407016349,-119.00365633549936,40.30310211909198,-118.97838305771609,8,10,1,1,14.55,15.576300000000005
0.17,40.42210511574009,-100.070200140417,40.45657030020147,-100.11846572411808,3,25,1,2,3.29,3.2726000000000006
8.74,40.518577121438526,-107.32011755313992,40.49772883699229,-107.31786034106857,20,10,1,1,20.41,19.576849999999997
6.22,37.71288066553893,-100.33054552264596,37.70344545416568,-100.3316249119176,21,7,1,5,13.23,14.143450000000007
6.94,38.51737627954381,-84.87129599978321,38.500129811101935,-84.83100968896134,5,15,1,6,10.56,15.625249999999987
12.81,37.24714685695008,-82.7209675086642,37.22946487976166,-82.71600683823443,23,1,1,6,28.98,27.699149999999968
4.98,40.888306540997775,-88.39060475414989,40.88325921702984,-88.39554645083453,4,13,1,4,13.3,11.934950000000004
6.47,40.70854927826845,-94.20517207967391,40.74178739973793,-94.15912801870904,2,26,1,3,17.03,14.864999999999995
1.61,40.7557717049496,-115.33589336616468,40.796189622744606,-115.36378375255822,23,1,2,2,5.11,6.321099999999997
11.05,40.45172887984222,-85.33543247984971,40.43838589387802,-85.38224834371225,14,3,1,1,16.98,23.5086
1.88,37.456011798961946,-117.56921150568284,37.45879920418503,-117.58834565618253,3,23,1,0,7.38,6.182800000000003
2.94,40.11371363916879,-119.35775336625254,40.08221442523168,-119.31738347076114,8,7,1,5,7.2,9.145850000000006
12.01,37.33083326131344,-106.32983786569838,37.37320166105497,-106.37784554727904,6,1,2,2,30.8,22.51330000000001
6.13,38.13887750083262,-96.68267857780592,38.10650298193607,-96.71637865755768,4,11,1,2,14.72,14.476350000000004
5.0,38.56428577169221,-116.37020903724232,38.56133334176841,-116.35435577277384,9,28,1,5,10.85,13.106800000000005
8.61,39.91175294037936,-113.28672888251064,39.891003284050406,-113.31814761131024,3,17,1,1,20.66,18.580750000000005
10.9,40.67542571374269,-114.34969716298356,40.7141837247422,-114.38878333557572,9,8,1,6,24.14,22.472849999999998
6.55,37.135039628848425,-77.43430154897894,37.14899070262446,-77.42949371531537,12,26,1,3,13.3,16.441350000000007
6.74,39.89341073344028,-91.52765439873956,39.87906065348408,-91.54617922018944,6,1,2,2,16.98,15.718499999999997
5.01,37.637213406316405,-117.9680383686634,37.68511363965372,-117.99217976829397,10,21,1,5,12.6,11.766900000000003
6.29,37.18182224551517,-117.2191321847108,37.16907298266918,-117.20814414138788,17,18,1,2,9.34,14.852700000000006
5.74,40.99063316249341,-93.61125200967015,41.04025687993008,-93.6398576226236,21,12,1,3,15.72,13.91165
5.85,39.76458081282672,-100.13963408701576,39.77681413248073,-100.15338433676358,8,22,1,6,8.51,14.547149999999982
0.13,40.8748127227292,-112.89376907377492,40.85208918053439,-112.92919451068929,15,17,1,1,5.27,3.506399999999998
9.85,38.418234702058925,-106.26777851893382,38.39688884521228,-106.24492367592714,6,15,1,6,21.33,21.305600000000005
4.92,40.98277192242941,-85.94870301935401,41.02211397302708,-85.9646751099399,1,9,1,0,9.42,12.648699999999996
8.54,39.06280002233445,-97.44109410824176,39.06853858173377,-97.40132278979635,12,27,1,4,21.22,18.679450000000003
8.72,38.1400103478673,-110.67574932793484,38.12801912264341,-110.65047484538933,4,3,2,4,15.78,18.913249999999987
9.64,37.48147323525615,-83.26096028718021,37.45304105137368,-83.22460650021279,10,2,1,0,16.57,21.71460000000002
6.29,37.55351412650314,-105.32536963675464,37.539163164031216,-105.29136284361527,13,5,1,3,19.62,14.469949999999997
12.01,38.94829540430301,-108.91761979117672,38.906138093750144,-108.90934278815078,8,28,1,5,30.61,25.054399999999976
6.02,39.89766319707227,-94.2210564684548,39.888601645745545,-94.25424512786478,4,4,1,2,14.75,14.312750000000008
2.78,37.42082169772694,-99.34171940975664,37.41092148441466,-99.3878758190994,10,23,1,0,7.41,8.793200000000002
6.18,40.27897021596484,-76.38811196077734,40.23594436265344,-76.35015142668247,11,12,1,3,16.42,15.108949999999998
9.99,38.14427350077738,-112.68567188078434,38.14870024826988,-112.66532791685468,13,26,1,3,19.54,22.093300000000028
7.75,39.107068868558144,-118.7055575187353,39.11545154877677,-118.66771026962658,1,1,2,2,16.16,16.946999999999992
7.77,40.73176976500553,-78.17583740896274,40.69652532716968,-78.17557072391284,5,12,1,3,15.17,17.29184999999999
9.15,39.17228758146039,-103.74420929442924,39.18454164544024,-103.7527087848269,2,26,1,3,13.45,18.477999999999998
6.94,40.38584597505445,-83.06268880145984,40.40101022399275,-83.04080736236416,17,12,1,3,14.3,14.917699999999993
5.66,39.84839599840351,-104.45190533636864,39.85354254945444,-104.42588758017152,19,26,1,3,14.87,12.851749999999997
9.06,37.58967988365633,-77.73969391398386,37.54457389918061,-77.75300564861216,17,12,1,3,23.14,18.334299999999985
8.39,39.584539045567055,-84.56969362066911,39.55035252855093,-84.61318160487998,22,24,1,1,24.57,18.193500000000004
8.52,40.53440939519269,-96.18530981141892,40.4930856488751,-96.16781576475135,7,24,1,1,18.13,18.886000000000003
7.42,38.54631383280312,-76.68956493225625,38.52621434058526,-76.72680773041064,17,26,1,3,15.72,15.825750000000006
5.42,40.9770714368669,-116.91864743783314,41.0153893794925,-116.93144633304097,9,31,1,1,15.1,14.80079999999999
5.07,37.73939126738736,-108.678831063328,37.756619986079365,-108.7032846412629,23,4,1,2,13.56,12.740300000000001
12.7,37.72279353147376,-106.60336282837508,37.7701279940027,-106.55618266546016,20,25,1,2,34.9,26.930600000000016
7.83,37.12470446046196,-74.92762843307705,37.135367076108274,-74.91140513855713,20,19,1,3,11.96,17.35340000000002
5.72,40.62896567520552,-101.84436066154063,40.67533753075779,-101.81933486082336,9,12,1,3,13.73,12.771799999999999
4.74,40.82574861480924,-112.84834791468045,40.87527098623989,-112.85356198654311,5,3,2,4,13.28,11.777700000000003
4.39,39.50342094467687,-80.25453574419117,39.50404456610723,-80.24659529201733,5,3,1,1,10.47,10.471149999999993
6.6,39.48089954357741,-92.08800865785445,39.43317563113076,-92.12833323212644,15,4,1,2,15.68,14.697949999999993
0.75,38.77079288880526,-75.55058832253191,38.81453191582252,-75.58455629010292,5,20,1,4,5.06,4.620299999999999
7.71,39.821065928987714,-121.5404793805268,39.81127430669119,-121.5675170603479,23,26,1,3,15.01,17.991349999999997
8.46,38.2119908367789,-118.7287538976702,38.23643848699329,-118.70186020089392,17,28,1,5,21.88,18.228300000000026
4.52,37.25875001856002,-75.45661097632691,37.24241777058474,-75.46242761491783,1,31,1,1,10.45,12.007450000000006
8.04,37.84064700887299,-83.40983809252593,37.80401849049989,-83.36616701800955,20,26,1,3,15.11,18.390400000000003
11.48,39.31393330580067,-86.81374304217928,39.33909723867313,-86.7911443862244,3,3,2,4,22.15,25.62555000000001
5.56,40.85250014916222,-107.26471329868964,40.82872771978151,-107.28142265795373,9,17,1,1,15.65,13.19755
6.64,39.34313506833227,-106.4555812179468,39.30672021679332,-106.46857083091166,8,29,1,6,15.27,15.310149999999997
6.76,38.72960124234283,-94.28080455386514,38.759936094345214,-94.2705690707385,21,2,1,0,13.98,15.612800000000014
5.33,39.66428563345181,-102.15067574207906,39.70757709158588,-102.12093508142134,9,27,1,4,11.99,13.707649999999994
10.67,40.19800621059152,-111.18756694834605,40.19355337223678,-111.15366209690296,19,17,1,1,28.86,23.159449999999993
6.87,40.2620766196639,-99.76781944546066,40.25610848447246,-99.74779323436306,2,12,1,3,15.33,14.301950000000016
8.01,39.49818049312952,-88.9026118964409,39.54603417412972,-88.89245631075786,11,4,1,2,12.4,19.29599999999999
6.17,38.062568309733685,-113.73032736527202,38.09925513219059,-113.73062743635384,20,21,1,5,13.53,15.337850000000008
9.87,40.92814401070165,-76.24093297984894,40.93766919165788,-76.19525399186064,10,1,1,6,19.33,22.819350000000032
5.11,37.24681570308912,-94.43527271027467,37.25314822953106,-94.44889601844292,6,16,1,0,13.4,12.361050000000018
10.34,38.93392366643772,-80.4646616267153,38.977561198220016,-80.49566540128505,17,20,1,4,20.99,22.637799999999984
6.94,37.09155789929349,-73.65730503369875,37.07007632371914,-73.70658825756603,9,16,1,0,15.51,15.940949999999996
7.03,37.81947550422159,-74.95894883692695,37.80787522200331,-75.004822256791,7,12,1,3,11.96,15.433699999999996
6.54,37.10672964472731,-103.3034400919358,37.10165099044775,-103.2997843404418,6,14,1,5,16.48,14.28355
3.08,38.69696486796981,-106.3530388589394,38.744479989091744,-106.349257060743,8,18,1,2,7.56,8.562899999999992
2.96,38.55459262814215,-108.73643152497772,38.55144301724864,-108.70586960149988,13,10,1,1,9.26,8.1801
8.13,40.59231421061931,-119.4826087420256,40.5768694272261,-119.52833171393816,11,20,1,4,19.83,18.599999999999994
7.61,38.32611431074257,-97.83883220718704,38.3369103026484,-97.8022260184628,4,28,1,5,13.13,16.92615
2.75,39.350170552622856,-111.17645035349751,39.36200688517208,-111.13915276534227,19,8,1,6,11.51,8.181800000000003
11.3,37.87039542294162,-84.8681680899567,37.87514741161469,-84.86423786125624,12,30,1,0,30.0,23.144650000000002
3.97,40.60816341462983,-74.25855780413491,40.55854457831148,-74.21378958133137,9,14,1,5,13.2,9.75465
7.6,40.23558291233753,-112.5607493335208,40.27914647790484,-112.60777290116184,1,21,1,5,16.79,17.662899999999993
5.56,39.80347774694447,-117.41974802619764,39.84184692721923,-117.37580228574409,12,5,1,3,13.87,12.756800000000009
8.64,40.34915936633482,-73.10409686199787,40.32841643381853,-73.13972393071694,14,17,1,1,20.95,19.41649999999998
7.15,40.95981139617447,-73.02668422269929,40.99467679182041,-72.97710787163022,7,10,1,1,19.05,15.813800000000008
6.86,37.43856757369316,-80.06125658171442,37.407616142567925,-80.03247988422429,13,20,1,4,13.82,15.882249999999994
12.13,39.56317464335199,-76.30813880087466,39.58653953557987,-76.31990203822683,6,20,1,4,31.86,23.833100000000016
4.1,37.09296601388287,-114.75552389668267,37.14251186664863,-114.75280667789262,1,7,1,5,10.39,10.862750000000007
5.13,37.07629530448474,-78.99168376832804,37.09012534439818,-79.04103070919219,10,31,1,1,14.78,11.614550000000001
11.43,38.03623729822593,-117.94467462489392,38.03245608795243,-117.98469475365282,17,14,1,5,18.39,24.02314999999999
5.83,40.813335926349424,-76.72350078337624,40.81967737927013,-76.73255466474558,23,3,1,1,12.28,14.266349999999994
3.92,37.48897167829615,-119.17588166310384,37.46037762758928,-119.21333836829906,16,13,1,4,9.85,9.879150000000005
8.64,37.230812222196086,-91.82728820151983,37.26627301105925,-91.79864497846847,20,1,1,6,23.14,20.98150000000002
7.67,40.15731592289399,-110.48679409234168,40.12984810179192,-110.47874284617274,22,23,1,0,15.52,16.496950000000005
6.1,40.08870371916886,-92.66320295702047,40.10785651800477,-92.6419889651772,7,27,1,4,15.99,13.945350000000005
9.04,38.42332361390421,-114.64616746316754,38.43455548123538,-114.65743467226046,6,4,2,5,14.61,20.605999999999995
9.52,38.966086349474864,-96.74743245461046,39.0134396839426,-96.7779548868547,7,30,1,0,22.15,20.476750000000006
12.34,39.789768050298335,-108.3688050312002,39.73984782645822,-108.37641321887403,8,10,1,1,25.86,28.39105
8.72,37.569339030495456,-81.67310204674524,37.59864979778996,-81.67847977533282,3,15,1,6,20.47,19.043350000000007
4.77,39.12287293808328,-73.42575868838159,39.121891531386765,-73.42121970125109,11,23,1,0,9.28,13.005949999999977
6.45,40.864524146968506,-75.51643009517613,40.84824402613184,-75.55044537389374,15,2,2,3,17.73,15.373800000000003
7.93,38.34540473046162,-84.68774431170588,38.36004319953498,-84.6718282497179,14,3,1,1,18.97,18.659049999999997
0.64,38.72082520788527,-78.54876041739601,38.70483920668477,-78.58237164429514,2,1,2,2,2.59,4.064250000000002
5.92,38.31936645386794,-118.90623239763931,38.35936361259118,-118.8720014962272,8,22,1,6,13.97,14.694300000000005
7.69,39.0632855522103,-94.50342696486813,39.04802448968953,-94.5028538068553,18,3,1,1,14.37,16.730450000000005
6.53,40.23621369300968,-79.9000037851365,40.25629782500073,-79.88879578613646,8,10,1,1,20.3,14.800650000000008
11.29,38.82679786175113,-77.95272850302676,38.86602494461152,-77.9490105572506,13,14,1,5,16.11,23.25660000000002
5.58,40.56475229785852,-95.8179182066283,40.53317152009986,-95.80022928194808,9,5,1,3,16.83,13.839700000000002
10.73,37.91044705440742,-109.29623268533577,37.92432824766415,-109.25776318018728,0,20,1,4,26.21,23.580799999999982
5.88,38.27990731763408,-87.27992098751301,38.27537370445289,-87.2864679305101,2,4,1,2,13.81,13.81225
6.53,39.433539363494816,-92.14364722488278,39.44786983113538,-92.156760753406,9,25,1,2,12.31,14.458149999999998
4.59,40.57973056275854,-77.99362883902108,40.54327841431434,-77.97364064902702,9,4,1,2,9.37,11.699100000000003
3.7,39.75022549956002,-115.7002734863593,39.76772629026006,-115.73261541443944,10,15,1,6,9.65,9.106899999999998
6.09,39.39304739292058,-118.55106818504709,39.37830325041292,-118.53971790065285,16,30,1,0,16.06,13.532
7.9,37.724658138205655,-99.01355034963322,37.697558594634295,-99.005323663594,23,3,2,4,13.63,16.4153
7.58,37.28226995107533,-81.40339610635876,37.26442154061397,-81.44308540395441,21,11,1,2,14.43,16.67195000000001
3.14,38.24767423305795,-83.93569354358999,38.28666516118073,-83.91003200246963,1,25,1,2,9.39,8.753800000000007
12.38,39.79491935187787,-104.900088366494,39.81576987550746,-104.8919179477005,20,17,1,1,20.5,26.346100000000025
5.93,38.06531115895254,-96.81410380948054,38.10309516257523,-96.8201226006664,2,25,1,2,15.41,13.673800000000005
7.32,40.65202245564657,-105.77291579429033,40.62434352813788,-105.79153727259197,11,22,1,6,15.18,16.167149999999992
8.3,37.16173547559266,-88.86481705088033,37.17297182896394,-88.83337492860058,21,27,1,4,20.22,18.16114999999997
7.41,39.10374482471357,-86.79710345710484,39.12635568846996,-86.8418416820299,17,5,1,3,18.84,17.607599999999998
8.27,39.730310291057805,-81.09304003585106,39.73769372554131,-81.06363231229288,4,16,1,0,19.07,18.313399999999987
6.53,40.76664696051908,-109.08021588418364,40.75378353985746,-109.10063221635312,9,19,1,3,12.52,14.443599999999995
5.33,38.91957744191827,-84.54585684640283,38.91729572216732,-84.55856054332739,6,9,1,0,12.33,12.913400000000003
5.93,40.86135562069209,-97.05709457585009,40.85704212007857,-97.0970949244648,11,15,1,6,15.7,14.214450000000001
7.39,38.163109997043634,-111.70467495520091,38.12575419330319,-111.6794156507317,12,13,1,4,10.21,18.00450000000001
7.05,38.45888080767703,-95.88234208055285,38.45814297742362,-95.88062258452608,3,20,1,4,13.48,15.533450000000002
9.12,39.77674842602466,-116.94024858703376,39.76188729687469,-116.90242447869456,20,7,1,5,24.13,19.590849999999985
11.17,38.75286949728788,-77.49790405358232,38.79720058415331,-77.47771666125615,5,30,1,0,21.79,22.609049999999993
10.0,40.60755292447023,-116.48005216255432,40.62660606554847,-116.47190311892356,3,11,1,2,19.63,20.61655000000001
4.25,37.83268865743944,-76.34326864605322,37.87391741736845,-76.31879275140552,18,23,1,0,10.38,11.104149999999999
6.52,40.37178759340346,-84.02887224470116,40.41904323743062,-83.98783865038355,10,1,1,6,18.2,14.849250000000014
6.46,39.070246626728746,-94.28379390320936,39.08192892549077,-94.30606888300744,2,7,1,5,16.65,15.2416
5.63,40.46277862277337,-92.90200035378624,40.44247395574232,-92.86441724155895,17,26,1,3,13.9,12.028699999999994
4.87,37.40703531907338,-92.40380053301828,37.43435824680062,-92.43281563564813,10,4,2,5,14.59,11.968100000000003
4.96,37.29476201603826,-78.31084406887368,37.30393888918576,-78.35239773418091,15,15,1,6,14.61,12.362400000000006
14.41,39.75003354358927,-120.09248714756176,39.79613027742646,-120.08614576318593,16,30,1,0,27.1,30.49740000000003
5.86,37.10952820039612,-81.499298521298,37.15173173944036,-81.52676496391508,1,7,1,5,13.21,13.117600000000014
5.22,39.24984444196676,-106.9905535006872,39.24557020826652,-106.94513486695844,4,2,1,0,13.67,13.633200000000011
5.1,40.66933216439222,-76.44385239949314,40.6283423162748,-76.42389707550214,0,21,1,5,11.06,12.918950000000017
7.27,37.81136181772784,-78.89076086102892,37.81042047185621,-78.91711668936536,16,2,2,3,22.57,15.78465000000001
10.45,39.17493484913745,-121.78491313244602,39.16439477726997,-121.78806387229774,7,17,1,1,25.64,23.401549999999965
4.98,38.13219039144317,-111.21337662866362,38.09135932887018,-111.2295302856885,18,4,1,2,14.68,12.656100000000006
6.15,38.62394571169896,-106.18550569264914,38.58924477628141,-106.16168008707916,19,4,1,2,15.22,14.527099999999995
8.28,39.35732869596991,-73.74773330359236,39.326755193491714,-73.77884726971931,22,19,1,3,21.83,18.09855
5.1,40.478222092098896,-75.81234395575905,40.435781852350026,-75.83640840325113,23,15,1,6,13.52,11.96885
0.28,39.61042544522379,-88.62667302409358,39.56096023470396,-88.66534360895675,4,11,1,2,3.72,3.3380499999999977
10.27,37.42276653541988,-94.88472000067058,37.41352941879494,-94.9156566905363,0,11,1,2,19.22,22.27534999999999
1.19,37.68320364016236,-91.45719609304564,37.63328503301831,-91.41148593302836,16,16,1,0,4.07,4.941700000000005
10.92,40.26812772870821,-121.5291643453117,40.2190344527772,-121.50002083662164,23,29,1,6,19.06,22.640100000000007
10.15,40.29524096833741,-89.55440197847918,40.31787573195022,-89.51889526218497,6,1,2,2,26.44,22.863049999999994
6.92,39.49876720890008,-115.93478607142966,39.47456366901789,-115.9401611657002,5,2,1,0,13.69,15.259250000000002
5.3,40.87650683192655,-109.25074310540036,40.917664155840576,-109.20918339315104,3,31,1,1,11.57,12.47015
4.78,39.85919458951972,-105.01713302725204,39.81370015323896,-105.05376899893707,1,1,2,2,12.69,11.52915
5.91,37.7822723835753,-84.95246675176406,37.82354648664868,-84.90623881610848,6,19,1,3,13.61,14.602050000000006
8.86,40.25468762056299,-73.01512589149397,40.20733925909261,-73.03811013441647,21,21,1,5,18.91,19.38724999999999
8.65,38.51209618509765,-97.70730945164564,38.554021614441545,-97.659210882782,10,16,1,0,22.12,17.91755000000001
6.98,39.66324767930423,-87.65721403493595,39.64678170695462,-87.67098878073557,0,29,1,6,19.21,16.041
5.59,38.34001988921396,-88.0945852787262,38.30974614137499,-88.12004767767985,15,4,2,5,13.48,14.02834999999999
5.62,38.77074978806903,-118.49579279949238,38.79192352125321,-118.46835064967412,10,3,1,1,11.74,11.93734999999999
6.87,37.18175548850979,-78.64777366544811,37.19806074598326,-78.61981073034966,9,4,2,5,16.39,15.814500000000002
0.59,37.50007407275391,-86.63213004932012,37.47586035764869,-86.67006370063606,11,20,1,4,3.24,4.095649999999997
5.4,39.03545759967843,-84.31095833410404,39.0103969329204,-84.34690716418005,7,1,1,6,13.16,12.419250000000003
4.37,38.15344429599587,-118.25479851852434,38.112293258352736,-118.29801948898084,17,26,1,3,12.51,10.26874999999999
10.91,40.90988383344445,-112.34908697643992,40.90542599088074,-112.32856479262246,22,23,1,0,18.41,23.266250000000017
8.74,37.73069037030473,-89.03677915714778,37.711495406661584,-89.03534735501599,2,3,2,4,23.59,19.321649999999995
6.02,37.1647292950477,-112.8170914909428,37.16191429841519,-112.84947520225032,0,29,1,6,18.36,13.88444999999999
2.23,37.711875890317465,-103.059037585727,37.67473558282199,-103.04696566009356,20,2,2,3,6.1,7.495650000000001
4.76,39.47229024008534,-107.35020429938568,39.45572635221853,-107.38814296529998,20,18,1,2,13.49,10.91359999999999
6.6,37.3425025481445,-100.62357942413696,37.38957508659054,-100.64363905988156,20,18,1,2,12.25,16.31069999999999
0.93,38.03784903962918,-76.4364730776951,38.07244957326085,-76.47900113785991,7,15,1,6,4.6,4.69365
6.14,38.78655331528221,-101.21697086922411,38.74396642105104,-101.22351303719428,4,31,1,1,17.42,14.347099999999996
14.27,40.29592197424819,-101.15213034546667,40.32567794667466,-101.19173323200616,12,6,1,4,30.13,28.389100000000028
7.34,37.22521173486957,-84.20666609237657,37.236192450898486,-84.20372828443396,12,3,1,1,12.57,16.270449999999997
4.38,39.07762143991575,-86.12365254199958,39.09794616518479,-86.12713376258267,7,31,1,1,15.52,11.731649999999995
7.97,38.772018342843786,-107.3570125809416,38.75864625971196,-107.4040157700588,13,16,1,0,18.07,16.966800000000006
7.48,39.303867261649,-98.37866241342871,39.33905779657747,-98.34004548026222,10,8,1,6,21.74,18.05834999999999
7.6,40.16261185567552,-107.39430784811444,40.11505125668305,-107.34793602026969,0,28,1,5,15.62,16.78025
1.91,39.79776720106673,-92.09968333334731,39.8047216436746,-92.14179026473936,1,10,1,1,7.02,6.965600000000003
6.47,39.02611348043975,-108.68574509167394,39.03680108366267,-108.68775504338412,11,15,1,6,10.33,16.292899999999985
8.83,39.70546587338551,-96.61980310445132,39.70887208797603,-96.57481778705151,4,10,1,1,14.53,21.808199999999996
5.84,37.61316612556882,-116.64038087583506,37.600694240453926,-116.63264250295704,20,2,1,0,15.43,13.501350000000008
9.37,38.21857323654858,-106.42851439186688,38.26744803466234,-106.37904659792086,0,13,1,4,17.77,21.43750000000001
5.99,40.205220277076336,-112.166172540038,40.18332031231593,-112.18663101309036,12,3,2,4,10.56,13.839750000000004
7.25,38.77250486958251,-114.73983614518706,38.79662315818426,-114.73838608594306,1,2,2,3,16.02,16.849150000000012
4.61,40.002298787041504,-119.4748200168658,40.04370782040687,-119.45455386899408,15,12,1,3,11.43,12.170049999999996
6.45,38.53832614145111,-113.21698567817738,38.51002677932076,-113.25321772950174,19,12,1,3,18.94,14.724650000000002
4.77,38.80676191024459,-94.90340425243797,38.76962515162951,-94.88515137913716,3,1,1,6,9.46,11.896700000000001
4.09,40.88554669904238,-87.86317773463516,40.868097410569085,-87.86173020519895,5,8,1,6,6.71,10.8314
12.74,38.25829465076535,-99.10342912539384,38.2983958108065,-99.1103063755493,6,9,1,0,20.81,26.15445000000001
6.66,37.43742284594246,-118.89861303618784,37.465947175411614,-118.93007729741404,12,12,1,3,17.22,15.133750000000022
10.85,39.92364663016429,-105.86711449843708,39.91260405827945,-105.87582298574073,3,30,1,0,24.0,24.299300000000002
1.18,40.261417432055616,-120.85341554313248,40.254767904988825,-120.87898204279792,14,3,2,4,4.86,4.806000000000006
8.94,37.07125320770599,-100.74659019224822,37.08794175916072,-100.72960709960596,1,23,1,0,18.85,18.9597
14.25,39.9331833333908,-90.25489126332516,39.935433879616006,-90.21355725678276,17,6,1,4,25.12,30.39660000000002
2.34,38.45686285370993,-78.82986324498009,38.47315911459827,-78.79799462585669,1,4,2,5,5.92,7.744249999999997
7.21,37.02246376216574,-112.10780843203092,37.01025683976864,-112.060740758571,0,26,1,3,21.2,16.296000000000003
5.32,39.75546787379912,-117.0930809322653,39.70827272678424,-117.12577672773692,2,6,1,4,11.66,13.276700000000007
7.79,40.17371474640082,-95.716684871241,40.13671990550241,-95.67933963330664,17,9,1,0,14.91,17.53929999999999
7.14,38.72646161102433,-118.7314931267962,38.75584867426845,-118.74057139113772,17,3,2,4,17.46,16.297150000000006
10.86,38.7170471982963,-118.46049324388702,38.730506940760485,-118.47741757045362,23,5,1,3,17.59,22.87384999999998
8.33,38.95707437518726,-115.32086720819832,38.95584559472848,-115.28325572349716,2,22,1,6,20.58,18.07665000000001
6.6,37.73319357278108,-120.09656294836827,37.75602349786407,-120.0799707354608,20,9,1,0,13.04,14.123350000000006
5.3,40.9753655146306,-93.5809709910753,40.94830683711138,-93.53983684048596,13,27,1,4,13.55,12.782749999999995
8.63,40.23997747668717,-88.71718538604128,40.25360126826603,-88.70508029085615,0,29,1,6,18.4,18.417699999999986
6.26,37.75450939647097,-87.5843765791727,37.768944233193295,-87.58480871267538,3,23,1,0,17.95,14.89175
9.02,40.526479479887904,-88.74107339962663,40.4792993149929,-88.78625311489948,8,27,1,4,19.62,19.151499999999995
9.41,39.78991359078724,-74.49364845271516,39.83544734372069,-74.46893551570894,14,31,1,1,13.1,19.147250000000007
1.89,39.237130961324034,-109.10754702814916,39.277007856893285,-109.11202754837502,21,18,1,2,5.45,6.671150000000003
8.64,39.18543442187666,-103.22862893995335,39.15367831415952,-103.24991770403506,12,10,1,1,22.81,18.663050000000013
1.51,38.75804048251211,-91.15762851399076,38.77237935043522,-91.1523229223685,10,15,1,6,4.35,5.410300000000001
0.46,39.16928667466872,-115.2391844392918,39.162657912600594,-115.27536860056227,17,20,1,4,2.86,3.4656500000000006
10.66,40.08666135148093,-119.51106703507948,40.10501224624555,-119.52998698978924,16,2,1,0,23.41,20.9648
3.11,38.46718921708428,-121.00280947542112,38.43663326307071,-121.0461310387218,18,30,1,0,9.35,8.226849999999992
5.59,38.36134624637162,-92.797843373473,38.36614740087511,-92.78721888477726,0,2,1,0,11.6,12.9339
8.04,38.94017899741216,-100.91361007462795,38.95409723688186,-100.92834523815446,2,10,1,1,17.71,17.742599999999992
7.14,40.93711929513725,-99.21230880513517,40.94596340043997,-99.22506749664544,2,1,2,2,13.79,15.524350000000002
9.47,39.89122883043237,-120.54984738473472,39.89674160841011,-120.56248234523196,19,31,1,1,15.43,19.911349999999985
10.0,39.32597953190492,-92.4230242988767,39.356973755701496,-92.43520190632628,13,13,1,4,18.2,21.428250000000016
9.5,39.80843856432449,-102.41530769075544,39.80070571768735,-102.39085896321492,17,10,1,1,16.89,21.129500000000007
12.76,38.25593162193068,-76.15177974179923,38.27642026087249,-76.19597276061964,16,16,1,0,26.55,25.222100000000008
3.4,40.40874416702884,-78.78614666113242,40.38634556531631,-78.82965136262068,3,13,1,4,8.34,9.67489999999999
5.79,39.41450507702801,-83.90181815817542,39.43223995299381,-83.86114992316662,8,3,1,1,11.6,13.909649999999997
10.66,40.68364732769479,-114.16063795277029,40.722907030158666,-114.167189330613,20,10,1,1,20.27,23.55490000000001
10.83,37.1476575329136,-103.11205168126772,37.17117588112419,-103.12871704344576,8,30,1,0,20.55,22.33770000000001
8.82,38.58456498864867,-91.5083397695703,38.5862083279298,-91.53498222479293,14,19,1,3,14.08,18.753899999999998
9.94,38.16288714474788,-113.22564650501656,38.12694183546566,-113.19286490618197,18,30,1,0,22.44,23.123699999999996
8.29,38.47767217640462,-97.7868449827651,38.51621602517588,-97.75995519398894,2,1,2,2,20.28,18.9856
4.36,40.93696927245981,-101.74167928187862,40.94583612762708,-101.7090106464618,10,29,1,6,15.41,11.306249999999999
0.7,39.73817725867526,-113.33257737578406,39.76762989259971,-113.3103901244158,2,2,1,0,5.38,4.6587499999999995
8.35,37.29983118397679,-96.14055993195556,37.27531314927641,-96.13987837290256,23,1,1,6,21.68,16.897799999999997
5.86,38.453282517096696,-90.717926884091,38.442829796111184,-90.69435820317102,11,20,1,4,15.96,13.808400000000004
8.94,39.71949386488494,-107.00446226308723,39.751488975160505,-107.0530125785644,11,18,1,2,19.77,20.220100000000013
12.83,40.33338937493176,-93.29314223240527,40.33539629435331,-93.2670880045892,13,3,1,1,27.37,25.760949999999998
6.19,40.09031646155192,-97.9790871478772,40.106354656067886,-97.96592998160912,5,19,1,3,10.91,14.450450000000005
6.0,39.117180934930246,-82.40878256836322,39.16470318177376,-82.41205794064808,16,5,1,3,11.53,13.591349999999993
6.55,40.252355972567216,-107.03346844850468,40.27255925870453,-107.03131494799588,2,7,1,5,18.06,14.931400000000023
16.37,38.42198037396241,-87.63893667793478,38.43809743121834,-87.62044654434773,4,19,1,3,39.35,35.26534999999999
9.36,38.19552964566665,-120.02974181941345,38.22840170622244,-120.06331966235464,5,25,1,2,15.53,20.21055000000001
5.77,37.04636726661485,-112.6828930386622,37.01183088288391,-112.64897807750047,2,28,1,5,18.36,12.85619999999999
9.86,40.84708186073006,-102.08788977328454,40.82527115143824,-102.0531874504514,15,12,1,3,20.03,23.282250000000023
2.24,39.8926545045868,-104.74960811549956,39.85985599053602,-104.71852966669528,16,30,1,0,8.07,6.594250000000006
12.84,38.0696248300371,-113.0023178605304,38.054637542409786,-112.95303844898793,0,18,1,2,18.46,22.92825
12.64,37.92996180845077,-80.30015703573352,37.97658990388526,-80.34200652933468,13,24,1,1,18.65,26.831299999999988
1.28,39.88272193990544,-96.22650796427445,39.88977121037715,-96.256633271946,8,27,1,4,4.89,5.6629499999999995
7.33,39.06683056579525,-81.0947728301492,39.05850117950315,-81.12035758290324,15,27,1,4,13.37,14.938149999999993
8.25,40.442075734601055,-95.83931710698656,40.443929908549016,-95.84917155870131,15,1,2,2,16.97,18.42134999999999
8.97,39.92570872398473,-108.85809047177852,39.92509403246789,-108.81160593510944,10,31,1,1,19.39,19.790100000000006
6.9,37.20760123855415,-79.08911377002741,37.23709419103937,-79.07569534686908,18,1,2,2,13.96,15.818050000000001
5.96,37.34505590300079,-93.7977884034414,37.31844337319503,-93.7574517189996,14,5,1,3,18.56,14.733450000000005
4.55,40.76090268989692,-79.99575872950297,40.77286247905864,-80.01964563265227,7,14,1,5,11.43,12.555349999999997
1.26,39.09473102213466,-106.52118195005478,39.06937660100414,-106.5565707875352,21,20,1,4,5.42,5.421099999999999
7.39,38.50743260983317,-100.86900687859028,38.53897291319129,-100.89040623149194,19,17,1,1,16.24,16.82260000000001
3.99,37.02156302990685,-78.80452012636032,36.9879994395134,-78.80089217116962,10,27,1,4,7.82,9.759149999999998
7.0,40.347708467066745,-104.9253229459782,40.33352284729861,-104.96134873825348,15,3,1,1,18.45,15.443
10.57,38.71482383080061,-95.41638105884756,38.7165321580062,-95.4346605155866,13,14,1,5,19.16,23.25639999999997
3.33,39.8089567252344,-80.89866201983608,39.81392346641669,-80.88697958001367,16,1,2,2,12.13,9.696500000000007
6.88,38.23133267126434,-119.51170507192914,38.25869459590199,-119.46563029295773,10,2,2,3,13.61,15.887400000000014
4.12,37.10703963986636,-94.5047730333532,37.10916513266776,-94.53351606559028,5,13,1,4,12.41,10.86435
8.06,38.143956492831656,-119.56408555324442,38.19019039471414,-119.5541674493186,9,3,1,1,17.91,17.728550000000016
7.39,39.85944850070366,-81.52636329124509,39.82472518264081,-81.56386206816758,19,3,2,4,14.06,16.848399999999987
8.58,37.26593565471834,-92.83596000182776,37.26947432464941,-92.8033848998523,19,2,1,0,20.58,19.93689999999999
1.86,38.65351747044815,-77.71500653137915,38.633286012669,-77.68836747182038,17,11,1,2,5.16,6.310499999999998
8.78,39.12868495519751,-80.0147169382615,39.12163561961852,-79.99357490031443,7,9,1,0,24.13,18.51335
10.85,40.142056699913645,-79.28531793457596,40.16345660883405,-79.32690759444895,8,5,1,3,26.61,22.2659
3.74,38.41320957202777,-109.75792592642917,38.394392787319454,-109.79048873594697,8,7,1,5,8.71,10.182199999999996
11.68,37.07517730255661,-100.47333745363812,37.026112749606106,-100.42788687236342,0,8,1,6,19.73,24.483299999999986
8.91,40.19379890601928,-88.20686924879195,40.23969189660664,-88.18178946021308,3,28,1,5,17.71,21.725350000000013
6.51,37.39434211461631,-88.16176614869828,37.40879739139893,-88.18435859992815,3,4,2,5,10.29,15.657749999999988
7.87,39.819056316557415,-88.24415935322315,39.80539826230488,-88.21456272826246,13,6,1,4,17.45,17.932699999999983
12.06,39.18683248658454,-78.38267974978467,39.18649137599524,-78.4017808078021,20,30,1,0,19.44,26.214949999999973
10.42,38.32480826549863,-103.46919797246386,38.35627179422725,-103.51317673174889,6,1,1,6,26.73,21.959100000000007
5.02,40.85202645494644,-85.59118220461775,40.82842749818133,-85.63995982311899,23,1,2,2,14.46,10.724999999999998
13.64,38.21740840104391,-106.59368430179272,38.19682600206219,-106.63772492388904,3,1,2,2,30.84,27.768249999999995
9.05,37.06081009867032,-110.81131068902104,37.084685751032126,-110.83129040694789,17,28,1,5,14.43,18.341900000000013
11.36,37.70940844075203,-74.27276975174738,37.74864056413381,-74.2664222741021,19,29,1,6,22.93,25.743750000000013
7.13,40.28853276666446,-113.61552049791791,40.33645266226763,-113.60753917632822,17,16,1,0,13.73,16.75615000000001
8.83,39.15711357410283,-103.19504620933677,39.14801429470288,-103.21498985452838,21,6,1,4,24.2,20.383800000000004
7.04,40.28869254267626,-115.91728139825366,40.26261290056619,-115.9009144249186,10,2,2,3,15.69,15.659750000000004
6.11,39.89391272235143,-94.75041565013034,39.89271428347676,-94.76869421250738,2,2,1,0,12.79,14.890949999999986
6.11,39.84704701068403,-119.62075112598112,39.881569170313526,-119.60243662023755,20,14,1,5,14.23,13.862000000000007
7.67,40.77125320507567,-105.41401916945324,40.79893727804453,-105.46182362369132,6,30,1,0,21.14,16.407600000000006
2.61,38.77224372568299,-73.03789655853537,38.79205703315052,-72.99468514279968,5,1,1,6,8.25,7.8092500000000085
7.22,40.459780861811886,-74.30910685444806,40.47698287483825,-74.26687952147307,16,13,1,4,18.84,16.30624999999999
8.85,37.899463755990894,-121.91482786526426,37.898724940597255,-121.9368007502244,11,22,1,6,18.8,17.791600000000003
3.07,37.219296172786045,-90.3551009827198,37.25616591230473,-90.35802015388622,22,22,1,6,9.31,8.305349999999997
8.47,37.46512960618117,-100.70019819200212,37.46683321549528,-100.67646212703794,16,10,1,1,20.91,18.47800000000001
6.67,37.653372523363366,-107.57202416079244,37.62720581534731,-107.55637484734604,14,23,1,0,13.87,14.809349999999984
8.88,38.84398592913219,-77.58611129846528,38.81969575439204,-77.62017303038151,7,1,1,6,23.19,19.233349999999987
5.38,38.87577355836922,-82.2995199854493,38.87895195351055,-82.25332672357705,4,7,1,5,9.06,12.35960000000001
4.27,39.401105726341726,-89.53221012404936,39.4482288582326,-89.52436733666342,17,2,1,0,9.86,10.421549999999998
2.86,38.92154282549314,-121.54208657113575,38.92452255035003,-121.5393810760132,12,12,1,3,10.25,8.348500000000001
9.75,40.97183440681881,-98.4575901626216,41.0000969412562,-98.47302517482512,2,29,1,6,23.52,21.060950000000012
8.04,38.86000358449053,-84.19177451001661,38.82308706424655,-84.21943738093064,3,8,1,6,14.48,18.370050000000003
1.81,39.57295640832651,-108.13885259245312,39.564436985886175,-108.15394847537672,4,7,1,5,6.3,6.77425
5.2,37.634311875147375,-74.18083241439143,37.62839112017228,-74.20697790121274,17,11,1,2,10.03,13.222350000000008
2.75,39.20677780779611,-112.24988580709788,39.21119563040503,-112.2531654545588,16,12,1,3,7.56,8.2718
2.87,37.047092806758734,-89.13668631029176,37.033529843376506,-89.1238006969341,17,15,1,6,6.32,7.602299999999998
6.36,40.83975155568369,-119.24221803153227,40.8176870855629,-119.25661473404963,13,16,1,0,11.71,15.004900000000006
8.0,37.45198057835964,-104.91246429954488,37.43259179147535,-104.86466950362508,18,18,1,2,21.65,16.014650000000024
2.68,38.78383287104551,-113.6436157734358,38.7615524559674,-113.65181068627312,22,1,1,6,8.35,7.886249999999994
3.91,39.17760343572376,-120.68914047160769,39.13100712258636,-120.68220559896923,16,24,1,1,12.44,10.456650000000003
9.34,40.128158984551376,-101.31272910813787,40.14198002365329,-101.27572828991347,6,16,1,0,16.44,21.16255000000001
10.04,37.92648530882244,-89.43056507081876,37.95886836612984,-89.46087114790261,21,9,1,0,26.13,18.890750000000015
2.33,40.797671941952245,-103.14584721408542,40.769517156501294,-103.14276579224338,14,26,1,3,6.46,6.861200000000005
6.36,40.98627208074368,-102.3059645192446,40.974849217170494,-102.30041293427308,13,17,1,1,18.83,14.119450000000004
8.86,40.14878094454479,-98.7497929807192,40.19116462552377,-98.7464600717036,3,8,1,6,23.11,18.68825000000001
7.88,39.68652334116754,-115.32964442232692,39.713091030611466,-115.2963081303986,4,25,1,2,23.47,15.390950000000021
9.89,37.97030371305152,-118.46506899766378,37.96091089246601,-118.4983848717154,1,1,2,2,18.19,20.792600000000004
3.45,37.78997755304569,-108.1949052715514,37.80010366296599,-108.21216702028784,6,1,2,2,8.37,9.273250000000004
4.37,39.203178357727694,-106.73905755586811,39.19720889368413,-106.75825775869612,3,19,1,3,13.95,11.217100000000006
10.79,39.91275107212436,-98.84763239547172,39.93051293947251,-98.84723352071904,20,13,1,4,22.95,24.045650000000002
5.57,39.55272768608422,-102.71532912756146,39.578925112707694,-102.69189698494252,4,9,1,0,10.81,13.476849999999995
8.03,38.737375305278064,-82.87336463556917,38.77434308445826,-82.83023849536589,22,14,1,5,22.44,16.987250000000003
6.38,40.59166027136857,-117.2840963919221,40.620238064642855,-117.29339615737476,14,7,1,5,15.33,14.295850000000014
6.28,37.85936140743616,-100.71187753387548,37.89638165247043,-100.72746216854812,7,31,1,1,18.14,14.623399999999995
5.34,37.54105436106036,-78.9260523229061,37.560270624024525,-78.90662036046159,17,10,1,1,13.3,13.504149999999992
6.67,40.52651674190803,-108.19031452877468,40.53117059492862,-108.1502821996459,3,3,1,1,19.14,14.587350000000008
7.88,37.91868352608554,-91.40635074712144,37.92025528906535,-91.35848655534194,7,1,1,6,13.37,15.683199999999985
8.79,37.29953354482284,-80.7587504551104,37.317259573284666,-80.71833398315637,7,31,1,1,14.03,20.370750000000008
12.5,38.54301457883008,-102.6710297968155,38.52388251014579,-102.64613972278612,10,12,1,3,27.42,27.572850000000013
6.79,37.24792487720235,-81.31670956630862,37.27091652650984,-81.30426626702882,20,7,1,5,17.14,15.37565000000001
7.86,40.7256066346898,-80.64917024001315,40.75153911889799,-80.61673738211677,6,9,1,0,20.37,17.508649999999996
9.54,38.980897222907736,-116.14842620863344,39.01972646466415,-116.18634206789864,9,18,1,2,20.76,19.496299999999994
5.51,40.19618276785416,-116.4170817684222,40.14861669275806,-116.399097761172,11,27,1,4,12.49,13.403149999999998
8.81,39.41663394480608,-83.61646219461704,39.40564736398783,-83.64038453634552,8,1,2,2,14.56,20.024549999999998
7.13,38.98802108432557,-82.42490678278492,38.95452852252906,-82.40134191164893,8,5,1,3,17.86,15.594899999999987
13.94,37.17375419562436,-104.32813823925171,37.1383092924789,-104.3681341436043,22,30,1,0,22.69,32.772699999999986
3.29,37.16731144883104,-92.93117549360782,37.12401998449279,-92.97660737232232,2,24,1,1,8.17,9.132349999999999
5.81,38.68516945564105,-78.98283265206396,38.71853026379183,-78.9689056595098,14,12,1,3,13.19,13.395949999999987
6.88,40.753153873731854,-84.41010343434792,40.71309473125172,-84.41946095552156,21,14,1,5,18.08,16.4314
8.03,39.87198658329325,-119.35457668273732,39.88422679404964,-119.37952719585503,12,14,1,5,16.31,16.99305
4.5,39.11919669392309,-79.87098494106539,39.1482978965603,-79.894056065723,6,26,1,3,12.79,10.95244999999999
7.64,40.657756356597375,-78.48402481966565,40.63158774965182,-78.46169195638646,16,26,1,3,13.09,16.971899999999994
1.94,37.99037313033085,-101.4346624049764,37.97222244983026,-101.4660663478609,6,3,2,4,6.85,6.886149999999995
7.97,38.28185800295059,-74.37191780960408,38.28873776685673,-74.37277234310946,3,22,1,6,16.18,17.7332
8.83,40.27242083434174,-89.54370259125281,40.29938425201696,-89.58744014706848,5,12,1,3,25.44,19.728650000000002
5.62,39.685350236944686,-114.712007001093,39.67348409170592,-114.69442191705456,11,28,1,5,11.7,14.056449999999977
11.47,37.41696069517444,-111.6317404557918,37.43078288768235,-111.6193862600422,22,30,1,0,24.32,25.73305000000002
6.4,39.01853238815657,-83.88891769368638,38.97331538804532,-83.83970038059483,3,23,1,0,16.47,15.892150000000013
1.36,37.960226383915085,-96.3087539926697,37.96716945297501,-96.2852163556932,16,18,1,2,7.62,5.906749999999999
0.41,39.89660093219607,-80.71314615018065,39.88756679183807,-80.6692387482091,21,23,1,0,3.72,3.193
4.02,38.68886887094904,-107.78699125718433,38.693268341737244,-107.82962735069322,3,3,2,4,6.95,9.152850000000003
10.23,38.35062108322735,-77.25341309542048,38.39359651797222,-77.24758615413377,7,20,1,4,20.01,21.95049999999999
4.05,40.84039531598677,-119.76966197434244,40.861124023876464,-119.81496115837064,21,4,1,2,12.85,10.539950000000001
6.66,40.632682667420006,-104.1955123527354,40.58741041183275,-104.22716390886188,13,19,1,3,12.21,14.850100000000005
7.95,40.07241494226567,-86.6087240885513,40.11229002672352,-86.59710562890795,22,22,1,6,16.81,18.7412
4.6,38.93183321373944,-84.11808284019934,38.95335573547632,-84.14423390812767,20,5,1,3,13.15,10.11084999999999
4.03,39.86164283076507,-95.279012028689,39.88365144340237,-95.27754301185576,18,27,1,4,12.78,9.74445
7.24,37.36411897527399,-97.91847783807478,37.34033509033797,-97.91834784747331,3,30,1,0,12.19,17.4692
3.43,39.0508727391653,-105.5737183179699,39.07007750960367,-105.55430142416732,23,23,1,0,10.61,9.126
10.36,39.98040728266919,-88.35844691330252,39.9966497052629,-88.35702470559106,6,31,1,1,25.47,22.950900000000004
11.9,37.80606742256745,-97.55907933920788,37.832783541153766,-97.57862471905716,17,9,1,0,30.91,26.080750000000013
5.58,39.67084886991603,-109.29402929161584,39.71158325120821,-109.33451044379446,12,18,1,2,9.47,13.812099999999996
10.24,38.62549669822792,-80.43059630752151,38.639347650945176,-80.46486210084528,6,19,1,3,26.54,21.653999999999993
8.8,39.650590090542,-74.4356478206692,39.68466250937211,-74.39499222683003,20,21,1,5,15.28,19.577699999999982
9.19,39.16010136986271,-111.6247921473457,39.150085109704975,-111.58243004839512,5,21,1,5,15.6,19.634800000000013
8.97,40.313920928005984,-79.98299420780731,40.28991735453464,-79.97864661843764,22,4,1,2,24.62,22.44995000000003
6.77,38.08698913946428,-104.14095408863513,38.045673052267055,-104.11331495316662,13,19,1,3,12.92,15.914499999999984
8.24,39.37399633294896,-119.05390475398288,39.33249902525693,-119.06217557062168,22,1,2,2,16.06,18.811999999999987
7.45,38.37687034695288,-88.16626966008852,38.36561254210832,-88.17592614351899,21,6,1,4,11.9,17.899149999999988
6.55,40.99172377627159,-121.06455915840796,41.00288634100654,-121.04276003967384,10,4,1,2,14.11,14.848449999999984
6.39,38.643695027444615,-109.45688346646574,38.66720103637911,-109.45440927431603,17,3,2,4,16.17,14.391600000000004
4.78,37.986632893837246,-112.7843137942244,37.986858374975554,-112.7828613083823,21,14,1,5,8.43,11.791049999999998
9.41,40.85057879359502,-99.3013770087259,40.87836748241796,-99.31455820214084,11,1,1,6,17.71,21.225200000000015
8.83,39.50206718060035,-117.18749613906596,39.49204175270694,-117.19585944761084,3,10,1,1,16.66,19.85824999999997
2.55,38.77525573332141,-87.95263832688255,38.78189346215772,-87.98739502708837,5,9,1,0,10.92,8.09375
8.18,37.83558467880553,-102.30213267079984,37.87755574553307,-102.31325184975007,0,4,2,5,20.15,19.955550000000024
6.4,38.22152577304979,-89.78609848824317,38.26932758048123,-89.7527703641697,5,15,1,6,14.46,14.608450000000005
7.14,39.46959453042551,-118.46418125675235,39.50587978371183,-118.49413929628184,21,17,1,1,13.49,15.912499999999993
6.35,40.12634387119914,-95.62630204863471,40.11235076616464,-95.60582015254896,7,21,1,5,17.73,13.711150000000016
3.75,37.89586307674063,-101.04247974137994,37.89515365367929,-101.05054312210515,21,22,1,6,13.68,9.50375
13.83,39.720381863475474,-107.2836710881576,39.73681325583059,-107.32035234256476,14,9,1,0,37.0,28.038749999999986
6.07,39.42705174491479,-120.36555542578512,39.41637103084498,-120.34338543723264,21,30,1,0,12.59,13.953200000000011
7.64,38.91952723848862,-112.74879453064304,38.8961877086624,-112.75147658050368,13,23,1,0,12.98,17.24380000000001
4.49,37.40614823640871,-78.32313037606744,37.38561958850629,-78.34931285867951,3,25,1,2,10.35,11.11475
7.21,38.86654328543396,-119.30004842476885,38.87931170624894,-119.3046226669642,19,30,1,0,19.59,15.774999999999983
8.68,38.03831014080005,-93.318237961811,38.00699869277379,-93.30989659397018,12,10,1,1,20.26,19.34820000000002
5.16,40.578196171125725,-83.04358601591608,40.55093653356556,-83.00464380955654,6,10,1,1,14.6,12.766199999999996
13.27,40.408912178143375,-76.89089807350504,40.44141805906362,-76.93005422417237,9,1,1,6,22.87,27.39894999999998
2.08,40.92113271283558,-89.97156547427288,40.9096371324198,-89.94039343645387,16,19,1,3,7.87,7.143799999999998
5.96,39.240377785935706,-112.220321503726,39.25263010155064,-112.22799353586518,8,29,1,6,8.91,13.111299999999995
8.99,37.61217649877074,-114.71695149342634,37.61683256382112,-114.67579449493904,9,20,1,4,14.9,19.153300000000016
8.96,40.89821878074556,-86.03979304665839,40.874193337959504,-86.07117867893895,8,2,1,0,17.29,20.099300000000014
2.43,38.546190300821046,-90.42025751285196,38.510990676858505,-90.39371618119326,17,30,1,0,6.34,7.921899999999998
3.13,37.0196849367525,-100.81415229862516,37.022224348531296,-100.82067532556091,20,7,1,5,11.13,8.336499999999996
12.29,37.840200163086,-101.18393758992576,37.85949753465268,-101.18340371448848,14,19,1,3,20.47,27.583700000000036
9.98,38.588807492962935,-97.64920477769871,38.60783401527704,-97.6835283961664,7,27,1,4,27.0,22.8055
9.3,39.62309367439112,-114.74752210483578,39.656498854287285,-114.73531676290112,15,6,1,4,18.8,18.20020000000002
8.01,37.60952004543311,-118.93137051329155,37.63483978795387,-118.90717543019716,22,1,1,6,13.58,16.167700000000014
4.22,39.79162899146017,-94.85440123626836,39.84136994630705,-94.8568294979072,18,3,1,1,12.45,10.251799999999996
5.67,37.36720219883196,-83.89926503946965,37.35421732788709,-83.89031235899482,10,14,1,5,12.67,13.921349999999983
8.5,38.56121081008,-79.17653683866126,38.53407062420998,-79.17164597222096,13,30,1,0,25.22,17.851850000000017
8.46,38.83196702904044,-108.12100440280808,38.8646729247071,-108.07824457080876,18,22,1,6,23.04,18.52035
9.61,39.40491173404784,-99.8465552246563,39.367980967341126,-99.88503213310057,23,26,1,3,16.05,19.627950000000002
3.39,37.58116534945799,-80.55194381993974,37.59208362052896,-80.58465965774998,0,1,2,2,7.7,9.390749999999999
5.48,38.54124342336106,-86.93268624809012,38.532989631743575,-86.92934296947325,19,14,1,5,14.56,13.454900000000002
7.02,39.25584705986328,-99.99128176177298,39.254147001203975,-99.96879069880022,3,25,1,2,20.79,15.88820000000001
7.38,37.11973110248994,-81.12347523101035,37.08867512710539,-81.14509550227528,0,13,1,4,14.94,15.380499999999998
8.26,37.10813952499633,-84.71490107378037,37.11472877509362,-84.76451649048248,12,7,1,5,18.76,18.245399999999993
5.31,40.79113274514808,-119.81734388421964,40.836338715977504,-119.85695761819574,5,26,1,3,11.84,13.31015000000001
8.97,38.03935837298516,-103.98626796106107,38.029705262692765,-103.9499387017048,22,3,2,4,23.01,19.750049999999998
7.65,38.20293557343159,-91.43113460215402,38.161552349512974,-91.43369131409318,6,5,1,3,14.82,18.750999999999998
7.94,38.459063105554726,-115.29262876306016,38.42909128933292,-115.30389889776671,20,14,1,5,19.92,18.027900000000002
4.12,40.00091879856091,-94.21331187898824,40.02504090632492,-94.17885333883864,5,20,1,4,12.65,9.866700000000002
2.28,38.28942563662185,-94.9910666062441,38.26485770446708,-94.98108140527212,2,14,1,5,7.07,8.006000000000002
3.08,37.09725941201442,-121.97573085967632,37.10600557554164,-121.97386095000036,0,3,2,4,7.84,8.397500000000013
2.44,37.140608082888924,-92.68295101342328,37.16340803153164,-92.663523113992,6,22,1,6,9.82,7.550100000000009
5.99,37.52378347422256,-91.36275100537148,37.530895614374366,-91.33062866029807,16,15,1,6,12.71,14.122300000000006
6.91,40.38123903749368,-100.66651784047092,40.41700099949898,-100.61941227078516,10,22,1,6,15.19,16.198949999999996
7.49,37.170144235727946,-98.88977182062489,37.18781383501433,-98.8968883823744,17,22,1,6,13.57,17.381750000000018
12.34,37.04340823489069,-118.62011789583,37.04879462405,-118.64395859012656,21,8,1,6,27.2,27.015449999999987
6.94,40.12606962490101,-78.3024803096769,40.1487118445613,-78.2668041337284,7,4,1,2,18.53,16.948049999999988
3.54,38.26075867680613,-89.49423306501453,38.25351641485452,-89.48622034244264,17,24,1,1,10.31,8.584699999999993
9.19,37.533037628799896,-79.62718295315545,37.486292621051966,-79.58049570771837,23,8,1,6,24.92,20.562050000000017
6.61,39.32590761676676,-74.01207939689932,39.37525015885728,-73.97835280023294,10,28,1,5,10.52,16.0471
2.44,39.11327197382045,-117.77168211756164,39.13660350118144,-117.80877974161154,21,8,1,6,8.36,7.557850000000001
6.94,38.89956127697955,-103.79348928537158,38.94339674516784,-103.81756932353544,22,14,1,5,15.19,15.763649999999991
10.4,39.20602798384164,-102.65861784012868,39.22898257555122,-102.6931159075789,12,16,1,0,18.81,23.534350000000007
7.6,39.28958957050784,-119.02645984495476,39.28884611848278,-118.98515311689516,5,16,1,0,11.75,16.193150000000013
12.21,38.5614852614896,-104.85516386749224,38.53419308585509,-104.81671942462565,5,2,2,3,27.25,25.58230000000001
0.22,37.555144099155726,-79.61346409144991,37.51164562756034,-79.64266860002857,18,2,2,3,2.3,3.0518000000000014
7.83,38.97058479417602,-117.06328814375892,38.99216717119174,-117.07283193445016,4,11,1,2,19.94,19.070049999999984
5.29,37.86942186358802,-94.41349986741707,37.91577364170409,-94.3789071193115,10,9,1,0,17.62,13.038150000000003
8.39,39.63981289287416,-121.25026516814177,39.68481297632586,-121.2727804040583,17,1,1,6,13.72,19.264600000000026
7.85,40.0355773431797,-83.57325312379459,40.00657773390448,-83.54218565727378,12,1,2,2,17.7,17.946649999999984
6.57,39.87174770637854,-92.15429727911727,39.90394292906131,-92.12184460032744,22,20,1,4,17.1,15.929250000000014
9.15,37.0529815565162,-81.97132337191243,37.07370346213295,-82.0110517528013,11,2,2,3,18.99,19.578700000000005
4.43,39.98795926240685,-104.38014247332684,40.01247715794997,-104.3316028861419,7,21,1,5,13.22,10.816449999999993
4.07,37.38941138273108,-81.52978851313199,37.41372632918087,-81.57960623584948,14,26,1,3,11.65,11.140850000000002
8.62,38.66653365232288,-111.2229261826635,38.7034643636562,-111.2036628624986,1,3,1,1,14.16,19.047500000000007
2.58,39.90883334371065,-102.1527098025665,39.879415062091255,-102.16807063648992,2,23,1,0,6.48,7.355749999999992
5.12,40.8181444381482,-82.40344427335741,40.816568186537786,-82.43739271907889,7,26,1,3,15.08,11.790550000000001
9.61,39.99011807148834,-80.63229181899,39.954922855023526,-80.62640697528202,18,1,2,2,16.76,20.33910000000002
8.69,39.88548730033924,-101.82030347177046,39.89214947642157,-101.81448169013017,12,6,1,4,16.47,17.991450000000007
1.42,37.22471146812401,-105.8664460744173,37.198564576781024,-105.85219301958028,13,7,1,5,4.72,5.743549999999999
8.69,38.32915024046879,-81.08117298626897,38.35503783011436,-81.11380006798828,20,21,1,5,21.98,18.649700000000003
10.75,39.36713963081047,-91.3440363502752,39.37402553846744,-91.3233820958834,11,17,1,1,17.87,21.663549999999987
7.1,38.0158138148425,-112.1361054612794,38.03608674495153,-112.14211086072852,6,20,1,4,15.67,15.863350000000011
7.26,39.80554983874039,-118.11803889605912,39.7875875191893,-118.10460694463154,5,7,1,5,21.99,16.205350000000003
10.89,37.56584562678746,-93.9932498001177,37.59766810667657,-93.95979754118522,7,6,1,4,20.38,21.52445
10.56,39.01448839910949,-91.93588042083236,38.997723711004575,-91.89434534060824,22,7,1,5,20.01,22.138300000000008
14.41,40.18921112882493,-102.06010441660489,40.22684519866864,-102.0419644800906,7,16,1,0,34.21,28.513349999999978
4.36,39.401313015135,-100.76374883632712,39.4093573881279,-100.72818177133068,17,21,1,5,12.82,11.012699999999986
5.48,39.91066828719156,-80.25797501948462,39.91804142784365,-80.27655303500073,5,1,1,6,12.93,14.064050000000003
10.29,40.108995158922575,-73.76460320681853,40.06810746263029,-73.77178469876839,4,17,1,1,15.34,21.826300000000007
5.06,38.65896215635802,-77.5728025263615,38.67635682029301,-77.5855936240032,16,1,2,2,12.48,12.619800000000003
8.31,38.66901212939163,-100.4414105373157,38.69685715951516,-100.46652495505003,2,7,1,5,16.67,19.671250000000008
10.71,38.69361599966198,-87.3555708090195,38.688360511445055,-87.36466295618455,17,18,1,2,25.75,23.08275000000002
5.77,37.96877265443873,-121.66770084012288,37.92419196801377,-121.63133961150972,15,26,1,3,10.43,12.863499999999998
5.43,38.06133476913888,-120.03221144653916,38.0634565079538,-120.06812035895676,18,8,1,6,18.13,14.118599999999997
7.24,40.97657133348828,-103.798181578771,41.00752753279399,-103.8346001921265,22,21,1,5,16.86,14.471000000000002
3.85,37.5211916874407,-115.22253413456473,37.52425240435603,-115.20498803266354,7,4,2,5,11.96,10.179299999999998
3.86,39.84192121820865,-81.95077050171201,39.84722520193904,-81.9671491849098,8,7,1,5,12.86,10.723049999999999
5.74,37.11367290262749,-93.6761654231518,37.13766202439447,-93.71154984606186,3,16,1,0,17.01,13.185500000000005
8.76,39.33309602112389,-108.95425810459491,39.31837349224655,-108.93638967726628,21,5,1,3,13.85,19.34179999999999
2.63,40.01600635141642,-110.49264047059168,40.02688237926451,-110.4788112703146,20,14,1,5,7.23,8.208299999999994
3.29,37.61597473888449,-74.80212163115588,37.62209290506421,-74.7529856837639,17,28,1,5,8.27,9.19984999999999
9.51,39.20112972113356,-112.2775932147194,39.21614775915469,-112.29138733959536,15,7,1,5,25.02,19.60600000000001
5.18,39.20999185025741,-86.919365235894,39.19629641198927,-86.9225200639037,6,27,1,4,13.17,11.879600000000003
0.87,38.29443990602587,-101.6837903558238,38.26465971563792,-101.72048403662636,0,3,2,4,6.06,4.2806000000000015
3.83,37.9497153573508,-109.46588796964949,37.952263118373146,-109.4498772197738,10,23,1,0,11.83,10.704449999999998
7.01,38.30936590363926,-112.26541189609948,38.33116295520169,-112.27117950526926,6,30,1,0,15.86,16.025850000000013
4.6,39.00430705448228,-82.95426705078081,39.04937832409564,-82.98410837842253,16,5,1,3,14.21,11.633550000000005
6.93,38.41869928038331,-91.608279380061,38.447327245233474,-91.56621589637142,21,26,1,3,16.02,16.931650000000005
8.17,40.150290149839,-114.44906505394188,40.1574969044733,-114.43213393492204,3,4,1,2,18.97,17.711999999999996
2.35,39.884030214748265,-84.65074133056035,39.89316776332993,-84.62540022885074,15,26,1,3,7.24,7.008949999999998
9.3,40.068676881979904,-117.06377433850042,40.09061360601407,-117.07820793050136,20,1,2,2,19.85,21.039199999999983
4.62,40.459515668389926,-103.12618157405056,40.41735222719847,-103.15559128734812,11,4,1,2,9.89,11.813600000000001
9.28,40.23143072622094,-80.07772669919093,40.27493284935777,-80.08001302523192,4,9,1,0,20.0,19.460050000000017
0.32,40.36560214991231,-83.62861596181023,40.32070171517364,-83.66743734888274,23,23,1,0,4.73,3.34975
6.13,38.96772967574601,-109.10635772013224,38.93185220880287,-109.10359028376028,12,1,2,2,9.17,13.756700000000006
12.94,38.0915581840281,-110.53575213319569,38.08890213569692,-110.49354080440052,21,23,1,0,27.93,25.792350000000003
14.12,37.29848184240219,-95.04939208842671,37.26177146047242,-95.00233570369907,3,14,1,5,30.0,28.86355
13.07,40.26970938463074,-89.85173173669492,40.22770744331942,-89.87851336432631,23,29,1,6,25.86,25.273449999999983
5.71,39.542592440392006,-82.86140165822499,39.58736427121794,-82.89470938018711,1,13,1,4,11.84,13.4956
16.22,39.63661762263312,-114.77520860481548,39.66466041253314,-114.8191152134247,7,20,1,4,23.66,31.45060000000001
9.19,38.478883105951226,-100.50919870079896,38.50837019842314,-100.48248813409424,1,20,1,4,25.94,20.528200000000002
10.84,38.472322441832766,-81.72364017519124,38.45514014485647,-81.7048155563552,20,30,1,0,24.14,22.700650000000014
10.1,38.26204141579376,-111.1758283989264,38.28591149299868,-111.17881837784368,22,29,1,6,19.67,21.350950000000008
4.62,37.09133333984634,-79.38672054747215,37.06779208035701,-79.3612680810352,6,9,1,0,12.68,11.689299999999996
8.13,37.78719312750299,-88.2240818983356,37.7603231702609,-88.20188112680708,8,2,2,3,20.99,17.31169999999998
14.51,40.39708123593757,-78.23863912330958,40.410305350889125,-78.20217580431503,3,7,1,5,28.88,29.73905
4.62,39.52821379292164,-89.92395064044193,39.4958116584351,-89.96243293169019,4,2,1,0,11.64,12.052299999999992
2.8,40.51885658572565,-76.65878402384686,40.48757613196452,-76.67587071586027,10,7,1,5,8.55,9.268699999999995
11.91,39.95636658876394,-85.12789058842765,39.99502377065727,-85.16462330184524,1,15,1,6,27.84,24.977899999999998
9.0,40.64070459114383,-83.81187374911349,40.59811505232625,-83.80781742610442,4,15,1,6,15.43,18.811150000000012
3.9,38.6073396946448,-97.63816538506056,38.64725748069812,-97.67870705740556,19,31,1,1,7.94,10.291299999999993
3.8,39.40025007327675,-108.1211106943014,39.44860467038198,-108.0832599321738,4,31,1,1,6.44,9.759950000000005
7.05,40.12732018405132,-116.9909287267748,40.083893939597125,-117.02219605194016,20,17,1,1,15.96,14.1478
3.11,37.302080058333175,-113.81395227878308,37.33035124121108,-113.7947066356222,18,12,1,3,7.81,8.32074999999999
8.29,37.40334527932785,-121.09124957238926,37.38428601049728,-121.09380128697914,5,24,1,1,13.8,17.828249999999983
12.64,38.79939892678929,-85.19045612230158,38.76617781852353,-85.23771131704284,14,29,1,6,21.95,26.526350000000008
3.64,37.77794785806215,-84.80347717073752,37.792034774893125,-84.83372900446638,10,23,1,0,9.81,10.179800000000009
6.44,40.70732948468378,-95.05636247805388,40.65851946017301,-95.0887412578992,12,27,1,4,10.8,15.91159999999999
7.38,37.310661165209964,-74.57481019125433,37.3335349491109,-74.59118623056646,13,27,1,4,20.59,16.240950000000005
3.87,39.996073588391205,-79.78932035031713,39.99462956703013,-79.75662858700946,13,17,1,1,9.79,10.790100000000004
8.26,38.00989140732728,-120.54930292657052,38.04210074422925,-120.51528896079702,3,3,1,1,17.42,18.779299999999996
12.17,38.63830360626356,-119.36042067300448,38.60550551127381,-119.34851987254746,11,2,1,0,20.38,26.965899999999987
6.24,40.22503143967072,-91.59176166980951,40.20690193308645,-91.56645506344026,1,7,1,5,11.52,13.803600000000003
9.86,37.49808721638122,-99.63555872915664,37.51324016609368,-99.606295783295,19,31,1,1,23.99,23.1267
9.06,39.43207008515816,-79.98344331483462,39.40935340891994,-79.9616541599056,2,9,1,0,20.96,19.167550000000027
8.13,38.68938147362783,-99.9451527769658,38.67689623339737,-99.99350672277428,18,12,1,3,21.01,18.494300000000013
8.23,38.99462622109212,-81.36569227527009,38.958724123636586,-81.32310141660088,10,20,1,4,18.24,17.983999999999984
10.65,40.07622733076848,-115.45195153141552,40.048570323017486,-115.41422102610252,16,13,1,4,21.47,23.54035000000001
13.1,39.53769394457406,-108.79438148894351,39.58140335850139,-108.76615680028662,15,3,1,1,17.8,27.657049999999984
6.51,39.51077492003312,-92.63722879820948,39.50203079994117,-92.59407218695212,11,11,1,2,13.2,14.585549999999996
6.61,39.18322667796625,-105.41896270402304,39.18351359418958,-105.39429601784106,16,15,1,6,18.14,15.7152
3.39,39.30355751078757,-79.12640526555637,39.27754967514117,-79.15791845285179,13,2,1,0,10.1,8.735800000000006
9.41,37.61366169253277,-102.65784914436244,37.64331101709112,-102.7019931857017,5,16,1,0,23.51,22.37619999999998
4.52,38.79158152082554,-88.79373721566175,38.8214658866992,-88.79168007650053,10,1,1,6,11.37,12.240000000000004
5.53,37.6656826714943,-115.04665974249671,37.61666087660775,-115.04157793661386,13,3,1,1,11.92,12.287099999999993
9.63,37.70366214598292,-109.74290757487404,37.74814861964739,-109.73777927666376,3,2,1,0,27.99,20.02624999999999
7.99,40.45202220320648,-86.56236263802771,40.467672098856845,-86.58906036525794,9,2,2,3,17.82,19.21045
6.17,39.48061136826204,-86.57464666831348,39.489985643916505,-86.57459771362655,14,4,2,5,12.52,14.679399999999994
6.8,39.72506366175686,-103.02642534362307,39.7401525025123,-103.0296584307696,14,17,1,1,21.14,15.825349999999997
9.01,39.75465438553841,-79.12478805023534,39.76015045575757,-79.1556265606922,3,30,1,0,15.14,19.58880000000002
9.04,37.86807457068314,-79.3659097857219,37.86310443405012,-79.37475873064808,2,12,1,3,24.2,19.402499999999996
4.47,37.95490526364794,-86.13305216807012,37.94484925250601,-86.10035212993033,7,28,1,5,11.08,11.495400000000012
3.06,37.19902604090196,-100.32382848982984,37.234364898098896,-100.30813043157812,19,22,1,6,7.43,8.56545
9.68,37.57630279401712,-76.92930814751298,37.59421517030557,-76.88774989371707,22,6,1,4,19.93,21.2934
6.36,39.359653466184426,-119.25150935406688,39.39341277281893,-119.2060894998804,10,18,1,2,17.13,15.29560000000001
4.45,37.295566695357785,-81.1867490728309,37.296420129136976,-81.21735627451643,7,3,1,1,15.0,11.197500000000005
9.77,37.03915428880899,-74.05101700885265,37.050525056013576,-74.0808363547875,6,29,1,6,16.48,22.703399999999988
5.81,40.943713878752895,-108.80933062089234,40.89779786012967,-108.8179475092437,10,24,1,1,16.77,12.784450000000001
8.85,39.22345620058102,-93.20848276910291,39.17614411128147,-93.24473099748336,22,21,1,5,16.72,20.80780000000001
4.02,37.548965187721485,-105.32943804371962,37.54464154658881,-105.37398998079505,15,16,1,0,8.97,10.879550000000002
7.02,39.8934579457418,-81.55267252511267,39.87119423688301,-81.59204271529333,13,19,1,3,11.5,17.587750000000014
8.19,39.49531057813662,-114.60618479747302,39.47675050044332,-114.5604919965609,1,3,2,4,23.14,17.658650000000012
7.63,37.521320115674776,-74.67542826437904,37.55472404747949,-74.64817235657718,16,1,2,2,18.46,17.18315000000001
3.09,40.26771956897221,-88.17607757902806,40.26034725107434,-88.12927720332122,19,25,1,2,7.44,8.332199999999995
6.73,40.69776681847115,-110.3228576464643,40.66503939320298,-110.2971313510669,16,22,1,6,18.99,15.909499999999998
8.76,40.35785308478368,-74.66758384346608,40.37742726489744,-74.68982018834964,4,26,1,3,22.11,19.598000000000013
6.77,39.93219446739563,-88.17396746581667,39.90150508656016,-88.21247501393029,19,12,1,3,18.44,15.443800000000016
12.71,40.96411368244815,-112.22462257466512,41.00154229305399,-112.25987623841364,20,5,1,3,30.5,26.128199999999982
9.68,37.266404820928685,-92.19461135141086,37.30404274669444,-92.18129363399946,14,17,1,1,26.29,23.086749999999988
6.08,39.9710741653066,-109.77097271457822,40.00955989337178,-109.72694522453747,11,22,1,6,14.68,14.141449999999997
11.03,37.84938778742664,-119.27883475145094,37.87417097801141,-119.27947521474852,18,3,2,4,17.5,23.232500000000027
11.68,37.71274463353973,-74.64238381003115,37.67708645730326,-74.69063087608458,1,3,1,1,21.03,24.71310000000002
8.44,40.04170357095766,-102.27178471247332,39.99884280495209,-102.30388290239097,6,4,2,5,12.61,19.40539999999999
5.95,38.29650182101065,-116.51689127903389,38.32840613384203,-116.49929894720432,12,9,1,0,17.5,13.239949999999995
7.09,38.1866648946752,-93.16829305327948,38.15994161209072,-93.17677751942752,3,2,2,3,17.18,16.49170000000001
12.35,38.43954412925815,-85.22842988903122,38.48920306347245,-85.19746687484334,18,20,1,4,29.62,28.26190000000002
1.64,40.73638014808861,-117.05414101723174,40.71636855390413,-117.03016882727763,2,11,1,2,5.58,6.3191999999999995
10.45,39.85684089135746,-95.39816182942349,39.82329317666255,-95.3993333064696,15,21,1,5,21.68,21.9192
6.89,37.498521975850906,-82.00510254030561,37.49702610608486,-82.03190617821288,8,17,1,1,20.01,16.19210000000001
5.79,39.946276603010205,-101.0888412594876,39.949614623398695,-101.11602960317926,1,23,1,0,14.48,13.573400000000017
4.14,38.39843489970525,-78.71440710601797,38.39123830579524,-78.67019234914834,23,29,1,6,10.76,10.852250000000012
3.08,39.53973684840464,-83.74442255642458,39.54960649914182,-83.71141673255687,6,16,1,0,7.23,8.010550000000004
9.97,39.89109472588035,-98.93945909095557,39.84719018042697,-98.90154155581344,0,17,1,1,26.05,21.794199999999996
9.36,38.03612150327878,-97.24457478968417,37.98659929459715,-97.22278326103611,23,22,1,6,15.19,20.743150000000004
7.61,38.13649357142448,-73.03740236210689,38.14714801535744,-73.03902153369559,22,30,1,0,18.94,17.278599999999994
7.05,39.3341861197661,-74.75953277920992,39.313463785910976,-74.71270521035281,4,9,1,0,16.71,15.596749999999995
10.91,40.528742512683216,-98.5244275706984,40.546404119116175,-98.48025469548564,22,23,1,0,17.37,21.96245000000002
7.79,38.306305926355975,-74.72403441799506,38.27938285682341,-74.71428280531671,13,20,1,4,21.24,16.832800000000006
6.99,37.48642815872035,-109.45583199764,37.45811893616593,-109.44046278993252,11,29,1,6,19.51,16.45235000000003
4.8,39.795825973942506,-94.03713155524224,39.74725810396516,-94.06292192148494,6,7,1,5,9.17,11.224350000000014
0.9,40.60648292184419,-119.3884520200155,40.59652047837261,-119.43675393597393,17,3,2,4,3.19,4.614199999999997
7.86,39.32365816631403,-108.7662842745578,39.35559153806653,-108.748473287725,16,12,1,3,13.22,17.943399999999986
4.54,40.00864795751527,-109.44469969131494,40.04619029219421,-109.39867046877052,10,1,2,2,11.07,11.700049999999992
4.98,38.16412096802272,-118.25793489141984,38.17661897764994,-118.30757283441795,7,21,1,5,13.55,11.458650000000002
6.81,39.09029158086261,-110.67217507456336,39.130088125296766,-110.69613254671494,18,12,1,3,14.03,15.38069999999999
5.0,39.13585047815182,-105.7102931347195,39.116466454181726,-105.753084555925,11,9,1,0,9.93,13.175799999999995
5.34,38.45441074795001,-114.03336796261104,38.425347451497466,-114.04845792775032,19,14,1,5,17.01,13.455700000000002
10.28,39.31781518543425,-75.83629719980752,39.30702323154075,-75.82929036384391,19,1,1,6,30.27,22.265499999999978
7.6,40.41037467850588,-78.77030634995697,40.42370517217315,-78.78859777030314,19,26,1,3,16.93,15.832300000000018
10.62,40.99683545563062,-85.3379688795833,41.027020672250046,-85.29684858552892,9,25,1,2,27.41,23.173600000000018
6.42,37.29752438067323,-93.21914226758958,37.27706725217704,-93.25472064597032,2,11,1,2,10.56,15.500499999999997
9.06,37.963352666739496,-88.96701955667751,38.00391402721735,-88.9358495437842,11,26,1,3,21.79,19.11645000000001
3.96,38.79951928537773,-102.11001927940072,38.80417755427517,-102.1249451143808,21,1,1,6,12.7,9.35545
9.77,38.628788303861214,-82.20405555495225,38.60687209811768,-82.23581741334563,13,9,1,0,16.54,21.142900000000004
4.02,37.58196362346822,-105.76971913520464,37.53968635508543,-105.80666286407846,4,11,1,2,9.96,10.244549999999997
10.58,38.27273026313648,-93.4555094505816,38.2695562478421,-93.45815391341796,16,26,1,3,24.2,23.178099999999993
5.08,37.794554894759216,-112.11803303742327,37.76942768931475,-112.10358789458812,7,3,2,4,12.43,12.099549999999999
7.47,37.56176941514972,-115.24733290571103,37.602209020005496,-115.26181867524208,16,13,1,4,12.66,16.09900000000001
5.08,37.74036082375478,-90.6702382470616,37.71998331045762,-90.62748025031247,21,1,1,6,12.86,12.760749999999996
9.17,40.66305872305296,-80.5215347398002,40.66239526498854,-80.53970160457934,4,11,1,2,13.97,19.279150000000026
8.25,38.75369660377317,-85.61997133219118,38.75758145278664,-85.65414773929278,22,1,1,6,13.61,17.302599999999988
2.98,39.65354091315192,-81.5389126871658,39.6644571090779,-81.4960460717974,14,1,2,2,5.64,8.467449999999996
10.11,40.49344495842904,-83.34031166096226,40.54125994263277,-83.38708519660035,13,8,1,6,25.88,21.899649999999987
6.08,37.18385595733763,-75.56616147988487,37.22384222919816,-75.58913645276432,10,25,1,2,15.79,13.88450000000002
4.62,38.70877361128768,-103.83746167223332,38.74186487931203,-103.8664464382788,1,16,1,0,11.18,11.46744999999999
4.31,40.38482013625583,-95.6570034075686,40.42594244937045,-95.6751129105866,6,2,2,3,14.27,10.903899999999995
6.49,37.184666460028616,-88.37108157605815,37.20080985325037,-88.3784564185865,17,11,1,2,11.76,14.953300000000004
6.18,38.23854824715671,-106.73686846431112,38.23848026504855,-106.78616035016636,2,24,1,1,10.56,14.180500000000002
5.55,39.83265738675054,-87.04187378367202,39.78543858160283,-87.02547649478058,19,28,1,5,9.29,13.811050000000005
6.8,40.47822154647553,-85.72958182878827,40.44599360026796,-85.75828038152207,21,30,1,0,16.58,14.146949999999997
4.63,37.29948645150957,-108.95365969684065,37.26979110325287,-108.912524651363,11,9,1,0,12.92,11.920249999999989
7.66,40.61396902254126,-117.5289308783682,40.58991165138092,-117.48575344568384,16,1,2,2,15.79,16.63005000000001
7.78,40.34884707988226,-73.14449463371372,40.3257797016453,-73.18623716942862,13,14,1,5,23.45,17.49350000000002
6.67,37.71476136599728,-91.14108142869073,37.7232774727485,-91.11853671804964,13,3,2,4,17.82,16.156149999999997
10.03,37.97142848388136,-116.4867222464404,37.95897137799011,-116.4382975206372,17,9,1,0,21.58,20.746150000000025
9.07,40.10158894839559,-74.64064597452199,40.11356235976608,-74.66961314754141,9,8,1,6,25.56,18.640550000000008
2.08,37.91076912718327,-118.96565069941612,37.8959112439442,-118.96528179411332,0,3,2,4,9.48,6.720799999999993
7.63,39.272633568674806,-92.07559329183124,39.234495871706734,-92.12106342673408,7,10,1,1,19.82,17.96040000000001
6.28,39.77160777516651,-89.02594744911934,39.7964368929394,-89.07274024637867,4,6,1,4,19.51,14.291250000000009
5.68,40.8515783715496,-77.3943984330045,40.86004331034,-77.36730954324247,3,11,1,2,16.33,12.252100000000008
2.94,39.91114496466952,-83.40995153782002,39.865245437994055,-83.37638309063416,15,16,1,0,11.3,9.204050000000004
1.95,40.117709296194754,-120.83071647018976,40.11142969979103,-120.81336369329358,7,3,1,1,7.02,6.870849999999997
8.64,38.346559938617474,-104.037506068145,38.35160918937255,-104.08488880487684,17,24,1,1,18.26,18.803500000000014
6.45,37.58975798874203,-93.57214179037946,37.58150472273841,-93.5982906001635,15,30,1,0,13.67,14.756749999999995
7.04,38.43606023040844,-121.90321072309492,38.47038474328571,-121.88220693834047,7,4,1,2,18.32,16.88185
8.62,37.06506792349756,-118.5083827979505,37.09389533207435,-118.46365448233288,5,8,1,6,16.11,18.80225000000003
7.12,40.610982448744494,-81.85705935451048,40.59616687052978,-81.83316687344067,21,11,1,2,19.04,16.34785000000001
6.12,39.298500141886656,-96.38938440306023,39.33969690175947,-96.34642232292636,15,7,1,5,19.67,13.745350000000021
6.73,39.11346431088906,-98.07493311649192,39.10598084879452,-98.04497638733685,6,29,1,6,20.4,16.16175000000001
4.08,40.015562182319854,-83.81821795527841,40.0392964511808,-83.84480893351659,2,23,1,0,13.49,10.351550000000007
3.22,39.83942067138737,-97.0554350288836,39.85678909064384,-97.05509675280868,6,16,1,0,8.6,9.005750000000004
3.44,40.483383453572976,-106.03676325130576,40.49430567561711,-106.04259792050772,18,15,1,6,5.95,9.732000000000005
5.53,39.44820560200246,-116.92775884721824,39.45135115352515,-116.89934592835532,17,28,1,5,10.77,14.48424999999998
9.31,39.53744836088492,-76.87335485721553,39.5794988270702,-76.84874836749155,23,19,1,3,19.06,22.597949999999983
6.84,39.33111196753749,-104.610336921582,39.36814030911009,-104.57518108288792,16,8,1,6,10.24,15.601199999999983
15.49,40.29545633204035,-108.46062805050194,40.28389573347014,-108.46810314919846,8,3,1,1,27.64,32.0867
0.31,40.30122195749714,-82.24176048455877,40.33976064253383,-82.19393757513703,7,13,1,4,3.06,3.680300000000004
7.23,38.27983415785516,-92.70194960348542,38.317601017669226,-92.67599882208567,1,25,1,2,13.19,17.028700000000022
7.28,38.51581504072362,-104.52598896493886,38.55285362699727,-104.5223192134862,16,3,2,4,15.16,16.527650000000005
10.85,38.39160976918038,-74.87046058497658,38.35956426891909,-74.83832340391824,10,27,1,4,19.69,22.94610000000002
6.35,39.68439574852709,-77.51562384824823,39.656157725148354,-77.51536368882493,8,3,2,4,16.29,15.025399999999992
10.28,38.88973166450373,-107.4907361819084,38.9246284979033,-107.50596037997953,22,18,1,2,20.39,21.506850000000004
7.5,40.114188875451205,-116.6527244654518,40.14721060513525,-116.64807928666862,16,1,1,6,18.04,16.53684999999999
0.88,40.44784881274341,-74.31793610476728,40.45094920603042,-74.28935094068764,18,16,1,0,3.03,4.814699999999993
3.66,38.44197019633423,-78.02209983259118,38.46844259572245,-77.98402706516113,4,2,2,3,12.17,9.189250000000001
5.01,37.50000339354372,-109.46239708140396,37.522119509487474,-109.44736414475068,14,8,1,6,14.61,12.393599999999994
7.15,37.42658100409407,-95.85325980386624,37.44179079107867,-95.82170086388092,5,6,1,4,17.71,15.606950000000001
8.02,40.41526035789487,-106.2170571595408,40.41788969240016,-106.19640660448538,12,28,1,5,18.75,17.93825000000001
6.76,40.44375724344752,-98.92785593518148,40.48922254758957,-98.90111067858878,9,1,1,6,11.82,16.166150000000005
9.19,39.89599317471026,-74.59084703001159,39.91120245234214,-74.62005157449347,19,30,1,0,17.15,19.4195
5.64,39.72489895613243,-116.20916804313488,39.69445384649576,-116.1716678312206,4,2,2,3,11.75,13.952000000000021
9.75,38.369548016683865,-111.7848560126601,38.39036371773632,-111.7604829009652,9,9,1,0,20.48,21.189050000000012
8.95,39.21559608611086,-98.653185703142,39.23033165193696,-98.63174003419888,5,1,1,6,15.4,20.413399999999996
7.47,38.63532249902925,-121.036492808321,38.62263413129524,-121.01174570940503,11,2,2,3,19.8,17.906050000000008
2.84,40.921827971161456,-103.82096262823556,40.91339813264304,-103.77396877197366,22,28,1,5,7.39,8.212799999999998
7.17,40.321975376888886,-108.96267026914892,40.353445819653466,-108.99077282547664,21,1,1,6,15.62,16.362150000000007
9.79,39.90412634434127,-102.16323560785705,39.92510868394083,-102.14742178933491,5,8,1,6,24.13,21.826299999999968
8.67,40.47521620923523,-116.26657949473268,40.46001251331331,-116.2549201296756,11,12,1,3,25.16,19.753949999999985
8.85,39.2135142885976,-74.63579712318555,39.244351150375536,-74.58817098886793,15,2,2,3,16.83,18.423849999999987
9.54,38.02030390556333,-91.55688224839145,38.03574858608824,-91.50803878677786,6,9,1,0,22.66,20.746750000000006
0.52,40.20720047381493,-80.89147360009738,40.24814815918071,-80.84859647995077,14,3,1,1,3.51,3.8036999999999983
10.22,40.69731462398855,-99.63705963119055,40.653753038725135,-99.64595208054251,3,29,1,6,24.01,21.664700000000003
4.45,39.04659175556026,-115.79154237955386,39.09060805338088,-115.75070513520872,12,6,1,4,8.78,11.738149999999997
8.16,39.789905510646335,-105.94940911420282,39.78277113073383,-105.90680214628432,17,26,1,3,15.65,18.711349999999996
2.38,40.03476309170301,-110.81977894780792,39.99154268267864,-110.7805565272354,15,23,1,0,5.94,7.649799999999994
3.26,40.36639209512836,-84.45591812618703,40.32496405176614,-84.49566829828123,3,4,2,5,11.35,9.312899999999988
3.01,40.68915688067347,-112.19414782248968,40.704455194071606,-112.16829712264662,4,5,1,3,8.84,9.033500000000002
9.17,37.79670392137525,-108.94558160297368,37.7774069233663,-108.98456022249516,9,4,2,5,13.88,19.75314999999999
6.09,37.67553143259723,-94.31747035693786,37.66893873010009,-94.32023169248126,7,19,1,3,14.71,14.302050000000001
10.23,37.48669248170982,-73.5792600103139,37.51278613889127,-73.55290481400604,4,5,1,3,21.52,21.615099999999988
9.57,37.05143965170562,-80.43563693903904,37.05413661219964,-80.41357737560101,9,3,1,1,24.96,21.890100000000025
2.48,40.2836393040599,-75.33998504786662,40.27579403516107,-75.32184558006455,0,26,1,3,7.52,7.5485000000000015
4.37,39.21297873374666,-95.57874732171874,39.1876915161586,-95.62524921182133,8,1,1,6,9.81,10.672300000000002
10.24,39.12520199022859,-118.75009698697689,39.08178465711323,-118.76639876040876,15,20,1,4,24.33,20.3027
2.94,39.04158771236017,-73.99957409787706,39.05215934621095,-74.03750741655111,20,18,1,2,8.77,9.214250000000009
9.11,38.63647817871738,-95.31010482439116,38.61516960589612,-95.30333443248966,22,18,1,2,22.46,19.7704
8.76,39.42788972118724,-94.515380630117,39.39213969094113,-94.52770295026556,13,12,1,3,14.03,18.22685
8.91,39.77116495766176,-114.01946436224164,39.75497807993143,-113.98890353440564,9,12,1,3,20.55,19.656500000000005
2.45,39.488047563244486,-104.2885621928908,39.48784103025044,-104.3092887988822,8,17,1,1,7.4,7.437800000000003
6.04,37.26519216707099,-109.9503202432062,37.29394360882005,-109.96109944838052,0,16,1,0,14.94,14.490299999999992
3.27,38.114229340492926,-76.46563752387702,38.06659725044164,-76.43604990114447,9,5,1,3,9.26,8.875300000000003
6.11,38.09565102278602,-96.85908402345716,38.07841528142716,-96.82533778348568,21,20,1,4,14.76,15.181650000000005
10.77,39.35763354975054,-82.6128672232678,39.39641652850372,-82.57471750322603,4,14,1,5,22.39,22.195199999999982
7.54,38.99004591163829,-104.4030922648625,38.94436157199243,-104.39196743252216,9,1,2,2,18.3,17.645350000000004
10.83,40.08385609574973,-94.54851816463724,40.088651556898775,-94.54357241735264,0,13,1,4,27.84,20.528150000000014
5.48,40.26135906309463,-117.19622170633698,40.22182399446292,-117.14707392409252,19,24,1,1,8.16,13.862699999999997
10.09,39.820928148773326,-118.90947027680626,39.833947170178,-118.91566950660808,6,6,1,4,19.07,20.04045
8.23,37.50238812441571,-110.56661857747564,37.47665807543349,-110.59185236688523,8,11,1,2,17.18,18.004299999999997
8.11,39.11542262836266,-100.95625170464344,39.10635938791653,-100.97744011063726,11,15,1,6,12.96,18.980000000000004
4.64,37.01917121686029,-99.37319134996656,37.0120545215358,-99.3397130564773,19,22,1,6,10.92,11.098849999999988
0.69,38.7190599921772,-95.23786351356507,38.73359628225975,-95.28584353476673,0,26,1,3,3.05,4.34005
6.28,40.4860865699499,-118.47526269890004,40.477675213304,-118.46677364707752,23,21,1,5,11.34,13.967550000000001
7.87,39.4402947259003,-115.07233858747992,39.39886065198717,-115.03348344997374,4,3,1,1,23.93,17.359599999999997
5.34,40.71180608210175,-91.33064785274628,40.696227066780175,-91.37108415158606,5,4,1,2,17.06,12.117850000000015
4.61,38.193356828852686,-101.7000443337308,38.16524691091066,-101.74879657955132,4,17,1,1,10.49,12.911449999999988
5.71,38.57924322314747,-118.73895848321342,38.59950259449821,-118.70567735886418,3,19,1,3,12.48,13.239400000000005
7.05,38.85617399072599,-97.16149478202834,38.864802250724544,-97.1397181714788,7,17,1,1,15.8,16.16215000000002
3.04,38.90823052252764,-117.95508324570126,38.88431072852536,-117.9068590697168,11,1,1,6,5.57,8.887100000000006
5.38,37.70904973990704,-108.26600539813629,37.69238648758683,-108.24105428581136,12,23,1,0,12.23,12.596750000000013
0.13,40.88243267112366,-86.79546268010097,40.87837070748085,-86.83920780516847,0,30,1,0,2.58,3.3887499999999995
3.3,38.04957501455538,-101.79936744302051,38.03516393986639,-101.82981958035846,4,2,1,0,8.45,8.928600000000001
1.66,37.15207930840288,-117.11841791655364,37.11143841181561,-117.13047676361498,12,20,1,4,4.49,5.751199999999995
2.43,38.46298483928362,-74.94004397537984,38.509473693870405,-74.95012303677933,18,23,1,0,8.8,7.964500000000006
7.32,37.8029431057814,-102.86014492819398,37.79384010624201,-102.89427964167533,9,29,1,6,17.36,15.919299999999991
9.53,40.06327796200274,-115.15320414786044,40.1036119884362,-115.1900081392354,19,3,1,1,20.33,21.452050000000007
7.29,39.99973973406837,-98.17319269281158,39.966201664924895,-98.19432192278592,10,20,1,4,12.56,16.18904999999998
6.49,38.00768650204535,-95.70295070972364,37.96279070569253,-95.68335627703304,1,31,1,1,11.55,15.286149999999996
7.37,38.13689285096247,-96.53333759700784,38.09597718919297,-96.55586381030125,12,2,1,0,16.56,17.12344999999999
7.82,38.1218473327324,-116.97652750498436,38.09074794652679,-116.93991128030127,15,2,1,0,20.93,16.840700000000012
4.74,37.327820585990175,-73.86279742477431,37.29776154348716,-73.85617243014582,8,3,1,1,9.51,11.835499999999998
5.22,40.23331843514861,-113.84407364385524,40.1976682972028,-113.86315533151114,11,30,1,0,12.77,13.082250000000009
7.54,40.676637763542026,-85.68178498097546,40.67754649524326,-85.64006729305248,6,25,1,2,15.41,17.084049999999994
8.11,37.068097792847965,-103.91122224160964,37.09181952436955,-103.95051198651872,15,30,1,0,18.14,17.558799999999998
8.91,40.11765347816545,-93.96388349234822,40.116609163582446,-93.96363983776124,0,10,1,1,16.49,19.557150000000014
5.08,40.29363563898522,-108.17278291658133,40.24457322644288,-108.1899610190146,23,14,1,5,11.53,11.900649999999978
1.35,37.990688121864565,-90.6459548681589,37.96661795414437,-90.6464663469942,21,22,1,6,5.68,5.296200000000003
3.65,40.46710485480424,-76.71566671670175,40.46140347622895,-76.73899500680072,20,24,1,1,10.02,10.295999999999994
9.71,37.61005583823274,-105.49021697699732,37.58691326871707,-105.50143601593466,21,5,1,3,25.18,19.542099999999984
5.09,38.07489204470647,-82.78576580970605,38.10730414016024,-82.75811832881202,0,27,1,4,9.45,11.84575
1.15,38.712451832205765,-87.43179423284467,38.68066769082159,-87.41547151394107,22,24,1,1,5.3,4.736799999999999
5.03,37.16785830126611,-81.22284609422852,37.20533591653423,-81.18996130183169,7,27,1,4,13.47,11.864650000000005
10.36,37.13391636767029,-102.55672354407706,37.125696074027175,-102.57430664150684,21,1,2,2,19.14,21.7663
3.0,37.288861879310645,-97.89945052011696,37.32210137805184,-97.93668146401797,17,10,1,1,8.41,8.197699999999994
13.8,40.658210087491554,-96.22634407579471,40.627872190166016,-96.25196592660694,10,15,1,6,24.44,29.40505000000001
3.94,37.39766104291759,-89.00859073744957,37.43624843926566,-88.98659901747556,12,24,1,1,10.6,10.891049999999993
8.13,39.584512041409646,-115.9631748626376,39.556589009181565,-115.9764284252391,1,3,2,4,21.44,18.362400000000015
6.01,38.69301603016898,-81.52047148688827,38.69814939802124,-81.50951983779699,7,11,1,2,13.73,15.212200000000003
3.59,39.051126273399504,-90.85957333910792,39.01440653861518,-90.86653536032354,6,16,1,0,9.96,10.183150000000005
6.74,38.97198308850734,-107.00294660566404,38.93537721539164,-107.03944493458552,15,17,1,1,17.93,16.169700000000013
5.2,40.462708275418464,-121.13165958274716,40.45074130391395,-121.13343277600532,23,3,1,1,12.38,12.162150000000015
8.56,37.78202728399588,-110.18660312593356,37.8118737870663,-110.22855553951852,17,14,1,5,22.17,18.563249999999996
8.19,40.62156425949867,-109.3576584586078,40.61249397962662,-109.36939598737388,22,12,1,3,22.53,18.301300000000023
5.72,40.94745004016707,-74.8661491130795,40.92995081015112,-74.85181919168441,22,10,1,1,16.46,12.632999999999997
4.59,37.03196280221001,-111.82833266363808,37.02243096077089,-111.87008166518822,18,17,1,1,8.56,10.338149999999994
12.02,40.29266782538186,-88.11082130857886,40.27944617764812,-88.12670023703281,16,4,1,2,29.84,26.326999999999995
6.53,40.40143131155158,-93.1024289459306,40.37279203941609,-93.10632409831122,11,2,2,3,14.03,14.9002
7.19,38.708878353195296,-115.97798662096542,38.74792704587237,-115.99750926832192,9,25,1,2,16.35,16.186899999999998
7.51,37.82159324519643,-110.46252104994608,37.843342548270535,-110.50749671592423,17,14,1,5,11.76,17.05185000000001
3.49,39.13245652063622,-121.79370087447312,39.097372546050735,-121.79114011550642,21,6,1,4,9.94,9.06775
10.33,38.79338337663917,-93.93539507636802,38.753954310586295,-93.88733420577798,12,17,1,1,27.64,22.48469999999999
1.53,39.94309572922964,-78.24456320656712,39.92719425042746,-78.2507957194703,2,1,1,6,5.77,5.746800000000003
8.24,40.78215338882998,-117.82824436590344,40.74967837107595,-117.79190719530736,20,29,1,6,19.17,19.42545
6.54,40.29086310094489,-101.94878765980285,40.316967743105394,-101.95580878438255,2,22,1,6,15.01,14.672649999999997
6.56,37.07175866887808,-118.06343763615818,37.07357155309329,-118.08306327523724,19,6,1,4,19.03,14.562000000000014
7.64,38.87833325632627,-106.24996539841962,38.911248692787645,-106.25316516738164,18,5,1,3,14.71,18.045800000000014
5.24,40.88113822346252,-100.40511099455122,40.89793919707192,-100.44698989875188,14,12,1,3,15.78,12.450899999999992
13.2,39.44802671289978,-79.5008826477441,39.49569715438374,-79.54824159451853,9,1,2,2,20.44,26.75034999999998
8.54,37.00247798283987,-117.9683773512496,37.02883056106537,-118.0163253381548,13,12,1,3,14.5,18.462549999999993
10.78,37.79376681642453,-77.50641631810068,37.76155102637298,-77.53275334329703,9,24,1,1,25.27,23.55205000000003
5.74,40.30563161289989,-110.75744784488056,40.32113523042295,-110.72409988925412,21,1,1,6,11.63,14.690100000000003
8.24,40.40725615146301,-99.88323606502875,40.38236125803677,-99.93150163462008,7,30,1,0,18.47,17.37589999999999
12.09,40.53511369650871,-74.45558894319949,40.54039593767954,-74.49690574658652,23,3,2,4,26.51,24.13605
11.43,37.49893854722143,-107.11464397100568,37.529489612492334,-107.09634648443884,6,4,1,2,28.41,24.633549999999996
3.28,39.9304907325108,-120.99546925400878,39.90086426596337,-120.97705024686498,21,3,1,1,8.69,9.389899999999997
10.06,37.262192090141085,-111.42598938640594,37.2498929036811,-111.37922314597616,3,1,1,6,14.9,22.05154999999999
2.9,40.80553900524146,-85.42937838898645,40.79945013035943,-85.43175192521363,5,22,1,6,6.49,8.725000000000007
7.19,37.74050796518585,-81.42093762706887,37.71038352655419,-81.38798110519853,23,29,1,6,14.05,16.85159999999998
4.17,38.711703778821175,-107.81429185915448,38.76016005136654,-107.80461077979908,23,10,1,1,9.18,10.555549999999993
4.76,38.22608682751621,-75.05324036690875,38.20645669733149,-75.05923365950625,8,6,1,4,11.91,11.553899999999993
8.92,39.124172989391695,-114.22365870304596,39.14358876577675,-114.24572358229128,15,26,1,3,13.04,20.40910000000001
9.06,39.16271116917505,-81.68506645226665,39.191412260674525,-81.6484340619209,1,10,1,1,20.77,20.273700000000016
13.97,40.97304387753367,-100.51735430839454,40.99385921835708,-100.54538331560526,11,13,1,4,33.36,30.93134999999997
4.78,37.72457373064163,-88.15756982027676,37.75376779690928,-88.18446619529212,9,28,1,5,13.67,12.200349999999998
5.02,37.15600705576288,-86.59892420101454,37.16594340190991,-86.64474883475025,9,16,1,0,12.44,12.663699999999999
2.73,38.638977474909126,-108.1081282716206,38.66071881954262,-108.13455850350807,16,1,2,2,9.69,7.978449999999999
7.72,37.99085869534782,-100.33296017214316,38.00303358385201,-100.29474407307237,17,6,1,4,21.11,16.94565
2.75,38.48073242025656,-120.71443261959216,38.433806906420266,-120.69263018523534,18,13,1,4,10.79,7.175200000000007
9.66,38.78607042005446,-108.05610192607182,38.74278019961577,-108.05022135598252,21,24,1,1,24.99,20.943
5.54,38.73587387547171,-100.48287914078428,38.7530137903244,-100.43883583573675,20,14,1,5,11.45,13.839949999999996
1.04,38.4364040161602,-106.9288797672163,38.43362444766375,-106.92564964748604,13,27,1,4,6.36,4.6945
7.0,38.95495270008866,-78.63475433758143,38.92388372706752,-78.5857724224923,2,8,1,6,14.8,16.372249999999998
10.44,37.2378995544195,-99.57508761896906,37.28241908469054,-99.57079675191848,17,14,1,5,27.87,22.234199999999987
2.8,37.905259238657166,-76.96190684661536,37.86737424286893,-76.94574833674464,2,13,1,4,9.11,9.057999999999995
9.89,38.091475230776325,-106.34209554291668,38.0677909048368,-106.31640566785532,12,1,1,6,17.52,20.977149999999988
2.28,38.43929614205605,-100.78019854730256,38.45736778674042,-100.77925128708571,14,24,1,1,8.63,7.098150000000007
7.9,39.88725222975268,-81.1548607338421,39.867098752757805,-81.17062019071143,1,8,1,6,23.57,16.207699999999985
5.36,37.6210928757662,-107.42024721928058,37.62960763030271,-107.37614555322402,21,22,1,6,17.3,13.442999999999994
8.97,37.03574273289602,-77.59312771551693,37.05197300112592,-77.555530606606,22,29,1,6,18.52,20.557849999999984
3.44,38.67690496864613,-121.98731782976112,38.679815642919216,-121.94646284029454,12,14,1,5,10.35,8.610549999999996
3.5,37.39033355280701,-113.55614573322426,37.42924077331004,-113.59986053048247,7,11,1,2,9.15,9.772649999999999
5.34,39.07585005177572,-82.87125948884585,39.043800540103824,-82.9076318002098,13,3,1,1,12.53,12.952349999999994
9.95,39.74831867874448,-91.58362996582514,39.79438971130944,-91.58276417011596,22,4,1,2,16.74,23.048149999999985
8.18,38.27328095539825,-105.6827021500912,38.22711494416531,-105.66759595491318,13,18,1,2,20.12,18.96800000000004
5.2,38.08041737657857,-108.93327226906146,38.0413776014426,-108.94472068922376,14,4,1,2,16.74,12.197299999999986
4.78,39.45337150556392,-94.4730353813922,39.48642206324092,-94.49388860715004,18,18,1,2,12.82,12.452000000000005
11.04,38.5112762638819,-107.9351750492544,38.46656063662125,-107.95711987931676,18,2,1,0,28.57,24.0986
8.01,37.76222088031298,-92.30770450589674,37.72956888322661,-92.26862809708794,0,6,1,4,19.58,17.623399999999997
4.55,38.7642147738016,-73.26395725780901,38.7294478723461,-73.24071587194415,18,8,1,6,11.19,13.026499999999992
8.15,40.35772120230733,-96.40570597751494,40.39423087614279,-96.45222685981526,4,2,1,0,17.92,17.49490000000001
9.78,40.36802063210208,-93.84040565458425,40.32545734148282,-93.82124004249968,1,1,2,2,26.47,20.53305
11.05,39.37219356437192,-91.0157038071804,39.38244937629751,-91.00634981002092,22,16,1,0,26.5,21.963700000000003
5.14,40.21679302130946,-97.2803576759521,40.17593950279435,-97.32328731635408,23,9,1,0,10.95,12.150600000000004
8.7,39.48349626262524,-103.91890087951002,39.43934969334605,-103.94694673551348,14,1,2,2,20.85,20.4683
8.44,38.63570564539746,-91.3640743158696,38.62686545444827,-91.31473175351492,4,10,1,1,18.87,17.25735000000002
6.4,38.0287486739101,-110.14494251156232,38.0042588057776,-110.0950506924801,10,30,1,0,10.63,14.262550000000003
6.14,39.87611907529168,-97.129547004989,39.91552290578265,-97.14972847652932,13,25,1,2,9.91,14.076550000000003
6.93,37.09608510437448,-120.67339535690516,37.10830027818584,-120.71421083886776,11,3,1,1,17.56,15.337000000000005
9.88,38.33998720968695,-94.23653539702688,38.33709776117609,-94.23629154453336,16,1,2,2,16.08,21.12879999999999
4.55,40.6896645415023,-102.6258786447612,40.73295520834759,-102.62397326419295,8,7,1,5,12.11,11.623549999999998
1.09,39.82127221897278,-116.380952776824,39.82237422803687,-116.40943674041624,22,1,1,6,4.25,5.009750000000005
8.19,40.76374696501667,-93.14987764119796,40.72662563856582,-93.1915607687106,5,21,1,5,18.09,19.30275
6.21,37.25918647876949,-113.3010207485326,37.26891120372197,-113.2654232116528,23,24,1,1,10.81,14.75235000000001
4.3,38.45566857587713,-100.47323530662412,38.50091636673534,-100.50770183258932,5,2,1,0,11.86,10.303200000000011
10.94,38.30804102531775,-103.82750514560487,38.33363143325855,-103.82506584624244,6,30,1,0,24.86,26.495350000000002
5.33,37.29196103916488,-97.82560453586444,37.2962689081714,-97.86604689445706,19,27,1,4,9.94,12.417349999999994
9.32,37.33993966487138,-106.34376772618678,37.32460903795362,-106.35917004742082,17,20,1,4,13.77,21.347149999999996
9.68,38.123663004556505,-86.97050193742024,38.079507949995,-86.94834335327656,20,12,1,3,18.69,19.757999999999996
10.48,37.23202753905857,-76.35283874822943,37.27083027104336,-76.35240304532573,17,23,1,0,27.32,22.50270000000002
2.95,37.839058842983135,-115.164318780321,37.79180328374273,-115.16870680963996,14,13,1,4,8.36,8.089950000000005
6.03,39.18712736825061,-82.11756451340621,39.18906450925749,-82.12047707624481,0,15,1,6,11.32,13.897750000000006
6.48,39.06470425371327,-113.31637288992351,39.065655446567526,-113.34217682758816,9,18,1,2,16.68,16.029999999999998
6.72,38.83587437955392,-93.43054200005952,38.84022940112885,-93.47216841560866,4,22,1,6,14.27,16.437950000000004
8.65,39.90799132225411,-95.84875717944092,39.90964571202254,-95.8276601235825,9,24,1,1,20.95,18.915300000000013
8.26,40.25648317025318,-119.34178401003388,40.27619848875154,-119.31950883121124,21,5,1,3,15.94,18.239850000000004
4.86,39.47073636221661,-92.117557186764,39.51717905411337,-92.1208956778322,19,2,2,3,8.18,12.720799999999997
8.07,40.08983913105176,-94.91794833655746,40.09059860339072,-94.95597740484276,4,11,1,2,18.27,18.269799999999996
3.42,38.00280514750207,-119.5914420913128,37.96161153922397,-119.6047255959206,13,15,1,6,8.2,8.207499999999994
5.46,40.3489561933366,-86.05603656865034,40.395053164624784,-86.06761885440581,9,19,1,3,15.71,13.124050000000002
6.63,37.27998239307951,-92.69517246624414,37.27669337038112,-92.65746961857732,15,3,1,1,10.81,14.909150000000006
0.93,37.22184118092858,-118.45159192236338,37.17209069947346,-118.42252264670512,15,31,1,1,6.42,4.556750000000006
1.1,40.18842202720428,-119.00513649077216,40.16970825416277,-119.0082603344954,19,16,1,0,4.54,4.769350000000003
12.76,40.31954352135929,-82.93320914131876,40.27842880697302,-82.94511927126652,19,20,1,4,16.58,25.279799999999977
0.98,40.95575062232519,-74.5726209361137,40.940965780364685,-74.58176955359427,19,16,1,0,4.47,5.054349999999995
9.42,40.08035906614765,-113.04944300606572,40.06441757531657,-113.05389063559954,12,16,1,0,21.67,22.114200000000018
4.28,40.71023143638114,-93.88530488318422,40.75745903759458,-93.8491518344638,17,16,1,0,12.73,11.189749999999997
6.73,38.07858602671007,-102.68708982202254,38.034372045423055,-102.71020724018096,15,29,1,6,14.01,15.426649999999997
6.2,37.05232810416062,-112.96610841968064,37.04065411761712,-112.97710706071152,20,26,1,3,15.33,14.749300000000005
8.8,37.654395616983976,-94.55973987753624,37.67326068029732,-94.52356467499251,8,1,1,6,22.21,20.583099999999998
5.93,40.69605165052516,-75.38636327073647,40.74282836556792,-75.38141849149636,17,28,1,5,12.47,13.683550000000007
9.91,39.95434850978998,-94.18161679360512,39.94574624599512,-94.20521792885567,17,22,1,6,19.06,22.34705
12.44,40.94153901321798,-103.03121454308597,40.89937492272561,-103.0511237930284,22,22,1,6,28.6,24.516999999999992
7.28,40.58092083863392,-76.74982052173586,40.62425365467922,-76.72611474911363,19,2,2,3,15.58,15.586100000000004
8.51,38.362809045221205,-82.67719065912334,38.3181794068537,-82.66963614440235,1,7,1,5,23.93,18.409549999999992
10.51,39.48608584759161,-115.2648268455087,39.48605587732854,-115.27040095972724,20,15,1,6,20.63,22.650600000000004
12.32,38.4419799408147,-82.58346731294827,38.4859115964771,-82.5679726635484,9,10,1,1,19.97,27.881099999999993
10.04,38.552318890821226,-102.41787690055762,38.55178823292589,-102.39268774467472,18,25,1,2,17.72,22.96850000000001
10.62,39.87073920655348,-84.60479891544065,39.916007559137945,-84.56005197191678,6,9,1,0,21.21,22.856850000000005
6.77,40.1619737966612,-113.27171704820888,40.117165101449295,-113.27533633278034,15,11,1,2,16.38,15.415699999999989
6.48,37.08482669553104,-119.25495582336283,37.049328087664094,-119.27218078664336,1,22,1,6,13.25,15.642949999999999
5.26,40.877406758186304,-75.77471322035959,40.91148031370937,-75.78823112557679,16,25,1,2,10.01,13.0675
7.38,40.18269090574003,-79.50533573097731,40.171466635068185,-79.52046016672861,2,6,1,4,20.55,17.42615000000001
9.42,39.07948894829845,-118.28092847381154,39.03980814392309,-118.31206859459004,7,4,2,5,25.01,19.799349999999986
3.41,38.26068050771917,-82.37911890656224,38.29767080205427,-82.37010808500344,16,31,1,1,7.55,9.593750000000007
4.5,40.09944324848187,-111.21277420016898,40.12267123488656,-111.18169013205176,21,26,1,3,13.24,11.653799999999997
10.56,37.89125541269451,-103.76131101286694,37.90491886038333,-103.7414894036738,5,1,1,6,16.05,21.40510000000002
11.06,38.7539433860286,-82.01656773271917,38.75534646793109,-82.0529690400592,12,4,2,5,18.08,22.657549999999986
5.1,38.57213554374111,-120.84685241334776,38.580542392551095,-120.87422684384497,5,11,1,2,13.42,12.414250000000003
13.14,40.5984200678868,-113.43780097275882,40.632678764597046,-113.40610338662178,5,2,1,0,27.57,27.32394999999999
9.34,38.22424307156811,-79.19892846801822,38.25783721860993,-79.16458646846597,8,29,1,6,16.37,20.873400000000007
6.04,40.0687001164253,-94.02496605254365,40.06468060858065,-94.05334852062867,11,14,1,5,12.7,13.910649999999999
6.47,38.44245305141864,-93.14307590939578,38.46429225987019,-93.16429757614316,20,17,1,1,17.83,15.250550000000011
7.71,37.19828929563938,-110.08903667622,37.17079116846436,-110.071111156321,8,13,1,4,13.15,17.18810000000001
4.39,38.041504860221934,-90.7910118860743,38.02620085387152,-90.8095176108222,6,2,1,0,12.04,10.8057
4.57,37.67264131049286,-98.5892019563647,37.62610317080519,-98.57309547759289,18,2,2,3,8.28,11.588449999999998
3.83,37.28782672795174,-107.31231400219058,37.31495564550488,-107.27620675948192,17,10,1,1,7.52,10.308449999999992
2.82,37.02483661703761,-79.18773488882113,36.99169100685134,-79.18684344427372,8,14,1,5,7.22,7.5160499999999955
9.65,37.13191509420592,-90.81531557631538,37.17638359331206,-90.81092759540068,20,20,1,4,22.55,20.959499999999995
9.63,38.15643613992604,-105.99747760097766,38.139773968145086,-106.03843401703315,19,12,1,3,17.33,19.785
1.35,40.3655604441318,-106.4474413385578,40.39684465956487,-106.47940109643386,4,31,1,1,6.19,5.861600000000005
4.6,39.35878954426185,-117.27416504900192,39.346232769779874,-117.30806645119102,4,2,1,0,8.4,10.594750000000008
0.37,38.25908329527197,-93.4971337168045,38.21846333575303,-93.50179371260415,1,1,1,6,5.22,4.2968500000000045
13.17,39.101135862540445,-87.84078118951956,39.136856028346216,-87.8430318413439,12,14,1,5,34.39,25.757450000000013
1.23,40.26851009891661,-87.8443292740511,40.24371335516983,-87.82537497001047,5,1,1,6,5.36,4.930900000000003
2.32,38.17359628848477,-101.40766384034109,38.16735877292001,-101.36013231706228,22,23,1,0,5.77,7.13005
9.2,38.95358002152512,-106.52073086979732,38.90924179849725,-106.53324942319736,1,10,1,1,19.24,19.053750000000004
7.68,38.165258434571456,-76.00567880610873,38.20904517664819,-76.04288127314365,8,9,1,0,15.34,17.2311
2.19,39.5018087754538,-80.12291350625964,39.49751200629467,-80.17171129738978,18,26,1,3,7.4,7.009350000000001
4.96,40.45103968519452,-78.67902232011281,40.47929372509534,-78.71712520507069,4,29,1,6,13.03,12.593250000000001
4.85,38.48903907230472,-89.51892108355875,38.52631411830848,-89.47985218564826,22,15,1,6,9.22,11.573399999999994
11.45,39.05389127709966,-75.39711458313573,39.02061141200436,-75.39206235149832,6,31,1,1,27.45,24.129399999999997
7.53,40.58859343138852,-76.39965414471123,40.57991595657688,-76.44516822007539,23,25,1,2,14.33,16.357649999999996
10.72,39.512612189958965,-112.37778738203896,39.4752460018878,-112.33021951698282,16,28,1,5,23.27,23.12345
4.44,39.91564469791375,-73.53251145893009,39.96427882802712,-73.50313548568718,1,4,2,5,10.31,10.378
10.0,40.92834772932296,-118.75463029518708,40.90187183755575,-118.78481257163467,12,7,1,5,13.9,23.60010000000001
5.49,39.90247760296903,-99.4536349451772,39.8806085981676,-99.45365749355102,10,27,1,4,14.47,13.2192
8.6,37.72879674417408,-111.27697506238522,37.71501072768498,-111.26232892383725,16,24,1,1,21.17,19.12554999999999
10.87,37.31023370828186,-120.5659938499579,37.34276308109167,-120.61398305547124,11,15,1,6,21.66,23.129500000000004
7.6,38.804151771300326,-93.38086030203996,38.772786663773125,-93.38656887836127,1,16,1,0,22.44,16.852500000000017
13.35,40.10467090245194,-95.16296696019104,40.13273250451529,-95.1734797524809,6,11,1,2,25.11,25.483649999999976
11.61,38.47757887101189,-94.92953013111384,38.42932035629577,-94.9119041039462,4,3,2,4,19.86,25.418650000000003
3.46,39.390731244730645,-103.20044046675908,39.37546670718525,-103.19215575339108,13,20,1,4,10.59,9.167700000000007
2.49,38.543215683141554,-78.34991500110397,38.54086986610059,-78.34367073427954,10,22,1,6,9.25,7.0829000000000075
7.51,38.66382381880942,-79.10903093287322,38.704450061019145,-79.10472839598418,14,18,1,2,12.63,17.462300000000006
6.08,39.01594452328591,-105.51846884947926,39.02400323185104,-105.51121909675972,3,4,1,2,13.94,13.651050000000009
9.01,40.35679768552707,-90.14457265428332,40.319130390121536,-90.14510580049256,2,5,1,3,18.65,19.57905000000001
5.26,40.0052612240444,-115.30717498275015,39.994008421242654,-115.3241724323082,11,6,1,4,11.34,11.919400000000007
9.38,38.85043273924509,-73.97749915138459,38.87384835782779,-73.98108105292425,7,2,2,3,26.53,20.72695
7.17,39.21236772701453,-78.80573301663398,39.18316778375453,-78.84039661686164,15,17,1,1,12.23,16.01389999999998
5.46,40.71919048950699,-105.39171586662852,40.671352672553965,-105.37236473239383,22,24,1,1,8.06,12.87464999999999
6.47,39.551426941885154,-97.78521176352352,39.59414961599504,-97.8018253624039,5,25,1,2,16.81,14.781000000000008
3.62,38.76203963250647,-109.86718010480531,38.77287277627776,-109.8889427342097,10,28,1,5,8.64,10.119950000000003
2.38,37.79331379705248,-104.35693122079486,37.78991231907608,-104.34612445361468,4,6,1,4,8.18,6.957849999999995
10.97,39.85018830192273,-120.94305164877336,39.87706597787885,-120.93198577919269,20,25,1,2,15.9,23.952649999999977
6.32,37.9618773354811,-112.2670866884557,37.9124466211415,-112.24014835087463,11,19,1,3,18.6,15.023050000000005
8.6,37.76563213977323,-107.18331975507787,37.77472270768292,-107.1461882826612,5,3,2,4,21.81,19.22915000000001
8.21,38.48072064090339,-79.29027630316105,38.47619465731104,-79.25737572489835,9,24,1,1,17.59,18.20750000000001
2.54,39.51256088179714,-90.5536030204533,39.50591899539506,-90.52336977447484,1,2,2,3,7.45,7.289649999999998
7.46,38.58280771056185,-74.19949735520234,38.58214375296393,-74.17933070046463,9,21,1,5,15.6,17.43324999999999
4.33,38.57416708791027,-97.99119034975988,38.605184654042446,-97.96403652441474,1,2,2,3,9.17,11.49135000000001
4.39,38.831415096856745,-93.41314551243488,38.83490900987307,-93.41024296402465,3,23,1,0,9.94,10.498899999999999
8.46,37.16277431156357,-91.0697518004486,37.14002712205644,-91.07222954889816,6,20,1,4,23.8,19.308199999999996
7.75,37.35316276514154,-104.83750285697296,37.31018337356344,-104.81385359312776,16,11,1,2,17.39,16.788100000000007
8.08,38.74636049443543,-99.25407347271484,38.73648415541614,-99.27592939134448,11,2,2,3,16.4,17.928500000000014
6.42,39.316537112202695,-78.97004645163243,39.2905389040837,-79.00678543299402,12,3,1,1,13.08,15.489300000000004
3.14,37.83193832148724,-111.88622220067184,37.86296333392239,-111.84672003151408,5,16,1,0,8.92,8.900699999999993
7.62,40.936011582343816,-118.59370511332,40.93478923691104,-118.56549716889204,6,5,1,3,15.54,16.56510000000001
8.82,40.17482544272307,-104.5816300434283,40.151484346872586,-104.62189107943102,8,10,1,1,21.45,19.375149999999998
8.51,40.126031665381824,-79.67774962279958,40.08373212992115,-79.71846549968039,4,13,1,4,16.06,18.09795
8.54,38.70867352833344,-93.4570871129497,38.72219375656114,-93.4913906677362,21,31,1,1,19.91,18.132950000000008
6.76,37.79986538439182,-109.26153841071688,37.7686023899351,-109.29393173449542,2,19,1,3,12.43,15.343649999999984
5.44,37.36777554608717,-104.14416692441912,37.39389078652077,-104.15654780139172,8,18,1,2,16.76,13.227599999999995
6.03,37.49763768218956,-84.343027447662,37.50970551108953,-84.35556921440553,18,28,1,5,9.04,14.335000000000013
7.86,39.21955314949633,-110.6928212235648,39.24816424931686,-110.72043577832471,11,21,1,5,19.61,17.36159999999999
8.02,39.33041046309916,-81.72707110613084,39.344860449198535,-81.74693213294658,9,24,1,1,15.04,18.817299999999996
9.69,39.08388252745024,-85.27655275596895,39.06005885478219,-85.31382216343782,16,2,2,3,21.1,20.58990000000001
3.92,37.08068971479655,-84.08644925378786,37.124702170869945,-84.11127933205823,13,21,1,5,9.55,10.880400000000003
6.48,38.061270658066135,-97.55606826355982,38.08565329053874,-97.56390930964412,3,11,1,2,18.76,14.874750000000004
4.78,38.61277935661368,-106.74942501146926,38.601987843740055,-106.77013946007084,0,3,2,4,9.34,10.296999999999995
13.59,40.59873997158984,-89.15262296708363,40.55467863784931,-89.11194429957601,2,27,1,4,33.26,29.833600000000004
8.3,39.24627332766217,-90.79202443213192,39.21674129544881,-90.78037680583658,21,11,1,2,20.85,17.9214
2.9,40.57969228889377,-120.850716216087,40.53046253199164,-120.86082298787132,7,23,1,0,10.69,7.61760000000001
5.44,39.67127915269781,-109.6170190023827,39.665029335064816,-109.64514028654848,12,19,1,3,16.98,12.653699999999992
6.09,37.65646853550104,-78.34238284813256,37.666567490349,-78.34732131211408,10,21,1,5,17.04,14.294300000000014
6.89,38.1787557326857,-120.31638201787396,38.20705082542749,-120.33927150706822,9,5,1,3,19.47,15.145750000000003
7.8,38.99569325654895,-84.53203414944309,39.03266748438877,-84.5314532547601,1,27,1,4,15.66,18.839449999999985
10.1,38.882654115229656,-85.79727009846212,38.92362783739765,-85.82904997073344,4,24,1,1,25.75,22.59485
8.06,39.43792573830562,-103.84393427190597,39.47644274049702,-103.85666447454616,20,29,1,6,20.4,17.077450000000002
9.22,40.21513621827381,-96.90806935972446,40.198957401942,-96.94312344361327,14,16,1,0,18.08,20.746749999999984
8.62,39.10137367051937,-82.09873402675728,39.06228321354271,-82.13991129288439,1,3,1,1,16.39,18.724850000000007
5.51,40.44436754799892,-112.68143787149202,40.48146223076464,-112.6613434354515,11,10,1,1,12.89,12.709899999999998
11.28,39.58256608172478,-79.35680779298781,39.53734145436656,-79.36963341167016,1,26,1,3,28.17,25.394400000000015
2.65,39.97998305423128,-114.0240144166306,40.02227095414884,-114.01711464670218,12,14,1,5,7.03,8.012200000000004
8.87,37.76177215726264,-113.7528703768358,37.7732859084616,-113.76830395834668,6,20,1,4,21.99,19.013200000000026
5.92,40.74434113014101,-81.22687944204495,40.71101264674181,-81.25922271055003,3,2,2,3,12.66,15.996949999999986
5.08,37.21706967301125,-101.45636340002272,37.20992638688035,-101.4728766214002,21,17,1,1,10.36,12.55339999999999
8.96,40.57002232259038,-114.73871882598394,40.5597183289124,-114.74251766607296,22,1,2,2,18.55,19.884500000000006
9.21,40.927653314252446,-79.58852778970143,40.88192974612986,-79.59492140181739,5,15,1,6,23.24,21.32215000000002
6.56,37.63366331801906,-112.82634095853638,37.60650513734687,-112.83838512421936,3,2,1,0,14.36,15.286650000000002
6.21,37.17733544399904,-79.81040239829869,37.1795970230865,-79.81786204441013,11,18,1,2,15.53,13.888350000000012
6.38,40.3928654670462,-116.00956239433404,40.43861520063058,-116.01192901155964,15,6,1,4,11.07,14.553950000000004
12.72,38.86008032815961,-83.68568912135581,38.89595698574042,-83.70340722189684,6,7,1,5,31.08,26.406
9.34,39.2739499367063,-119.59194774959045,39.23030811926833,-119.57738345391002,0,1,1,6,17.28,19.947399999999995
10.46,40.92892084946992,-74.14112399712715,40.95070902498718,-74.1010425073195,12,15,1,6,14.42,23.328450000000007
5.01,40.64168801430815,-99.2220119028358,40.633566124084616,-99.26319785716238,3,17,1,1,13.52,12.618400000000008
7.97,37.87199593470597,-91.14633971912824,37.83731289017926,-91.18548161898369,17,1,1,6,11.83,17.11349999999999
7.39,38.71034680523886,-87.64273873063013,38.71447568917132,-87.6472499915415,21,13,1,4,19.58,17.097750000000012
6.22,39.20462578761996,-102.54279434793068,39.23966827180404,-102.5230573346504,18,1,1,6,18.15,14.216399999999997
6.43,38.62954865714492,-120.64647250779043,38.59587603438762,-120.66374702836517,10,28,1,5,13.46,13.78215
11.65,38.74998627712373,-108.29587439248564,38.710831731509785,-108.27073279436692,20,16,1,0,17.35,25.409700000000008
12.96,40.37640888089389,-104.8866814826898,40.33469054644995,-104.92270536449196,10,26,1,3,25.03,27.40219999999998
10.57,40.10216635259669,-84.30250170602201,40.12671683164171,-84.33009004599761,0,28,1,5,22.98,22.732250000000008
6.94,37.162419142090734,-121.52860947308034,37.11666884630432,-121.49587738560317,5,14,1,5,17.23,16.456550000000004
4.61,37.32490203180971,-99.83126477261342,37.305047614711,-99.8286833598538,1,7,1,5,8.84,11.613099999999982
6.28,37.226191095982365,-78.581344372324,37.19235778976234,-78.5749254794255,2,9,1,0,13.65,14.286050000000015
7.66,39.58633881745544,-76.48382297626728,39.58678532366543,-76.46208492973821,14,26,1,3,18.37,17.086849999999988
6.4,39.56453845635709,-85.94103142822848,39.57163000087264,-85.93115241375538,17,6,1,4,11.87,15.16830000000001
9.26,39.82013614083992,-116.5697100272845,39.86130478468347,-116.52109222828533,19,20,1,4,21.12,19.189849999999993
5.18,39.76598770261654,-116.43158851255836,39.74985320693055,-116.38435022281476,12,5,1,3,14.93,12.32955
8.66,39.77071246460151,-100.84132293641436,39.73106441780149,-100.85107453095571,3,8,1,6,16.59,17.50865
10.2,39.51705958666329,-92.3603848328244,39.48007751627051,-92.40471728488308,11,2,1,0,26.54,23.115049999999993
7.92,39.38343534850598,-117.45937755613348,39.41504589791216,-117.44348649937136,16,4,1,2,21.1,17.421850000000013
11.29,38.39073638391429,-98.0418875621342,38.36717813550686,-98.03565959366526,12,19,1,3,17.98,24.565649999999994
7.55,39.36273678541493,-76.15864674695095,39.32665059552962,-76.1503498148945,6,22,1,6,15.85,17.59464999999999
4.45,37.43806607553413,-116.1119692756323,37.41054672386183,-116.1445572410286,1,14,1,5,10.88,11.841799999999992
5.23,39.13525537887653,-83.97824043411256,39.17392281398453,-83.98701587634481,11,21,1,5,15.23,12.631450000000006
10.92,38.01804586969679,-119.28011428693895,37.96999136520339,-119.26757904116975,2,21,1,5,30.04,22.742449999999984
5.55,40.95721326425008,-107.15743512692116,40.989338176362224,-107.13837234804711,20,20,1,4,15.24,13.740500000000004
5.5,37.2795635421716,-113.7720730004924,37.290416002833375,-113.73389328849844,1,21,1,5,16.46,11.408400000000002
9.67,40.12781056019693,-74.52776633380279,40.09466210311785,-74.50363432493491,5,2,1,0,22.35,21.303949999999997
9.92,40.93878249670208,-83.89361222414475,40.90301136798403,-83.93314917259238,4,29,1,6,20.13,22.775350000000017
8.54,39.87174862252006,-115.93787340000718,39.9009992000019,-115.98488791396096,16,2,2,3,23.28,19.896399999999975
5.2,39.312823254079646,-97.97962452269158,39.301068410219806,-97.97103791825658,15,24,1,1,10.85,12.819099999999999
3.08,38.93128976855778,-84.64282323799472,38.908702667707885,-84.65120252537461,10,18,1,2,7.3,8.31514999999999
13.36,37.64746514540786,-112.67177672242424,37.61620063598976,-112.71416320991815,22,1,2,2,35.01,26.13905000000001
8.12,38.66103639881512,-94.49193506403418,38.65243227790221,-94.50875690491804,1,31,1,1,21.2,18.93834999999999
4.66,38.181504272979296,-103.1816431957584,38.22398645226605,-103.2187919584638,8,1,1,6,14.37,11.553999999999995
11.51,39.41956450374526,-76.77461120026209,39.44156645882343,-76.80408787990373,17,16,1,0,28.61,23.24254999999999
10.32,37.340660876369135,-94.17084657212092,37.35966416488699,-94.17521114122256,21,6,1,4,27.05,21.38020000000001
9.91,39.23193053739421,-115.45454513061746,39.28067594179004,-115.46060258233928,21,7,1,5,20.33,20.854300000000002
4.9,38.94482322247144,-116.28169469939238,38.963776952808765,-116.24641244355024,1,11,1,2,11.87,12.257549999999998
4.21,37.9054099813131,-107.20884766595448,37.92750667373783,-107.19008634661049,17,25,1,2,10.36,10.33994999999999
3.63,39.68000143008757,-73.97795488760643,39.714643445801926,-73.99553722277278,4,20,1,4,9.65,9.76705
4.44,37.25872737777921,-103.91658357132498,37.29368253239137,-103.89898127815718,15,14,1,5,14.77,11.2798
5.99,40.25608376300415,-74.68116952684623,40.26962592588909,-74.6589899350342,0,29,1,6,11.78,14.422399999999987
6.34,39.4864828584315,-100.08372774800124,39.52021134410753,-100.11048623968335,12,20,1,4,19.98,14.656499999999994
6.05,38.5586643455645,-95.05546112111004,38.583208969311926,-95.0574263630185,21,2,1,0,9.92,14.954499999999996
4.71,40.23909301431274,-108.60269375358624,40.28592869063335,-108.58922158629883,16,7,1,5,8.64,12.146299999999998
8.52,38.51365676839984,-82.12478485424396,38.549655457205326,-82.12538579234192,22,12,1,3,13.42,18.529700000000005
8.11,37.37129721037888,-121.18362918785412,37.32799070563813,-121.22667386904332,16,26,1,3,14.88,17.754100000000005
9.06,40.652557192143455,-117.66314186951875,40.68610108060128,-117.6709816572204,6,1,1,6,22.42,18.453099999999992
9.26,40.388320473019405,-106.6360721281597,40.36339457084246,-106.63302090512568,18,6,1,4,24.08,18.708050000000004
7.91,39.97670685169958,-86.65056018853002,39.94838822286369,-86.65788063869337,10,14,1,5,12.05,17.420149999999975
8.93,39.45610459479468,-120.84123957747605,39.46156868747722,-120.88143717296424,7,2,1,0,21.63,19.418700000000012
4.9,37.67951911536425,-112.86428270438432,37.7133828392983,-112.90706303130474,10,29,1,6,9.75,12.123650000000012
2.06,40.969038535724486,-109.91271755031336,40.93574515222454,-109.95752887101048,12,3,2,4,9.35,7.260750000000006
2.64,38.773586220778135,-86.58784600974349,38.727532347783,-86.54534200284273,0,13,1,4,6.28,7.434399999999998
6.82,40.83050608711751,-81.00678312527492,40.84254822601882,-81.03275839345152,22,27,1,4,16.21,15.097100000000006
5.53,37.01673283000674,-99.91353107079172,36.99099162380641,-99.95061543113827,17,3,2,4,8.59,12.778649999999976
4.71,40.76988912614591,-109.89768637375607,40.72083660405235,-109.86937008339191,23,13,1,4,13.49,12.244600000000005
3.81,38.82212555192624,-78.97927170596101,38.83583732325508,-79.02600502261467,19,21,1,5,8.83,9.968950000000001
2.6,40.72114900933013,-75.70079491983586,40.69812608881843,-75.71489874784803,13,6,1,4,8.04,7.945749999999999
4.64,40.6082306631601,-112.63307591206402,40.61693801781362,-112.63406928945504,3,10,1,1,15.7,11.565699999999994
3.77,39.89385374409065,-107.13124612898837,39.86198176454538,-107.10707742171088,1,26,1,3,10.7,9.311599999999997
0.97,38.89421921592759,-118.68107065745184,38.883052561719424,-118.65567453303932,10,22,1,6,6.46,4.50555
8.4,38.87035191094006,-85.76957435719592,38.91600407921667,-85.78883943738388,18,2,1,0,22.12,18.693350000000017
3.01,37.66357117107764,-96.98018198613003,37.67816257765802,-97.01883596220392,22,6,1,4,7.71,8.456400000000007
6.31,39.19847614211992,-108.24360734634897,39.23901122099252,-108.24260323507,22,14,1,5,13.89,13.763399999999988
6.7,38.26103907710742,-82.74825538515296,38.23704887172589,-82.71089774353915,21,25,1,2,16.77,15.487950000000017
5.26,37.041362211983376,-116.15921841055956,37.06256727282556,-116.12878951010715,23,23,1,0,10.73,13.638650000000005
5.03,40.01047205511444,-108.32475763945868,40.051530459362326,-108.29077197952785,8,1,2,2,15.98,11.8709
7.24,40.764795273252616,-114.14397632989456,40.7552455538075,-114.1397509965183,1,12,1,3,17.52,16.051800000000004
2.65,38.20088425865073,-82.5251588173851,38.18972811202758,-82.5667806237744,12,1,2,2,9.5,7.467499999999997
1.1,37.32307643792655,-85.05574527508671,37.32405177664569,-85.02863150792837,17,7,1,5,3.54,5.078450000000004
4.47,39.89490617723417,-100.098021590731,39.85906226568021,-100.09328476841496,22,8,1,6,7.56,11.435550000000012
6.15,37.14820201279951,-95.28775321252635,37.15244257739026,-95.27518011806886,23,29,1,6,17.41,14.233950000000009
7.23,38.584680054617984,-111.19281417568864,38.63107040596558,-111.23641321882396,5,7,1,5,19.94,16.16510000000001
10.06,37.77666744570783,-113.94178225464604,37.77416027328045,-113.97210283787877,16,4,2,5,17.85,21.343200000000007
6.33,37.77843634963249,-81.93247787330039,37.79625114492653,-81.94433574908302,4,7,1,5,18.94,13.858600000000008
6.52,39.73342727036726,-73.74695509765886,39.73636446692336,-73.72294645161477,22,1,2,2,17.53,14.612099999999998
3.61,39.12115383883205,-115.1025603539978,39.10371437910113,-115.07832405177838,10,22,1,6,6.84,9.38355
7.41,38.573517463639725,-106.32329276974389,38.53051848788447,-106.28856938017496,5,4,1,2,19.12,17.715850000000003
4.31,37.76164221102902,-78.1987015595974,37.7920040846694,-78.24082707172003,13,25,1,2,14.62,10.874450000000008
6.9,37.0009176202439,-107.80717222586512,37.02495806404188,-107.7771812590149,15,15,1,6,15.16,15.91140000000001
18.42,38.79385587219837,-93.06314010605408,38.78161804842127,-93.03841913815609,21,16,1,0,24.22,42.27110000000003
2.27,37.82426344210942,-102.60189831511786,37.78587902423718,-102.55316620668178,6,25,1,2,8.63,6.870600000000004
9.98,39.0362919169275,-103.41072731032514,39.01743838429677,-103.44724734314862,8,7,1,5,20.5,21.386750000000006
7.22,37.41807068036805,-107.5425445477945,37.45033100997595,-107.58942429373916,19,4,1,2,20.02,17.897249999999993
3.88,38.31368071268599,-114.595088896434,38.30078410802433,-114.56607634796426,6,21,1,5,11.66,10.677000000000005
10.87,40.78788220344333,-121.48252719852093,40.739629230673344,-121.51036684285154,23,26,1,3,21.47,22.02215
11.67,39.7662975469221,-81.33959094159674,39.74044622781666,-81.386259096931,10,28,1,5,27.55,24.550849999999997
3.61,37.83482862142864,-89.1193362084683,37.838443072078846,-89.08354650915363,1,4,2,5,8.08,9.612100000000012
3.45,37.80003410691397,-82.9192537392669,37.80924429685681,-82.88451251203433,20,2,1,0,10.0,9.0358
1.18,38.00475957036582,-114.1026993835062,38.04967228927488,-114.099156656057,9,23,1,0,5.03,5.449299999999998
5.77,37.56098477405832,-103.96275507789946,37.53225371154589,-103.95113577339905,2,16,1,0,9.97,13.6065
0.19,39.863995277810105,-93.48453850979348,39.835102358204,-93.52501835486169,17,29,1,6,2.48,3.0274999999999976
9.19,40.61991065765616,-113.25511627345932,40.59789480818515,-113.26803959657208,6,11,1,2,20.54,17.862249999999992
10.87,38.15247465518701,-113.7962936058342,38.18594408413617,-113.83288444846046,7,7,1,5,18.96,22.938249999999996
9.03,39.3411395989763,-73.32480123880632,39.349035010511365,-73.36527204413288,3,28,1,5,25.01,18.883249999999975
10.4,38.05118828046688,-112.78466635164106,38.041426312270616,-112.75448382166152,2,29,1,6,22.73,22.968000000000007
5.38,37.960531673272655,-99.68719689291764,37.93181426491239,-99.69003548382516,9,2,1,0,10.74,13.048850000000005
3.4,37.20976173924619,-109.99523960507922,37.22704327006259,-110.02699054103716,4,11,1,2,9.97,10.201450000000008
4.43,40.13214923004837,-89.99307041019453,40.08786901787701,-90.02346277842962,3,3,2,4,9.48,10.736899999999999
3.62,37.914146097450434,-103.42031101453875,37.881026967962434,-103.45362446875568,1,3,1,1,8.63,9.4481
5.28,39.50472594408638,-101.22072075980512,39.48666797445793,-101.23988416596816,3,19,1,3,13.05,12.212150000000008
3.06,39.461878329147616,-103.84652151636638,39.42579198400775,-103.89651842834375,16,10,1,1,8.79,8.823899999999998
1.71,40.35126435367593,-110.34872629293022,40.366932298536746,-110.37151341246184,20,4,1,2,6.55,6.454049999999996
4.2,40.60633231585195,-109.31216744542336,40.584051389701806,-109.32534509283896,11,28,1,5,11.19,10.06269999999999
9.56,37.11455766202928,-99.77119750724846,37.14911880230278,-99.74423851471336,18,26,1,3,25.76,21.89320000000001
4.9,39.01770795312019,-73.55996811175535,39.048041523533314,-73.57783276665015,1,13,1,4,14.64,12.548299999999994
5.93,38.75286755602254,-93.97803125069974,38.755014701413344,-93.93970962475773,1,2,2,3,13.68,13.93590000000001
9.04,39.198368970054105,-96.45294436815983,39.17367136898854,-96.486677812493,14,4,1,2,16.75,20.497150000000005
2.26,40.02071052357582,-115.73460662921924,40.05769102699842,-115.74327461064637,1,6,1,4,6.98,6.740900000000002
4.6,37.951403342277565,-115.41745736830067,37.94293707747909,-115.45566562861016,16,6,1,4,12.87,11.849699999999995
6.75,38.0586642556227,-116.83575430238228,38.03182631409796,-116.8675179110196,6,13,1,4,15.79,15.506199999999996
9.94,38.2226868405072,-88.31409593947083,38.22909928790561,-88.29402202560499,7,11,1,2,13.76,21.828549999999996
1.27,37.384843782992654,-73.39197135485068,37.33639993396488,-73.37080726459259,12,27,1,4,5.16,4.9250500000000015
7.88,38.95334002738706,-92.79895533888654,38.92067869056795,-92.80636257553849,4,15,1,6,22.51,18.02200000000001
4.43,37.67085140294337,-89.79011560141242,37.670761630613455,-89.7629545314757,15,21,1,5,10.57,11.707700000000003
8.12,38.397225826617074,-115.59038608168156,38.42282710387915,-115.5662625821524,15,15,1,6,15.76,19.37485000000001
8.79,40.75023274518888,-107.50689465465004,40.78821636681992,-107.498715862981,21,19,1,3,20.75,21.134599999999992
8.84,38.01041417894556,-121.47190179543804,37.96634397367149,-121.4289322396934,6,10,1,1,21.31,19.046800000000005
9.28,37.39985466911534,-117.8064381237856,37.43183955281147,-117.79346676715936,17,7,1,5,25.03,19.24780000000003
10.81,40.42783053837383,-99.82150115965536,40.47403711248761,-99.8713323692784,19,8,1,6,25.6,22.346700000000013
11.13,37.7623568405204,-121.90627461099336,37.772638105298135,-121.86135883242896,21,1,1,6,20.97,25.811600000000016
6.72,38.69670719068161,-73.05465180110673,38.65015875774107,-73.03438844720286,21,30,1,0,15.51,16.515950000000007
9.78,39.18992431157354,-99.02858378301912,39.21968898165107,-99.06938441974609,21,7,1,5,19.28,19.095000000000013
8.73,37.21213806107684,-96.77186443380332,37.21481755383733,-96.78018568065508,15,17,1,1,18.78,19.821200000000008
7.97,39.26176109915497,-118.63419813444328,39.30703609270572,-118.6668989768849,11,13,1,4,13.9,17.340999999999994
7.81,38.56809229143264,-95.34550531476944,38.55155620022597,-95.3371730424251,4,18,1,2,17.97,18.001800000000003
7.88,38.48605067624226,-73.55134126392545,38.46142576400729,-73.5111830057593,7,2,2,3,17.19,16.983650000000008
8.71,39.27602371754372,-92.8055566826389,39.26760734052938,-92.80296578539122,7,26,1,3,20.64,19.46895
3.55,39.94398592354099,-116.58656315915746,39.960420831013664,-116.57702987337136,21,31,1,1,7.29,9.6292
3.24,37.27275909519727,-99.29524310049403,37.26222127655082,-99.270431277608,22,5,1,3,7.98,8.447949999999995
4.33,38.186701443058745,-91.59550083954318,38.19577668420615,-91.6260809256545,18,7,1,5,11.57,10.413099999999995
5.51,40.60114703057632,-104.80420639622427,40.65037976099303,-104.81551903124344,7,2,1,0,14.84,13.157099999999996
8.11,40.78924570950008,-80.38805194228213,40.82221861454184,-80.33844488858064,8,4,2,5,11.92,17.586449999999985
8.1,39.75409226082402,-77.75575241982799,39.76186167150624,-77.72580772081959,12,16,1,0,20.38,17.980499999999996
4.24,40.33472685677691,-120.37717982596116,40.36257303595465,-120.37247320874636,3,23,1,0,7.47,10.201349999999998
6.61,39.24984998442459,-81.53265525438984,39.22558499827043,-81.48649411752888,17,20,1,4,15.0,15.928950000000016
5.2,39.43828379760088,-121.15728292137588,39.47388688246448,-121.1291061172486,12,2,2,3,11.86,11.644750000000002
7.99,37.79642352983488,-116.59608150386195,37.822983817346426,-116.55861372648616,3,31,1,1,15.14,18.763799999999993
10.69,39.33875068040974,-109.00078374185476,39.32453285999278,-108.96591680492962,11,2,2,3,21.01,22.252700000000008
4.97,40.28575626905112,-106.79821571300504,40.32908280575745,-106.81117090973883,0,30,1,0,15.28,11.789150000000014
6.82,38.69731079002051,-102.15497604664644,38.72748814077727,-102.13167520829757,23,30,1,0,13.74,15.196750000000007
4.63,37.15354404921519,-94.6312497016708,37.18045462294632,-94.58722365531212,13,15,1,6,11.36,12.276000000000002
8.53,39.86404311066679,-102.74888682812724,39.85038666911039,-102.70192578741792,12,16,1,0,21.74,18.53960000000001
5.84,38.06673575225158,-86.53751580267544,38.04151165161936,-86.56482840771174,18,14,1,5,15.83,13.369600000000005
9.5,40.26698497627351,-77.66421538949905,40.25529774037173,-77.6891154958309,16,23,1,0,19.81,22.1152
9.84,39.075099669370175,-113.98292164889985,39.07426433996765,-113.97667148287434,23,28,1,5,17.5,21.17395
7.76,40.54686049144825,-74.58302134727057,40.583540816159214,-74.55754185564616,9,3,2,4,23.79,17.453650000000025
4.6,39.68292484810394,-79.42215261663176,39.64296263773228,-79.42301058510142,22,2,2,3,8.87,11.148950000000003
8.27,39.22174578054872,-103.3334825071664,39.23879876716613,-103.36932369489556,10,18,1,2,20.23,19.32755
13.15,40.11809205501812,-108.10867646349314,40.07741666084588,-108.14442131371506,11,23,1,0,32.28,28.42324999999998
7.67,40.76948107290619,-110.11859589135834,40.764700241466485,-110.0959364511138,0,22,1,6,20.26,17.032250000000005
10.73,37.510250746783534,-96.53732838718426,37.50551010887661,-96.51289523876105,8,13,1,4,28.76,22.18795000000002
4.77,40.44841496468919,-120.49269302661968,40.44508511796185,-120.46788635693282,23,18,1,2,8.62,11.457599999999996
8.78,37.56141655813684,-90.3338915424801,37.552093713321575,-90.3602503670544,23,17,1,1,24.98,19.61925
8.08,39.38695694553288,-84.97085657390022,39.42775892194661,-84.96497967416006,8,31,1,1,17.85,18.92379999999998
7.9,38.627156611711584,-83.98250241237717,38.63319324808412,-83.95868081781806,15,25,1,2,17.86,18.1692
4.68,40.18344862690128,-94.72542278136324,40.1871071345987,-94.72237974881816,22,4,1,2,12.33,11.422350000000003
3.51,39.52966520716304,-74.65695520481772,39.56665735378069,-74.64804622183684,5,24,1,1,12.23,10.103950000000008
6.12,40.04352686854611,-98.0580629927102,40.00879453497283,-98.04633606145822,10,3,2,4,11.63,13.77915
12.19,40.56168401365561,-97.10132937893952,40.57049169470236,-97.09405899632516,10,10,1,1,18.09,26.397899999999982
5.34,37.37010280016703,-118.76072208716587,37.407024591977546,-118.71353616085722,9,3,2,4,9.9,12.4925
5.65,40.71182375040431,-97.46411585685712,40.71719354177918,-97.43642096617002,4,27,1,4,12.51,12.351549999999998
9.93,37.387710209283405,-109.2763464413021,37.41147058020061,-109.27368842709257,21,20,1,4,17.38,20.975750000000012
12.4,38.89575998016909,-103.00442600808626,38.885836943178944,-103.0301949586404,16,30,1,0,27.75,26.79210000000001
10.25,38.09411870634183,-86.54302005240248,38.10010062524092,-86.56680078882503,2,15,1,6,18.86,23.471949999999982
3.78,38.65836181406943,-77.52985195017116,38.69568807443468,-77.51295077610605,8,30,1,0,6.95,9.509399999999998
6.95,39.36508814932263,-102.53562149068144,39.345871294124045,-102.48709139999228,13,31,1,1,17.24,15.584849999999987
7.17,39.42074363999089,-88.44043379581643,39.46968731247692,-88.44406769612839,22,17,1,1,18.51,16.286000000000005
11.11,38.195323347516094,-118.0717529549681,38.17307365124271,-118.0833516323095,21,14,1,5,26.13,23.359500000000004
7.73,38.825999361471474,-103.81510449233843,38.822395452104665,-103.84527571177055,6,13,1,4,18.77,17.508899999999986
6.56,38.3858643846707,-103.25845976564445,38.36182256572019,-103.29926999623876,18,4,1,2,11.16,15.440849999999994
5.61,39.75686157577879,-83.26635064865764,39.74851408012294,-83.27340136994366,6,3,1,1,15.32,13.418499999999993
7.07,40.74034893056364,-86.99104712680558,40.77315501431894,-86.98807570002135,23,13,1,4,15.27,15.588300000000002
4.41,38.08744368480015,-91.23443549211883,38.039388727135176,-91.26350182194636,15,1,1,6,8.1,11.855250000000002
7.67,38.22905140219479,-119.35538943374102,38.22887116890357,-119.39786276084698,9,14,1,5,17.56,17.172749999999997
8.5,38.72204831066592,-111.08161731314752,38.683730801815926,-111.08897054157929,14,21,1,5,13.18,17.956000000000003
4.75,40.50325034372705,-103.9797778745766,40.5526226425072,-103.99820140777624,4,24,1,1,13.04,11.491350000000002
6.68,38.72045169113512,-76.26267761658741,38.675589219137855,-76.30652415190906,0,26,1,3,11.52,15.482349999999995
4.89,38.145398116817006,-119.6819012301064,38.117091402265366,-119.72539085435872,10,1,1,6,8.78,12.563300000000005
2.47,38.44129574724427,-105.06923258166812,38.414099275173626,-105.09810426110384,1,7,1,5,7.37,7.409949999999994
2.51,38.28559802300022,-88.68394866007202,38.243141217998286,-88.69320900826183,4,9,1,0,8.01,8.017249999999999
9.14,38.481310125399496,-80.75328002772383,38.44921631303217,-80.72191910947747,3,4,2,5,19.76,21.135350000000006
6.34,38.04749053112925,-83.67687676296075,38.09479216875393,-83.71790800001153,20,17,1,1,14.61,14.918850000000003
4.5,39.10185972581229,-119.1844388239549,39.08949141927613,-119.17314409485688,18,9,1,0,8.31,11.4094
3.97,37.82374816014638,-106.81216591431858,37.81975425124161,-106.76449120807423,11,12,1,3,13.35,10.624249999999995
5.46,38.8509618369236,-121.6041103650116,38.88907971549982,-121.56423392728573,22,1,1,6,16.54,13.348100000000013
10.03,39.22514031725937,-106.33717632107928,39.26110493538052,-106.2932210687648,12,22,1,6,21.79,20.304499999999976
5.26,37.77114397708585,-93.8942865169724,37.783502216206216,-93.8743019345051,18,27,1,4,12.05,12.217199999999986
8.3,39.41409614419204,-110.78420774662992,39.44242938020405,-110.82106812309397,2,19,1,3,16.57,18.971499999999995
6.88,40.08806459114433,-118.81660084111968,40.06284881969928,-118.84065250668284,1,28,1,5,17.64,16.079850000000008
6.63,38.15771377076087,-76.51851946781885,38.16909052835728,-76.49642657545026,6,18,1,2,15.0,16.225699999999982
11.27,37.67108739628291,-85.91969059521105,37.64100216824903,-85.88564171042042,23,18,1,2,30.77,22.71735
7.66,38.56070933468026,-80.38623366353917,38.57265399923927,-80.4121646290463,22,18,1,2,18.15,18.336849999999995
5.94,38.176730235413046,-86.81503531298816,38.204379643596376,-86.85214064207499,3,18,1,2,13.51,14.412850000000018
5.41,40.25421611154873,-111.137583230006,40.22961752207961,-111.1789100859619,10,15,1,6,15.02,12.596199999999989
10.68,39.93792400797324,-110.190393815751,39.9636745939137,-110.22560248122116,11,2,2,3,28.39,22.059400000000018
7.33,38.87770865467999,-87.20432026953233,38.86918564747385,-87.21174224299726,15,5,1,3,16.83,16.68275
6.35,38.137336718459125,-85.61987512885165,38.10695861520866,-85.64428276840182,11,16,1,0,14.27,15.19315000000001
4.67,40.77054759540513,-91.7193388792134,40.76476094422349,-91.72369084377848,0,12,1,3,14.5,11.268899999999999
8.12,38.28068303882074,-73.87443378569003,38.32264438122765,-73.88336747101708,12,2,1,0,21.07,16.64514999999999
9.37,38.07840406622019,-115.00571845726463,38.065119725293656,-115.03843648268086,12,20,1,4,16.88,21.34734999999997
5.01,38.78437377039064,-105.63442438164336,38.79985446147525,-105.64255782540393,4,7,1,5,7.53,12.1977
6.51,39.44925920780153,-96.83376223665192,39.43690336180915,-96.7921498232336,23,4,1,2,10.25,16.61239999999999
4.74,38.6070439536045,-83.38042097929733,38.63589661342844,-83.37425005419047,4,31,1,1,11.26,11.136549999999993
3.21,39.68043136858234,-114.81146447152908,39.705314040928464,-114.8364923508797,11,18,1,2,8.96,9.003499999999995
7.73,40.56257882336798,-81.96019996574003,40.54290113950325,-81.97818764624827,3,29,1,6,17.44,17.056599999999992
4.29,37.08980878974629,-112.825716345867,37.11749267768796,-112.86077895281656,16,30,1,0,8.11,11.00635
7.26,37.8813436308949,-111.18611070937764,37.85639320423185,-111.1806874872304,20,18,1,2,14.21,17.865999999999996
3.96,40.03885552963774,-104.29925034864831,40.009117474050335,-104.3062025797704,17,19,1,3,8.3,10.389050000000008
7.4,39.98448654911638,-101.77516333856256,40.03067989696716,-101.7379537689862,4,29,1,6,20.73,17.086199999999995
12.33,40.38134042570451,-100.24359438788616,40.34544826538633,-100.2438380984182,10,17,1,1,32.49,27.912549999999978
3.75,40.76196596104389,-113.1801724925175,40.763966286721576,-113.20495892647412,9,7,1,5,11.67,9.309449999999995
8.18,40.76926179413861,-120.23450296570496,40.76291123030764,-120.25238630238393,20,13,1,4,22.08,18.970949999999988
6.37,37.04313398418138,-114.61606924706844,37.06412013313346,-114.62974974040634,15,6,1,4,11.67,14.525549999999994
6.77,40.84973302091432,-92.93430228584016,40.86254368564587,-92.96555658126005,21,10,1,1,17.92,15.560800000000018
3.15,37.47939559041921,-73.09432117237472,37.47528166188456,-73.10637452129521,7,8,1,6,10.17,8.7254
9.43,40.68303245636325,-92.08550959583803,40.68304941033029,-92.09220948664628,1,14,1,5,15.93,21.178399999999982
9.49,39.09151924194128,-115.78625538976796,39.04930949141539,-115.74116019354956,14,28,1,5,20.85,20.045000000000012
5.12,37.56295698879087,-101.99080712703702,37.54647106914909,-102.02585800960476,9,7,1,5,15.17,12.340999999999994
7.06,40.56249780959436,-73.52138461134284,40.58290898812202,-73.47861807548513,21,11,1,2,19.06,15.96955
13.8,37.26343875523,-110.5233600444699,37.30631090315868,-110.5452704110346,6,1,1,6,20.83,29.908400000000015
5.67,39.21187442458605,-80.94949997934027,39.24822273829008,-80.95273414453537,20,8,1,6,13.59,13.778750000000002
9.51,40.9317735090703,-79.26624846046016,40.95088793851447,-79.30043796150535,14,16,1,0,25.22,19.828449999999997
11.84,40.25425212753597,-110.57616653240711,40.20552375699869,-110.58909639968007,6,3,2,4,24.06,24.792799999999964
4.59,40.28635400629296,-117.06229486319378,40.27543215876446,-117.04202505281684,15,10,1,1,14.15,11.822749999999994
7.74,39.42377724716188,-80.2719080381523,39.47053533504384,-80.29449199061975,8,24,1,1,13.43,18.495850000000004
9.06,37.93753226224809,-113.6157612041209,37.91611002626379,-113.578420182989,0,30,1,0,14.68,19.69764999999998
4.88,39.97898953500722,-91.7558726566553,39.94363164674634,-91.7709836092522,7,5,1,3,11.45,11.241949999999997
9.37,38.71353434826588,-119.5811218237219,38.66924480508169,-119.58737023306384,21,3,2,4,18.11,21.631450000000005
9.26,38.520954376970806,-120.1721156680618,38.560057081096936,-120.15250175759284,0,18,1,2,18.67,20.280600000000014
3.67,40.79126085333552,-89.8485621195551,40.82430716360252,-89.85712269378585,18,19,1,3,9.78,9.735749999999992
6.25,38.94700877224854,-117.3920180415156,38.92878967214642,-117.34367325517088,17,10,1,1,16.82,13.917749999999991
4.57,40.99630370526248,-107.57403183916333,41.02752879361454,-107.61925688261056,10,4,2,5,13.15,11.609100000000005
5.51,39.517730167863526,-102.6308385383779,39.55869793358559,-102.65951245929452,7,4,2,5,16.03,13.538100000000009
6.75,40.70513759175438,-85.95027535774824,40.71796945375244,-85.93513688975357,11,6,1,4,16.6,15.61384999999999
3.52,40.21685557672308,-83.52438538308166,40.25036974817608,-83.48239570098748,19,17,1,1,7.83,8.783899999999994
7.18,39.54600730811561,-105.31599471722949,39.57193789325846,-105.3296011135138,1,15,1,6,13.84,16.528050000000007
7.1,39.22827611152245,-118.56693003869132,39.20504730096324,-118.61170598956735,14,18,1,2,18.91,15.917649999999998
4.14,39.890399254965125,-87.04090071260516,39.86062888079895,-87.05617389154663,20,1,1,6,12.43,10.362100000000003
9.77,39.32480845980871,-114.24418438407676,39.30474475248575,-114.23790111747736,15,9,1,0,13.47,21.592100000000006
6.65,37.96178504885994,-107.09836928134594,37.9846786593568,-107.08978522887416,7,14,1,5,14.81,15.577449999999999
6.38,38.66202393502934,-117.4568477102347,38.62888001126739,-117.480247950795,7,2,1,0,12.32,14.013350000000003
7.67,37.86668888533573,-94.08012247195626,37.89511827857058,-94.09034767255925,13,20,1,4,12.4,17.791849999999997
5.51,39.12917102476148,-78.70744227936748,39.07961505552407,-78.72921600753678,18,2,2,3,12.47,13.692400000000006
5.81,39.80100894833589,-74.91465884770147,39.8178633093614,-74.87914471286129,0,17,1,1,11.21,12.927500000000007
11.62,40.6431184508661,-103.00854602862566,40.63134771126552,-102.97790341838363,12,3,1,1,32.46,25.317500000000024
8.51,38.8984058068394,-95.99050004756026,38.899439600133256,-95.97901161741258,15,18,1,2,19.58,18.2142
4.45,39.81850180547932,-112.2725970086275,39.83663609310332,-112.29670979813604,17,21,1,5,8.27,10.991250000000003
9.73,38.88937808228842,-91.13134081655248,38.91280599460181,-91.13382740400785,16,24,1,1,16.73,21.25089999999999
5.85,37.110752981402186,-98.4538430285635,37.07780207505179,-98.43605637650516,22,20,1,4,10.07,13.735349999999983
9.03,37.04682983498754,-86.24168110195929,37.084603991224846,-86.19331223789459,20,24,1,1,23.93,19.84719999999998
1.43,38.75411012816669,-80.51861806668867,38.73542352303668,-80.48633360791095,13,27,1,4,5.19,5.334849999999999
1.94,37.33673482271856,-95.52224311043938,37.37647904688654,-95.5659088434549,21,1,2,2,6.13,6.540650000000005
9.44,37.48914345992976,-84.57817398251711,37.50596037401437,-84.53432851507861,3,14,1,5,16.46,20.898800000000016
9.7,38.857510064820566,-79.16302311006129,38.82144947085889,-79.14259576949215,1,16,1,0,20.28,21.79224999999998
2.42,39.56002138341999,-81.16922433715888,39.59759758132752,-81.13677232093337,19,19,1,3,8.94,7.485450000000003
5.06,37.12605772899235,-112.93798098521196,37.11422732883288,-112.9365761624124,16,26,1,3,13.54,12.334699999999998
9.02,38.79716120095551,-93.88904284202248,38.84259486442469,-93.88752293418312,12,10,1,1,26.94,18.802600000000005
8.04,37.274574950811406,-115.97559095546497,37.2352643156811,-115.9423222408173,3,17,1,1,23.32,17.343999999999983
7.6,37.24203034033269,-84.69849457154736,37.21555382727757,-84.74781275510526,6,30,1,0,17.52,16.903499999999998
6.91,39.58675755747792,-110.71534656606372,39.63131502676906,-110.75414439408256,19,7,1,5,12.32,15.214999999999996
6.84,40.08329960331277,-89.76933335236899,40.04761356168076,-89.77983112516937,8,9,1,0,17.43,15.45825
1.28,38.77422795992151,-114.60450996768776,38.74085772843935,-114.62045793460312,6,12,1,3,7.27,5.551049999999998
13.23,37.98133645477768,-115.18749726705134,37.9812660291358,-115.17648140989562,20,2,2,3,23.49,26.551000000000013
5.95,40.12931168058781,-105.62300537510016,40.14822836035808,-105.60824803493708,11,11,1,2,11.95,13.668199999999997
5.42,39.16809250247995,-113.21297950430058,39.17583698567565,-113.1706336813266,3,27,1,4,13.4,12.579099999999997
6.02,37.61247359644021,-108.80209194897428,37.56352663613031,-108.79064848003571,5,24,1,1,12.93,14.803000000000003
9.78,39.20565967023806,-109.92736167529154,39.24510207533992,-109.97379609831152,21,3,2,4,19.23,19.9623
7.13,40.68607146777644,-75.9636087536968,40.6429005837031,-75.97824278024609,22,9,1,0,12.85,16.97929999999998
7.83,37.24251094165194,-110.1136352389688,37.26730151287882,-110.13143168448003,13,3,1,1,13.63,17.28565000000002
9.57,37.00525114919462,-108.4156768772253,36.981388046301056,-108.39188461275027,6,10,1,1,23.58,21.205650000000002
4.88,40.46661945716449,-115.16440209995484,40.431127730378094,-115.13834025995143,3,30,1,0,13.65,11.884299999999996
7.8,37.499332057243855,-117.81088653812428,37.51259111336813,-117.8374073330218,4,3,1,1,14.8,16.86344999999998
6.94,37.98441981100836,-74.21051449418448,38.00330695065821,-74.17989115884477,11,1,2,2,17.98,16.388650000000002
4.55,40.242896289564726,-96.56802055375394,40.280520160694245,-96.6032178024477,18,25,1,2,8.93,11.981999999999989
7.22,40.33497085340198,-106.12335175153758,40.33829503124886,-106.07963361566186,14,6,1,4,13.96,17.02265000000001
8.64,39.08177771859133,-102.74858722360716,39.11227035777151,-102.71035572208037,20,30,1,0,20.34,19.76925000000002
8.22,38.12025782565897,-110.6101632666442,38.092095855703896,-110.65218894328572,3,27,1,4,15.06,18.494449999999997
17.34,38.56556304381225,-112.46065170395376,38.54545460950748,-112.45303433933714,9,12,1,3,34.25,37.12225000000006
11.07,37.401919788942415,-98.605965667311,37.35869051291649,-98.62587589148636,20,2,1,0,17.13,25.165650000000017
3.71,40.11247202270786,-92.18651525547456,40.141257844583215,-92.20198073776986,11,25,1,2,7.83,10.222050000000003
5.66,38.441756832301,-105.97187723930028,38.43652426083866,-105.98897197870473,1,30,1,0,16.29,13.728999999999983
9.2,39.21641096047236,-75.19633316909011,39.21720793065592,-75.1943485754554,1,6,1,4,19.74,20.8525
6.75,38.94714387853292,-114.78285591543616,38.94719150653555,-114.7672670838017,22,7,1,5,13.91,14.099550000000004
5.83,37.67692461464327,-78.84671857102862,37.6732489484186,-78.80658953064828,5,6,1,4,12.76,13.589699999999992
10.04,38.970739117401656,-109.8731860116966,38.9578762510317,-109.84026953221765,9,7,1,5,18.92,19.383849999999992
10.51,38.62283498447877,-77.05953503517685,38.622503906814245,-77.07715218667485,12,24,1,1,17.87,23.387950000000025
7.93,37.62581199275348,-113.79962894454842,37.63867219257971,-113.83799272042408,19,4,1,2,20.02,17.103350000000002
13.06,38.536483561287234,-91.74515033852242,38.56764024246296,-91.77928319246102,13,31,1,1,21.3,28.49325000000001
7.49,39.608361419147954,-89.00105461194283,39.61386420928759,-89.03826607076742,21,2,1,0,14.87,17.172949999999997
0.05,39.004003491969925,-112.2922849497884,39.03933595743664,-112.2570815525582,4,1,2,2,2.12,3.1996499999999974
5.73,37.32782990147885,-109.58039884583629,37.30619897390898,-109.57478983049012,12,2,2,3,14.02,14.368299999999987
8.09,38.61643694922415,-93.40021893106812,38.60148559124264,-93.4346356284476,13,14,1,5,20.29,19.22
11.2,37.1756460061887,-76.49279698459554,37.12771536843769,-76.4684849131901,8,11,1,2,22.93,23.79795
3.93,40.35798911830148,-101.16873215943814,40.370681301159685,-101.1685929604865,18,3,2,4,9.49,9.080449999999999
8.73,38.51251877014157,-80.08947201614203,38.51790043656764,-80.1270386860699,22,23,1,0,25.66,17.689250000000023
8.28,40.39358707072888,-110.0272122168355,40.40103164043671,-110.0758407943266,19,4,1,2,14.36,17.291999999999987
6.78,37.78871768048361,-118.49298303263048,37.82085494017621,-118.52084903843676,10,17,1,1,14.87,16.600800000000014
5.82,40.83510909396219,-73.17096290668076,40.85052816343373,-73.1856323288425,17,12,1,3,10.76,13.903300000000002
6.1,40.93368563591637,-101.2421903551414,40.95202094943881,-101.2569216300848,23,12,1,3,13.12,14.414050000000005
5.31,37.43370845631973,-86.03695397575916,37.44002749244748,-86.07041110296052,12,2,2,3,13.62,12.983450000000005
3.43,38.15210126534876,-87.0247282407592,38.12951667739824,-87.05742882699161,6,11,1,2,9.39,9.007649999999998
8.17,39.342461665453584,-104.04448483254394,39.3866951125816,-104.07160588817922,16,4,1,2,13.92,17.209099999999978
10.44,37.912042832853146,-95.3606949897351,37.95459605347597,-95.37703852480934,7,20,1,4,27.07,23.02029999999999
9.88,38.34712921424871,-89.92084293490697,38.37626447864288,-89.9389960116373,11,13,1,4,15.93,21.729150000000022
10.07,38.48317186671064,-83.55671811477085,38.46368319592485,-83.57223479261657,6,1,2,2,19.93,20.641800000000003
11.71,38.78704567740211,-119.18030424421192,38.83001898909387,-119.17653085078202,6,19,1,3,21.58,25.693199999999987
8.1,38.59019084199864,-82.125084970715,38.63127864608599,-82.14009987225,8,6,1,4,12.28,19.799250000000004
8.12,40.83255036543662,-96.4090698332362,40.845111440388266,-96.43188461692968,20,22,1,6,21.38,18.451049999999984
9.53,40.53079251492351,-106.11953676606896,40.57817499673823,-106.07012416228412,5,16,1,0,26.65,19.9227
9.35,37.67207272177595,-88.99497762324613,37.62373737219877,-89.02087185295983,10,14,1,5,24.18,20.944699999999983
7.6,37.33441095943999,-96.3946048031557,37.33558805137893,-96.3454371570874,22,18,1,2,11.38,16.80064999999999
1.41,38.59480744666333,-95.3991727901584,38.61309287222257,-95.39485281788308,18,24,1,1,6.34,5.404199999999999
8.83,37.550420035063816,-102.08917535264762,37.512889892147165,-102.05806965856569,23,30,1,0,19.99,19.749300000000005
4.23,39.54855721770092,-113.38777076580271,39.51820793427383,-113.39831035509884,0,10,1,1,9.76,10.815050000000001
8.85,37.71444089489729,-112.73288756356372,37.684054810847805,-112.72662703123478,3,8,1,6,21.73,18.755250000000018
13.62,38.82657136600842,-75.63192541809869,38.83134462631856,-75.62328205034133,2,25,1,2,31.04,27.704550000000026
8.62,37.830557406530914,-91.88823155361372,37.81483754234471,-91.93471358703148,1,11,1,2,13.51,18.565100000000008
10.73,39.27312105734834,-82.89286139641683,39.30345051501506,-82.87740819471087,20,7,1,5,23.3,25.155249999999977
10.86,39.97416156477357,-121.85926524178494,39.99349188262624,-121.8364756796069,5,26,1,3,23.95,22.08565
6.35,38.4632016127796,-82.11615774843531,38.46635043973623,-82.152483135932,20,4,1,2,11.62,14.369800000000003
8.45,38.299833524445525,-102.56648758738488,38.26379359581671,-102.58868685303186,13,28,1,5,19.85,18.17205
7.24,39.95198413763906,-114.55178655012298,39.97403782245394,-114.54249153646435,7,23,1,0,19.9,16.631950000000014
7.37,38.11561594819939,-100.79500658788216,38.1527403385006,-100.78162352905176,11,2,2,3,21.03,17.06135
5.34,38.41282091287772,-96.5213193931549,38.417570034681845,-96.55730898329008,19,11,1,2,14.97,13.138900000000005
7.55,37.37498526534748,-88.10966806794309,37.39118657211383,-88.07407534636893,17,31,1,1,15.38,16.294100000000004
6.43,37.02150375496872,-95.5342127259832,36.98956515855636,-95.54990008622228,23,18,1,2,12.97,14.389050000000008
16.81,40.67824500397247,-114.26142853856236,40.69895890717228,-114.2324628660222,0,19,1,3,26.55,32.83189999999999
3.89,40.72112838128272,-101.37279896382064,40.73088106249044,-101.38912086108722,2,15,1,6,9.26,9.859049999999991
9.19,40.25866503883923,-92.46478532446656,40.24976069153143,-92.50448621731556,8,31,1,1,13.3,19.254100000000008
8.77,39.645235200258014,-80.65983947088581,39.63464418864962,-80.64559165413453,3,18,1,2,19.68,19.591799999999996
7.44,40.44215400535275,-92.41522064938214,40.4616828946687,-92.37437079635976,5,30,1,0,11.25,16.43069999999998
7.07,40.89256959132796,-103.1127075382629,40.86094094723049,-103.11140937149666,19,22,1,6,16.98,14.976949999999983
1.21,37.42027647844859,-114.35078680549232,37.40561886009397,-114.38928274804826,23,3,2,4,3.7,4.892150000000009
5.76,40.41574057533246,-118.07717722776448,40.45895890941318,-118.09399277519344,12,20,1,4,16.1,13.127650000000001
5.38,39.29267670624264,-88.30197016150001,39.3093414418192,-88.31500584895453,0,19,1,3,11.95,12.656100000000002
6.97,40.22613063748773,-114.33010626743524,40.23327362440557,-114.29391413838412,2,6,1,4,17.23,16.93935000000001
3.47,37.40374698108913,-101.28633303147028,37.38443077526362,-101.31484614063496,4,4,2,5,10.93,9.916
8.82,39.98891146206783,-79.57347485367043,40.004490428085056,-79.59329849105154,20,1,2,2,15.92,19.947550000000014
10.02,39.70171935148628,-119.87818046397882,39.67323742140236,-119.87843810482784,9,14,1,5,19.12,21.099049999999988
3.68,37.16342177728576,-105.66946857026664,37.12052977779085,-105.69932596685496,2,3,1,1,11.69,9.507499999999999
4.76,37.91000662503412,-96.62938132810496,37.880316129797215,-96.64231859098842,20,17,1,1,12.8,10.832349999999987
5.87,38.07101714114256,-107.72024125223932,38.08480791754124,-107.74637520571396,8,19,1,3,16.29,13.562700000000005
6.89,39.39100430121493,-109.38952373872868,39.3743852382498,-109.35833877017362,0,31,1,1,12.54,15.943900000000015
4.55,37.596961794456845,-115.83274810502748,37.55742218420474,-115.84371117708376,10,4,1,2,15.05,10.992299999999991
11.09,37.62016890061796,-83.40147499924939,37.639813071480255,-83.36683540811464,20,2,1,0,18.66,25.491499999999988
5.07,37.244079915356174,-114.85668052722718,37.23290227398619,-114.81114628372814,8,14,1,5,8.93,12.415299999999993
10.62,39.741076871447085,-113.03089615071224,39.71588312447625,-113.03873143284244,23,12,1,3,19.21,23.05130000000002
3.69,39.0313139359492,-78.30425227256976,38.99612976739861,-78.28026773033395,3,2,1,0,9.97,9.217299999999996
11.18,39.69056156568736,-105.85123678700867,39.69946913302501,-105.80931594372473,0,30,1,0,28.75,20.748749999999994
3.63,37.25545267377902,-108.6901654067796,37.25753404136001,-108.72650476570858,22,10,1,1,7.75,9.940750000000007
10.16,37.96070986090403,-103.69023119172677,37.934075279840265,-103.72724263901692,17,13,1,4,25.8,21.177999999999997
6.02,38.82337661887898,-75.59842692248327,38.79020624627211,-75.64324343436913,2,21,1,5,12.2,13.931549999999993
5.38,38.23410688429705,-98.3831810813094,38.19714178125397,-98.34351808657895,8,2,1,0,13.38,13.01875
6.71,38.9822214020658,-78.15859491141224,38.949580890931855,-78.17179698529009,18,2,1,0,13.76,15.466050000000003
5.81,40.42075746250367,-80.92505159252038,40.41128051875728,-80.91647223259304,15,6,1,4,13.16,14.300399999999993
2.12,40.51162328353188,-85.30701248810861,40.520278224968735,-85.27565469401866,2,9,1,0,4.81,7.108500000000005
10.82,40.90042774340304,-87.09161952466401,40.91575020927436,-87.05748009356117,14,20,1,4,24.29,24.064500000000002
8.98,39.66810394463822,-101.82927505945403,39.643476250240354,-101.8237362969716,13,16,1,0,21.19,20.150450000000003
2.21,38.370099377548335,-100.26117726799497,38.32569033450033,-100.29094115819665,4,26,1,3,8.09,7.3250000000000055
4.92,39.10138937724841,-110.63261822372716,39.111288864428246,-110.68208297645356,18,18,1,2,12.64,13.140099999999991
13.85,38.60293462010922,-91.43447010301078,38.591937913065856,-91.4565634897424,10,2,2,3,27.22,27.111399999999986
9.83,40.085823546566,-74.21430118218248,40.04160350228656,-74.24420952537102,11,15,1,6,23.3,20.65259999999999
2.42,37.18256156142302,-99.63310931478703,37.1902424209254,-99.63664983469664,13,2,1,0,5.53,7.6935
4.63,37.197608668958736,-115.72353533608818,37.18588235348337,-115.74700421324717,13,23,1,0,13.72,11.547149999999998
5.6,39.15604495239838,-77.25040847142537,39.16408146961038,-77.20595460537817,11,22,1,6,14.74,13.318600000000004
8.47,40.39009046236976,-109.2757090527842,40.39371045572124,-109.30636448563976,1,17,1,1,16.71,17.559000000000008
11.08,39.869632632274985,-87.51503143286307,39.9182657280222,-87.48862114728657,15,14,1,5,25.77,23.036400000000008
10.25,40.13599997862754,-112.13141278327448,40.151252155425695,-112.1681560495346,8,3,1,1,18.33,22.00099999999998
3.46,37.43583228364247,-102.69485642436696,37.43451020677168,-102.72086164721716,19,6,1,4,9.96,9.51559999999999
3.43,39.852339749182704,-107.95387211814156,39.82695238303413,-107.99554981560502,18,3,1,1,7.47,9.496400000000008
10.06,38.013135122601085,-115.12663304778914,38.003670345146986,-115.12200216557972,1,22,1,6,23.33,20.564249999999983
7.35,37.80400169803814,-106.69809346298872,37.772071491753785,-106.65618588622874,20,29,1,6,15.98,17.04670000000001
5.21,39.283895200080096,-115.15214658230644,39.32545755541245,-115.1222765941881,23,3,1,1,8.9,12.001650000000005
9.69,39.78490438448693,-78.90020410697626,39.81159440526566,-78.9121865367827,8,2,2,3,23.03,20.983650000000008
6.87,40.76942437784373,-84.31671810754005,40.745372286243416,-84.35213925913217,9,4,1,2,18.73,15.765050000000008
7.24,40.69971677385241,-97.59353055932176,40.68153044258273,-97.59012525918143,15,12,1,3,12.78,15.103249999999994
3.17,39.284120700119374,-82.82859050710232,39.29431456161313,-82.77955386227288,22,22,1,6,10.98,8.34984999999999
6.1,38.65822895688334,-121.48303225987834,38.675639131931725,-121.44027142034444,19,24,1,1,13.81,14.247699999999995
6.64,38.35758817326625,-92.9259572620893,38.38857249749267,-92.93439130442984,13,8,1,6,14.27,15.089249999999984
4.9,37.71252170553159,-96.64044633504702,37.6647243784264,-96.64012852483182,5,10,1,1,15.77,12.225600000000007
5.49,37.982716659760456,-79.39101735053643,37.97538383215413,-79.42681100406325,13,26,1,3,11.58,12.521149999999986
9.11,40.23026176396032,-108.73348769264814,40.27664261685534,-108.75038190235324,0,15,1,6,24.36,19.269199999999998
8.04,37.85559922760397,-102.66068399766868,37.84511521420308,-102.68167198140829,14,24,1,1,18.7,17.68555000000001
8.3,38.69504273219223,-86.11501684132718,38.65265538110321,-86.10564782032742,4,27,1,4,24.35,18.11605
3.67,38.99889925703166,-106.89638652776756,39.01010162470656,-106.92158408357211,19,13,1,4,8.13,9.183449999999995
4.01,38.43281156738557,-86.78512586607307,38.47941391819488,-86.77089880903283,14,17,1,1,10.59,10.299899999999994
11.35,37.63273455955347,-78.42743865021342,37.67053051605243,-78.4719236324785,21,23,1,0,21.37,23.882299999999987
7.73,38.33676416804251,-97.13209200272202,38.31590543563213,-97.0941125546284,18,19,1,3,17.01,16.521549999999987
7.08,37.96632843651419,-99.42068886240097,37.97408061835217,-99.39216428747686,19,23,1,0,19.34,14.9747
6.74,40.71460614601625,-103.1472464948894,40.76086950686614,-103.13340553627012,8,26,1,3,15.39,16.502950000000002
8.1,40.92826674045104,-116.16625322627456,40.954027954786,-116.15179508528992,5,9,1,0,22.38,19.10409999999998
11.29,40.71203699030293,-83.42284765985941,40.71371125728569,-83.37485880533794,11,28,1,5,24.79,23.569349999999996
3.24,40.53615578040859,-102.62091649645151,40.49790006217768,-102.58242170596696,12,25,1,2,8.91,9.290099999999994
13.99,38.69168969759172,-116.67549496273918,38.70328929716676,-116.6563229154286,1,4,1,2,30.16,24.730050000000002
1.84,39.77923853306502,-83.0903753597136,39.802198001026674,-83.11083775915596,10,24,1,1,6.27,6.065799999999997
9.41,38.35294569348044,-120.3247851436827,38.319467041222175,-120.36276206494964,20,21,1,5,18.83,21.13895000000001
6.18,40.17547674911776,-98.40601074177106,40.21674863098701,-98.37992177601606,7,3,2,4,14.84,14.536049999999998
7.67,40.57046991334361,-81.95138916046052,40.541561958493965,-81.99827585159339,18,24,1,1,11.83,17.967200000000002
9.95,37.18288856342372,-76.02260258527942,37.14428421147096,-75.97442031468965,12,29,1,6,20.2,20.37285000000001
9.07,39.49109080050677,-112.21300151495376,39.45102125164779,-112.17945887211631,13,4,1,2,26.77,19.500800000000005
8.45,38.28514111654241,-119.962276486382,38.32168827166522,-120.01070803987125,10,8,1,6,11.77,17.705649999999995
13.34,37.91561265933853,-119.21594704764564,37.89299689530578,-119.16859654112118,13,3,1,1,29.43,27.738499999999977
2.83,37.27044840157994,-76.50732001915296,37.30172910414506,-76.51185107924321,18,13,1,4,7.52,8.941249999999998
4.24,39.39056997574198,-85.34978543056647,39.407116159015246,-85.32342801201754,20,5,1,3,10.86,9.97965
6.13,40.32245260968716,-120.2485155012261,40.3156029203854,-120.24946349292566,1,5,1,3,13.22,14.450850000000013
6.59,40.79087533573165,-78.5836096447727,40.754738367797344,-78.61750479896527,21,3,2,4,15.43,16.151099999999996
8.23,38.37565631814579,-85.71680840909376,38.40631332162431,-85.75919047611089,21,12,1,3,22.99,17.2514
6.44,37.50822764824723,-118.55654906134028,37.51626845136809,-118.53635450383923,20,3,2,4,13.99,14.980649999999994
3.85,37.12389848828967,-117.65418501691342,37.1546530195482,-117.69596388669272,22,10,1,1,7.93,10.250300000000003
6.38,40.28876347125817,-120.5830680771536,40.28517229194481,-120.56294562802348,12,15,1,6,13.52,14.777799999999996
4.22,38.80528668579021,-101.29777266342444,38.84694850071512,-101.3135387315822,11,1,1,6,8.9,10.423400000000008
2.71,39.16421421450305,-77.04567563678876,39.14332197342066,-77.02179206583871,3,1,2,2,9.86,7.890950000000003
8.86,39.30046904725891,-96.42288247335316,39.33195921622397,-96.39985180948209,5,2,2,3,20.33,21.012099999999986
3.07,38.33838405895968,-101.24064038924644,38.35803859648515,-101.21317442352183,1,16,1,0,6.31,8.507250000000006
5.74,39.82281285996117,-85.17804290464808,39.834606791338565,-85.17476996792928,13,8,1,6,14.02,14.365049999999998
7.83,38.71700555254493,-79.77683909871062,38.72383136140391,-79.81276961789614,10,15,1,6,14.37,16.69385000000001
7.95,38.03656791920268,-110.96044048778693,38.00228860938053,-110.91209073789804,10,3,2,4,14.34,16.291450000000005
3.46,38.36505144183352,-115.9731552971378,38.324392690863256,-116.00366681254846,17,31,1,1,9.12,9.617700000000012
5.2,37.41557044352686,-74.17194781731298,37.44884295666368,-74.21867496806331,9,30,1,0,10.66,13.309900000000004
6.85,39.3972792835075,-113.6444201898298,39.35244609464059,-113.60229097384102,19,28,1,5,15.7,15.003399999999994
8.75,37.46211786615034,-89.34844502855566,37.4889433044767,-89.36300761845233,22,20,1,4,19.22,20.027350000000006
7.61,37.86023360436438,-79.47361610764838,37.85388171130959,-79.45180008558492,15,30,1,0,14.22,17.067
6.15,38.67812441613163,-97.25169484472264,38.646934030010726,-97.2592584871985,4,18,1,2,11.16,14.349349999999983
4.05,38.1804804184847,-75.83408100274507,38.1754160743457,-75.82120398028192,5,11,1,2,11.73,10.445750000000002
4.39,39.17265763704234,-102.70992614971564,39.18496588025831,-102.73806084296038,1,3,1,1,10.36,10.472300000000011
11.67,40.73255663963721,-108.15855135622206,40.68819715707076,-108.16910674883844,18,10,1,1,28.75,25.110900000000004
8.64,38.55934154816983,-81.2813825980896,38.51529462835064,-81.29534381141657,16,23,1,0,22.58,18.24725000000001
13.42,37.11000417507256,-76.2624603754529,37.076520836740485,-76.2180323064691,9,10,1,1,29.27,28.110349999999997
3.4,38.63890916263991,-84.89949106407668,38.66678663100645,-84.91607650893731,12,15,1,6,8.55,9.280400000000002
8.88,40.95984547437917,-102.77734196534968,40.95153515486526,-102.80230401127989,6,13,1,4,22.39,20.04625
6.19,38.552579747245375,-76.81529158190628,38.531718328895984,-76.8366332092343,18,1,2,2,17.19,13.64525
8.25,40.77969163703237,-86.16933611386739,40.75399486660298,-86.20458006906875,17,3,2,4,20.74,17.798299999999994
10.49,40.778687642187705,-120.28068273893578,40.72963235905051,-120.30618504245324,22,15,1,6,23.41,22.572949999999995
6.87,39.10334834361618,-114.25593762300264,39.092045473220985,-114.26077975066929,5,24,1,1,17.0,15.315750000000005
8.75,40.585432585753125,-105.51047353301064,40.5378711034163,-105.54859715241751,9,30,1,0,14.67,19.962500000000006
4.54,37.382965799963046,-116.74078078588558,37.3753598981774,-116.7859030501697,3,28,1,5,9.65,10.980449999999992
5.97,40.302361965556656,-93.94333229450234,40.26679218076684,-93.9294223952278,18,17,1,1,12.8,13.77969999999999
5.7,40.50568368902892,-78.84704021197996,40.51343600735833,-78.81845565202529,5,7,1,5,11.98,12.853549999999998
11.61,39.197321002294565,-107.76350434867416,39.17106612806003,-107.80037174659368,9,10,1,1,29.96,23.77920000000001
7.69,38.01091697874105,-86.51772148868028,38.00701848816325,-86.50371908171651,8,4,2,5,18.63,17.32154999999998
10.51,37.68434349629491,-89.50858950674692,37.718281316571485,-89.46202952041848,3,1,2,2,18.86,22.7236
7.2,39.69861273197902,-116.24150968452908,39.71329088058614,-116.2162903669946,9,6,1,4,12.12,15.305849999999973
1.77,40.55146454364793,-77.78056593355026,40.58654406348106,-77.78337054817119,20,8,1,6,4.09,5.9533000000000005
3.82,40.13338445831201,-76.57830728946917,40.16674381926347,-76.55287115902198,17,2,2,3,12.36,9.295650000000006
5.04,37.97384402701625,-86.36512147378318,37.98539641308845,-86.36126656654034,15,31,1,1,11.79,11.884099999999988
6.9,40.55795726749741,-75.90193273807854,40.56326000480273,-75.91294827498125,10,6,1,4,12.19,15.913349999999989
5.91,40.829822384787946,-85.17364709959769,40.84678914344543,-85.19040466765458,4,21,1,5,13.43,14.081049999999994
9.3,40.532813219813285,-88.01327924048849,40.524156338836335,-88.02922761160806,7,5,1,3,18.35,20.462149999999994
13.86,37.15267264727208,-73.71339403260524,37.12754661173069,-73.68042138110482,9,17,1,1,33.31,28.659200000000006
1.62,39.76673764454529,-88.35511180117851,39.75923616205671,-88.34715626634946,17,19,1,3,6.6,5.877299999999999
7.23,40.52546892702118,-79.86665843820558,40.491365917357285,-79.85221975372762,16,23,1,0,14.05,16.61555000000002
12.13,39.19728995075786,-93.35047225787308,39.17900702575143,-93.31551113507984,23,10,1,1,20.71,27.18364999999998
3.93,38.70469448966018,-87.38546570401597,38.73387090902716,-87.3664791487224,12,3,1,1,9.59,10.481900000000005
4.67,40.22304134088043,-79.43573289913525,40.26512964970804,-79.46890497962576,16,5,1,3,8.52,11.372449999999994
7.61,39.99142182898237,-74.24282248463794,39.99009441779624,-74.22822042000948,4,30,1,0,13.33,16.898899999999994
5.2,38.40961033451084,-92.94997961348,38.4156216304586,-92.93349326708598,3,7,1,5,10.56,12.217700000000006
8.96,39.897663191122376,-97.07959652217134,39.87511172675946,-97.10039240533736,10,5,1,3,20.04,20.364499999999996
6.07,37.90575498748765,-117.69640698602409,37.93500279688329,-117.7171061386022,2,23,1,0,16.61,14.480849999999998
8.84,38.92583249585193,-97.25108765432844,38.96604802740168,-97.23879145641364,11,3,2,4,19.97,20.052500000000013
13.03,40.644979698828415,-121.09045920368422,40.60781834387176,-121.1182449676842,20,1,2,2,23.79,27.59999999999997
2.01,37.20000922227788,-112.63009295984612,37.24397370837141,-112.6069792800381,0,23,1,0,7.32,6.781449999999999
3.14,39.98513423401267,-117.79953089836116,40.00892365662612,-117.84425599412978,21,14,1,5,8.83,9.344100000000005
12.75,37.50943971673056,-103.76895099518916,37.54109768116743,-103.75019220432397,21,26,1,3,22.17,26.914700000000007
8.35,38.04335034403866,-105.58245941105352,38.04398119989386,-105.60417209835296,5,1,1,6,18.11,18.918750000000006
7.99,38.28266407528916,-88.04290927338482,38.263993468043935,-88.060627009303,11,12,1,3,15.28,18.086600000000004
3.65,38.72392793358445,-76.72784157335418,38.69982999432793,-76.69425888022239,16,27,1,4,7.53,8.501650000000001
11.8,38.00025068665086,-114.2526377564308,38.00138760302873,-114.22594822353176,22,4,1,2,20.26,23.95320000000001
3.99,38.37547231015592,-74.0175943756781,38.36072108702188,-73.96803944334809,15,17,1,1,7.07,10.74655
8.02,39.834574830254326,-105.00575965729396,39.823878344422745,-104.96253854859746,18,13,1,4,20.38,17.594949999999994
6.79,39.77563377467909,-106.2893357145644,39.80123475836236,-106.3161560885418,10,6,1,4,17.99,15.404149999999998
3.6,38.27856801492156,-77.17004008812842,38.27243172082476,-77.20279743080026,16,7,1,5,11.58,10.138000000000012
6.71,37.31958202805403,-84.8366901967082,37.34902679192504,-84.84055646631451,1,7,1,5,18.06,15.426249999999992
10.21,39.4709202844726,-108.73008766347714,39.48134673912699,-108.72238226721194,23,1,2,2,27.27,21.69574999999999
4.94,37.15522639467609,-103.24499829032692,37.17169188769781,-103.26250742193882,14,11,1,2,9.83,12.579550000000006
2.95,38.84283070134031,-87.32566073163055,38.79314744043964,-87.3348223958722,0,28,1,5,7.06,9.275999999999994
4.48,37.002648764699465,-118.00646343375094,36.97454757014356,-117.98233558643224,12,23,1,0,13.01,10.3392
5.92,38.88075452923564,-90.60954254833236,38.8587107002446,-90.63288469112528,23,31,1,1,19.28,12.875199999999998
5.44,39.406159213438926,-120.22819400414882,39.37998027137319,-120.21969760596068,9,25,1,2,13.89,14.015749999999993
5.36,39.42585906901603,-88.03144448450223,39.455978713184784,-88.01006650718071,12,14,1,5,14.7,12.136250000000004
4.89,40.42306051567029,-80.0348201893465,40.45818279442447,-80.02086055319891,13,1,1,6,14.87,13.05024999999999
2.75,39.60624929748849,-103.5174655594044,39.58373426858992,-103.49099282485396,0,25,1,2,8.32,7.281200000000008
5.36,38.81225702211864,-84.86939332299869,38.84891650662622,-84.91790531768534,21,13,1,4,15.04,12.584650000000002
7.88,39.29230195521498,-108.18437866900202,39.25968171936057,-108.16783659999544,11,15,1,6,17.0,17.452199999999998
7.61,40.33752483637616,-105.2772403549758,40.364860750194886,-105.27652085942049,3,4,1,2,17.01,17.24079999999998
3.44,38.23179091808325,-84.83355242888267,38.27042572541367,-84.83938355751849,14,18,1,2,9.29,9.45855000000001
6.4,38.41396008472471,-91.72878761598363,38.40620952015864,-91.72419176064255,5,6,1,4,14.53,14.05725000000001
2.5,39.4788508576512,-119.68778749088844,39.52190592636853,-119.65720257438836,5,2,1,0,8.8,7.4694499999999975
5.91,37.58355448513686,-87.64409495002974,37.56684277767428,-87.63468243467581,5,5,1,3,12.4,13.955300000000006
7.13,40.53737433620402,-77.42120940275035,40.58024147072384,-77.44944626301823,8,17,1,1,17.89,16.39615
6.86,40.21576159287765,-117.18320474216824,40.260815991621975,-117.1957589892842,3,9,1,0,13.9,13.902750000000001
12.23,38.21744044441966,-81.86977561848587,38.17004177968502,-81.87521038038923,14,10,1,1,19.41,27.583649999999988
8.12,38.70093071509094,-75.91782073345622,38.74238489624877,-75.90418697902486,1,11,1,2,17.24,18.619550000000018
7.68,39.335092834571256,-109.62824100640287,39.29494534505877,-109.63037277526,22,6,1,4,14.49,17.577049999999968
9.56,39.669425997699065,-88.88108056350862,39.64007483355614,-88.83738082000346,2,3,2,4,18.8,19.165300000000006
7.07,37.42555728036757,-117.07504496756056,37.43472241382977,-117.09184242802208,3,4,1,2,11.65,16.60109999999997
5.11,37.85718801866909,-77.99294183408996,37.81379886244356,-78.01268732457109,7,31,1,1,8.42,12.106450000000004
7.78,38.48519215573288,-112.12872228108884,38.45434777796593,-112.11603129671904,9,19,1,3,15.65,16.699399999999997
7.13,40.47093135879356,-103.65070469414692,40.47943803145649,-103.65190081150246,9,1,2,2,17.7,15.1965
4.14,38.21679140036553,-103.74455230427569,38.24769898816809,-103.74052699085452,5,10,1,1,8.5,10.090349999999999
5.16,37.47647595630839,-113.52196075909244,37.4272477585025,-113.56088600328653,5,1,2,2,16.56,11.431650000000014
6.47,37.00514199393449,-79.44957962396666,37.02972331477193,-79.4181835247288,18,5,1,3,15.85,14.415300000000013
6.33,40.521921206465,-110.35000060363164,40.503599161414506,-110.33700771719656,20,9,1,0,17.33,14.231299999999997
8.54,37.28782757924374,-77.30037535353763,37.33239976812199,-77.30395922072906,6,31,1,1,22.83,17.883300000000013
10.49,38.62383446260388,-107.88519362844352,38.59215365478823,-107.90843638056415,20,10,1,1,22.49,22.253850000000007
3.79,39.66206863299859,-73.32778228292726,39.66084833329036,-73.29184288035337,13,6,1,4,10.94,9.595699999999995
6.93,37.786642019491744,-116.09351688849624,37.80448012676119,-116.09595241681843,7,15,1,6,19.23,15.709599999999984
5.77,40.69595935569039,-117.47055991313262,40.66520207477039,-117.47723072754174,1,21,1,5,17.8,12.91675000000001
8.51,40.51195504606846,-84.10603797713246,40.53394176643516,-84.10874079062349,2,22,1,6,20.39,19.053249999999995
8.08,40.6312386365933,-109.78626988776784,40.661069072755545,-109.75218613299508,16,19,1,3,20.04,18.582649999999994
6.31,40.54916429279069,-82.73257818913143,40.54918722133843,-82.78102819859089,19,2,1,0,14.36,14.793650000000016
2.41,39.11188026938223,-76.88368229030893,39.1205036970685,-76.92852033380123,11,23,1,0,9.73,6.801800000000004
2.72,40.65894022676787,-88.67975021943067,40.614119350384925,-88.68027260544642,10,19,1,3,9.86,7.561999999999995
5.86,40.36413608745133,-96.26050744895832,40.399118073651465,-96.2819605311754,1,13,1,4,16.6,13.502650000000003
2.53,37.33787720899221,-111.28720792934786,37.384370947115386,-111.30468198442696,2,6,1,4,8.93,7.1683
4.8,37.1917427130264,-79.47472824116488,37.22648817966645,-79.49948473444721,15,28,1,5,8.6,12.734750000000002
9.38,40.93254741371672,-117.52853619619196,40.89045906526938,-117.50854932589868,1,8,1,6,21.47,20.43569999999998
6.95,40.1034629069973,-115.700273868639,40.10855074493645,-115.6902339876538,11,19,1,3,13.7,16.098200000000006
6.46,37.04988768617467,-119.1083373982912,37.05058051093624,-119.13478232672917,19,15,1,6,10.44,14.620100000000003
8.38,39.40247054587235,-96.4488761444068,39.39880241454439,-96.42761533906904,14,5,1,3,18.08,19.703950000000024
7.22,39.3023669995,-83.40421370429861,39.33370313168332,-83.39150713208981,3,6,1,4,13.1,17.15015
4.15,39.64776868734487,-83.13871851495139,39.62944590581617,-83.13438463260849,14,3,2,4,8.52,9.96710000000001
13.44,39.91709353868491,-89.91799341710745,39.87347467631923,-89.9096929235241,9,11,1,2,20.42,26.73655000000001
6.07,38.16754324039012,-115.47989183743368,38.19008952706487,-115.50046916399364,8,12,1,3,19.4,14.0552
11.46,40.49472389811484,-77.31200046464701,40.53119670124108,-77.32115841821398,18,22,1,6,30.25,23.719799999999992
1.96,38.5115880621141,-87.70771354535674,38.48963299278816,-87.66727205373036,22,23,1,0,5.4,6.537300000000004
4.71,38.53801266167956,-117.95556814036188,38.569940789727134,-117.95841674734427,2,2,2,3,12.05,12.0012
6.28,37.155440649406,-110.37055365733649,37.12771189626945,-110.41677801164548,4,7,1,5,15.72,14.639249999999999
8.82,37.59734250310383,-112.31642776238562,37.56774595118558,-112.2903939534272,0,12,1,3,17.23,17.25819999999999
11.64,37.90453067327367,-118.3282512480466,37.88716876494927,-118.29184485963128,3,10,1,1,32.38,22.888350000000013
8.06,40.319643130366586,-119.2714697836775,40.30612675287793,-119.2733135627694,23,24,1,1,19.36,17.602750000000007
9.46,40.10611963470034,-119.41958063903644,40.14827584599716,-119.44710124389869,12,29,1,6,23.48,21.11309999999999
5.16,38.19377802711661,-90.00249189145083,38.16627430870746,-89.95832994008562,23,12,1,3,10.2,12.750799999999995
9.84,39.328104358185065,-105.44415040840524,39.36104718243422,-105.48532607257076,19,16,1,0,13.8,21.063399999999998
7.39,39.3596009738103,-117.35372692512804,39.37986920624138,-117.33582647271398,9,5,1,3,16.34,16.9446
8.54,37.20215530460526,-77.2329076905682,37.15711504639601,-77.25241271127312,6,1,1,6,21.0,19.525400000000015
10.61,40.53788417725769,-103.96037383917884,40.50816438936757,-103.9529789665937,23,8,1,6,27.02,22.76
5.95,37.61463223898267,-102.65356184247396,37.622534494014765,-102.62885441337954,17,31,1,1,10.42,14.569299999999984
7.7,40.69055761473755,-78.97906420462897,40.73368874916096,-79.01146455161799,6,8,1,6,16.6,17.49614999999999
10.17,40.04533731069473,-92.63087836088847,40.02205277552525,-92.67259315985898,20,5,1,3,27.13,22.065400000000015
16.2,38.69504403254224,-78.83058389165201,38.6866816971928,-78.8036954755303,0,28,1,5,38.7,34.52215000000002
7.23,37.02316715999471,-101.85107024324556,36.97931614595343,-101.88881917166124,22,13,1,4,17.96,17.137850000000007
7.57,38.14229709449431,-101.22894943632542,38.16682664666368,-101.2016150937204,23,30,1,0,13.72,17.680749999999993
10.23,39.12693069426537,-107.73839917348462,39.135402973673536,-107.71931739507602,1,23,1,0,18.3,22.691349999999993
7.58,38.05176349894238,-112.38699767673047,38.0374577183309,-112.42194056061224,14,13,1,4,13.73,16.412000000000013
7.32,37.93478710386201,-114.5728691989981,37.92776974129752,-114.53581500473489,18,18,1,2,14.12,16.825699999999987
8.78,40.1734007422163,-120.33764440829964,40.1513926002273,-120.3525095516804,21,10,1,1,16.81,20.024700000000006
5.1,40.403375362267234,-121.25728642018012,40.36594099503619,-121.2215253201912,10,4,1,2,12.77,11.933050000000003
10.65,37.42958365604643,-98.4674326258286,37.45069802615631,-98.44613311005028,0,18,1,2,27.28,23.80034999999999
8.0,37.30082541305444,-120.67194238737532,37.3284872620437,-120.63543245299866,16,4,1,2,16.14,17.108850000000004
8.75,39.069615675308064,-90.88233414765968,39.11773557807096,-90.83698227607285,3,20,1,4,22.69,19.544049999999984
6.1,38.0404725762043,-88.43802419418677,38.07911169163396,-88.41009626231241,18,22,1,6,10.16,14.665450000000005
12.14,38.09518147980147,-91.04414751876692,38.05082513196032,-91.00333384895838,4,30,1,0,25.1,26.2487
5.65,38.73587275191379,-117.0701376479764,38.742250751936034,-117.03343246755408,12,2,2,3,12.07,13.137300000000007
10.98,40.41276553134094,-99.4442757581046,40.44166843826477,-99.44038940174153,3,8,1,6,26.67,21.576900000000013
6.46,37.28588186979613,-97.07571282711488,37.28449917527899,-97.08477335445392,6,5,1,3,13.39,15.931850000000003
9.39,40.255694424757806,-113.60290676540576,40.206777499574216,-113.64167263484624,1,20,1,4,15.26,21.259799999999995
6.87,38.07874735414574,-99.49958020292956,38.09484619856337,-99.53469610412574,14,4,1,2,17.49,15.237699999999993
2.97,39.753673761598286,-119.32010954450308,39.79717498113851,-119.30156700927373,4,4,1,2,7.35,9.051350000000003
8.34,37.4256344729547,-109.8968403736114,37.450272884605575,-109.91967859050756,19,4,1,2,22.67,17.010600000000004
4.77,38.3299976193939,-108.10594567215236,38.3023307912414,-108.1026691869248,20,16,1,0,10.77,11.086900000000004
9.36,37.684322608294416,-121.52825861905512,37.686443144440254,-121.5073316266166,21,8,1,6,25.38,19.97785
5.59,40.45962277237712,-114.48619701313164,40.4509281764313,-114.51193835029048,5,4,1,2,16.15,12.6626
11.62,38.36080798113943,-81.63282762444977,38.37201636369426,-81.67459097395826,17,7,1,5,17.6,25.111000000000033
0.8,40.72827120222941,-104.53167730533129,40.70159260819763,-104.53320544206215,16,22,1,6,4.45,4.424549999999998
6.44,40.5973683261155,-79.98269868154848,40.6437989921445,-79.96811657582536,23,16,1,0,18.12,15.104399999999993
5.34,37.6783655503504,-76.19923325691246,37.71168444370308,-76.16112820545644,17,12,1,3,13.76,13.815599999999991
2.37,37.29614042343433,-90.34269633628824,37.31585077219907,-90.38073785675252,17,19,1,3,6.99,7.533600000000008
5.49,40.48660608295109,-120.23224585890505,40.48089712072201,-120.18776726598068,12,3,1,1,8.57,13.506499999999999
12.18,39.66186685068438,-95.48261175157074,39.6438210148476,-95.5211091740776,17,2,1,0,20.06,27.48225000000001
1.52,40.98927678524152,-100.99796026671908,41.00646108258387,-100.98471872486486,18,2,2,3,4.33,6.014750000000001
10.17,40.45896533326445,-90.07283301472714,40.49994351057232,-90.12190978332691,12,1,2,2,25.41,22.533449999999995
13.46,38.93864378660951,-80.57415317445837,38.97402331664031,-80.59110968049362,18,7,1,5,28.0,28.648749999999982
5.84,40.351776750987554,-105.16326830095976,40.382226481363645,-105.15839643562452,3,18,1,2,9.2,13.844499999999993
3.61,39.398252533656034,-100.21966848570938,39.379057631573225,-100.2539285508751,11,17,1,1,11.72,10.277649999999994
8.59,38.3583677285485,-104.46306466070502,38.393060963222055,-104.47681934674186,5,1,1,6,23.39,19.325850000000006
10.73,37.65574131049493,-80.3487510168316,37.65386829446249,-80.35619143939405,10,23,1,0,25.87,24.264100000000013
5.3,40.95759894247769,-83.74148708601771,40.99625937397142,-83.70736652747513,7,11,1,2,13.54,13.626450000000004
8.04,40.12815007534939,-118.48703745994156,40.107323873248944,-118.48113739895426,5,19,1,3,18.35,17.934850000000004
5.43,37.75031483992343,-74.92490965389726,37.78726893672317,-74.90542442751327,1,28,1,5,12.44,13.183299999999992
2.1,37.14632751704034,-113.81909695605222,37.157412057174575,-113.85497195228648,13,24,1,1,6.98,6.462049999999997
7.14,40.29306277230258,-97.22316377617196,40.32225066143024,-97.22763979849069,15,4,2,5,13.93,16.260599999999993
0.62,38.0583638215756,-101.68101712241987,38.036988706456384,-101.71333207051812,15,9,1,0,2.3,3.9573499999999973
6.81,39.785341542383264,-105.8212623419585,39.74558810815881,-105.81993855697772,22,10,1,1,19.63,15.151849999999989
8.58,38.56038235050614,-113.5943581250346,38.57166543223955,-113.59563357449214,6,5,1,3,21.2,19.431099999999994
8.49,38.3909486240551,-101.32810971701092,38.36612710434736,-101.3125456973096,4,16,1,0,17.55,17.786050000000003
12.27,39.95730489427421,-87.72771950502128,39.92736911954071,-87.77392872278362,7,25,1,2,28.35,27.211650000000017
4.03,37.239786095784496,-85.3704997592222,37.26387304242415,-85.32243857266549,1,30,1,0,8.91,10.878599999999999
3.38,40.50696976597013,-108.30158618293537,40.53671709457677,-108.32537894088968,2,5,1,3,9.55,9.218800000000002
5.32,37.10066027086129,-105.5367120401533,37.15004660717136,-105.5660637671487,16,15,1,6,14.01,12.7503
4.24,38.50855828245471,-98.65405993943176,38.5451890376916,-98.6186491066681,0,23,1,0,9.07,10.559450000000002
8.64,40.91881595313542,-90.27549033780916,40.95182356783939,-90.31706303643908,10,26,1,3,21.65,19.067550000000015
1.18,37.97220378999522,-108.19687320201425,37.94928037870442,-108.1780107783918,16,14,1,5,4.82,5.285849999999997
5.99,37.58631012989558,-90.6403557110761,37.589188932993366,-90.6714907477785,18,3,2,4,15.86,14.314650000000004
11.74,37.511442329685984,-97.8062035925717,37.55065113718848,-97.80235290959271,15,3,1,1,26.18,23.303849999999994
3.47,40.00900023717997,-95.48945929296818,39.98712939056665,-95.53615870632753,10,3,2,4,8.09,9.82479999999999
5.66,39.9750951236053,-74.05825013128765,40.02283595486482,-74.07373991157712,9,11,1,2,16.75,12.433550000000011
4.25,39.962274248585786,-81.25296245804121,40.01077046092533,-81.29799379086073,10,21,1,5,14.1,10.805599999999997
7.29,37.13065443131913,-91.58233792140362,37.08902012866284,-91.60375344271095,21,23,1,0,19.49,17.039900000000003
0.62,38.29984978918114,-87.00612316786341,38.29893080412155,-87.02831435155422,17,4,1,2,4.95,3.8962499999999984
6.27,40.02182653810584,-107.06084140158028,40.05328697869811,-107.05571686682973,6,22,1,6,16.67,14.344150000000003
11.17,38.23891739523032,-116.4919967158566,38.26963528028829,-116.4945144009194,20,4,1,2,28.86,24.90575000000001
7.67,39.05700536828168,-77.27055940407044,39.020885298307725,-77.23152716114022,11,1,1,6,12.23,17.317000000000004
5.63,40.52671441171385,-89.5267548316127,40.52435590640623,-89.57006274231783,2,29,1,6,13.33,13.474549999999988
9.4,38.11881841045006,-86.21042073460532,38.13877981817984,-86.19094615316472,5,4,2,5,15.76,20.37195
2.51,38.22393020020896,-98.78585254482076,38.21098617693252,-98.82205942518256,18,20,1,4,8.14,7.75635
4.92,40.10640552856068,-93.44498252290418,40.06604985338323,-93.47214230038212,15,9,1,0,10.99,13.095049999999997
4.21,38.34944747669413,-80.7646380756927,38.35455273413438,-80.78101464427246,18,3,2,4,10.91,10.257350000000015
4.29,40.1166149406241,-101.8247494517848,40.104958389640274,-101.83727193194962,5,14,1,5,12.43,10.750749999999991
4.97,39.59771752778715,-80.76562097186941,39.630803328446966,-80.74840943442653,5,18,1,2,11.05,12.059099999999999
12.15,40.9971345028253,-114.38915469261453,41.02371767336634,-114.42694631361188,13,4,2,5,24.76,26.049499999999977
3.17,39.38317596759416,-102.23063675523696,39.39078470336636,-102.18485594498269,1,26,1,3,11.06,9.247599999999997
9.07,39.07918361462758,-79.38466863063941,39.08438727655314,-79.41003796065513,5,4,1,2,16.56,20.695200000000003
12.92,40.364540726211246,-113.05029211734572,40.33432475006232,-113.03108553332122,13,26,1,3,32.71,26.997299999999974
8.86,40.854747105354654,-102.05727827808468,40.85404687446635,-102.01892144140804,4,1,2,2,17.57,19.273749999999996
7.25,37.23331226136333,-113.37105721164176,37.20856613064629,-113.34188973784198,1,21,1,5,19.31,16.66295000000001
7.34,39.892331709776286,-111.64028304397014,39.91444062392066,-111.64185066829378,14,17,1,1,18.34,17.043700000000005
8.53,40.8763992973599,-112.90356891360668,40.910178106772975,-112.85983531411313,8,24,1,1,16.88,18.019950000000023
10.42,38.5787723646006,-110.0203045806942,38.53807495041624,-109.98188940920068,8,31,1,1,22.64,23.142399999999988
12.39,37.36054781666692,-97.38895673177008,37.35098873402284,-97.38174792682064,20,26,1,3,26.92,26.355450000000033
9.47,38.46036530682308,-117.50943075859568,38.435661850710815,-117.5337386394166,9,30,1,0,16.64,22.27875
8.91,39.951636493530025,-107.3864535543854,39.95701303215677,-107.39013390795368,16,12,1,3,17.85,19.240299999999994
4.05,39.39360571855033,-103.03596262008652,39.34734365686133,-103.00661948155842,11,8,1,6,10.08,10.333649999999988
5.53,37.643619509624834,-113.16322159832174,37.59380893068271,-113.12001975131837,9,11,1,2,16.41,12.794599999999992
5.81,40.46326271511966,-75.19576762498522,40.43686577822335,-75.23640317887,8,31,1,1,11.06,12.582750000000015
8.06,39.9175957586212,-90.51113748291604,39.922176159931865,-90.49976669392449,22,27,1,4,23.01,17.312050000000003
11.36,37.69065443469945,-114.45463824193811,37.733506408744994,-114.44434115790602,19,30,1,0,18.03,25.292500000000004
8.64,40.48417068743078,-101.9393571894289,40.487031017474,-101.97009368967086,20,5,1,3,11.49,19.60205000000002
3.97,37.907891427894334,-77.86653924626889,37.95624182457665,-77.85565450102635,9,25,1,2,11.4,10.5792
2.53,38.7901038081515,-116.63308423679904,38.782539766843215,-116.59791348416206,7,1,2,2,8.92,8.0699
9.3,39.8220061561396,-113.04673291947512,39.84597435924955,-113.0475240887104,2,13,1,4,16.92,19.404850000000025
10.32,37.95409992873833,-88.95964268784454,37.90947000818368,-88.9601228291846,6,3,1,1,20.41,21.644400000000005
1.98,40.96380694404806,-93.49959155069264,40.93219323238454,-93.52698210273854,21,7,1,5,7.18,6.663699999999997
8.84,38.76454964832474,-83.25958539970485,38.79597288647078,-83.24796864063265,4,16,1,0,18.84,20.205049999999993
4.26,40.94925635004196,-101.83859391377402,40.95684612763561,-101.79654060792022,5,16,1,0,13.37,11.708350000000005
4.59,40.98381440649354,-90.70115270605145,40.96232094801391,-90.67929606954276,10,16,1,0,10.52,12.086350000000003
6.23,39.61021094495487,-87.66672886866655,39.57341289770925,-87.61732647559244,21,16,1,0,12.06,14.035350000000003
2.26,37.07709574916507,-102.58492829800792,37.096566557732814,-102.62051306909676,8,8,1,6,8.4,7.433550000000002
9.89,39.68207428880024,-91.96880164906013,39.63308648721402,-92.00388816611516,20,13,1,4,20.05,22.122949999999996
10.83,40.18624447728463,-73.34571196697961,40.16524989250879,-73.39512233569569,1,1,1,6,29.34,21.55485
8.11,39.1016923511729,-90.38337297312084,39.116517563063454,-90.42653514379782,19,1,1,6,13.84,16.8773
9.02,38.66397448424713,-103.9497663348543,38.63995548430796,-103.9111112395,9,22,1,6,18.95,20.78715000000002
4.66,38.21832134723026,-115.69456715853974,38.25209661726607,-115.64798057509724,2,4,2,5,8.33,10.726399999999998
2.85,37.59580049096694,-93.3524952258891,37.566584376628526,-93.3671053987795,17,25,1,2,8.09,8.509299999999998
7.57,38.00345873813948,-82.76247017287739,37.98632305331258,-82.76569237062755,22,28,1,5,12.02,17.016100000000023
2.04,38.76050041973774,-76.48832598981443,38.75247121481256,-76.438390364519,19,11,1,2,7.68,6.631199999999995
10.43,40.450049746046695,-75.69015066726573,40.40687858147111,-75.72798620828719,5,5,1,3,27.61,22.34185000000002
4.7,39.431482050728405,-93.58669299653394,39.462645242306266,-93.60932118735182,10,25,1,2,8.65,11.83805
5.67,40.664904951005646,-81.14144741577448,40.71097040729512,-81.17776743960714,18,9,1,0,10.17,12.205299999999998
7.86,40.45406359068376,-108.28062961302408,40.434106190097474,-108.32932299631678,21,2,1,0,14.26,17.453750000000007
7.23,37.08254298501732,-80.46221783128996,37.06322469881983,-80.41794489618235,8,10,1,1,21.09,15.981199999999996
9.22,38.65765109193642,-119.7407888663353,38.65739640098643,-119.77585284723878,15,10,1,1,19.86,18.47954999999999
15.81,37.686724413013536,-111.95194022148831,37.72909777078502,-111.9668865158454,19,4,1,2,30.9,28.455549999999988
4.22,38.19315999845965,-120.97350096209703,38.215794141358366,-120.99587623591806,0,26,1,3,11.97,10.472550000000007
4.59,37.08748704520416,-107.57861552577576,37.05929851638084,-107.5616123444851,13,27,1,4,11.24,10.316249999999993
4.88,39.97616704294431,-120.0470207491196,40.023573682846745,-120.0923259114434,4,10,1,1,14.57,12.424349999999995
12.51,38.59503967372327,-86.06533672383821,38.5698311416442,-86.07403782657741,1,13,1,4,30.01,28.169349999999998
6.26,39.65026553716305,-108.41108799321368,39.69032005352389,-108.39300362096132,7,14,1,5,13.33,13.958049999999998
4.26,39.85700393427997,-101.15418097546326,39.903105967557536,-101.14363343202189,2,20,1,4,7.96,11.15515
5.85,38.61311924702202,-110.26090524415092,38.587931276101045,-110.25285027790753,12,17,1,1,13.72,13.241000000000003
7.61,40.249854813346246,-90.42538035369915,40.264994876787,-90.46823346953462,15,3,2,4,22.15,16.78284999999999
8.27,40.88989811758464,-101.25178534085356,40.9085579651434,-101.22301347654636,12,29,1,6,17.59,18.972500000000007
11.2,38.004953608497054,-97.1188276475857,38.03041775847184,-97.11653864635647,16,10,1,1,21.06,24.089300000000016
12.44,37.61278368269856,-106.43404856232594,37.56490379191929,-106.48314083373378,5,27,1,4,22.98,27.090850000000003
6.32,38.47681373687743,-105.31723385618378,38.51603526952914,-105.3108431235735,18,3,2,4,17.09,14.86275000000001
2.84,37.87974348275086,-77.05019308786638,37.910889739671326,-77.08730875685418,4,5,1,3,8.05,9.356299999999996
7.1,40.01437193354233,-78.34093333914322,40.02954155975186,-78.38840763265598,2,4,2,5,14.93,16.66239999999999
11.99,40.776062891757874,-84.3495838048569,40.74958015467969,-84.39667971841148,20,25,1,2,29.56,26.85690000000003
10.57,40.83135160667263,-105.44370984290735,40.79239147578297,-105.46485880283063,10,7,1,5,26.23,23.141400000000004
9.53,40.90587465915333,-103.35703278416878,40.90582399522708,-103.32877525821684,3,5,1,3,18.81,21.28570000000001
3.46,39.00426335984012,-95.60993409690111,38.98700269849829,-95.59193164098131,1,24,1,1,7.34,9.675949999999995
1.66,37.64534517102935,-80.09224999083918,37.64019976975942,-80.13360612596473,12,18,1,2,6.74,6.387199999999999
6.87,39.58212193611934,-108.14061858945702,39.61490586009374,-108.13618933323902,9,14,1,5,13.49,15.572749999999994
10.5,39.81997872120756,-87.78949289684616,39.77595251458386,-87.79268154127814,6,15,1,6,27.7,21.594549999999995
4.01,38.98190651761056,-74.90988242674788,39.01769907446541,-74.93794332494562,0,25,1,2,13.27,10.41055
6.91,40.17390035481829,-74.1254098460039,40.220199950303865,-74.16225203396289,20,1,2,2,16.47,15.287499999999982
10.66,40.78068814007058,-120.69853759675787,40.73216834439451,-120.71623737647192,21,2,2,3,21.08,22.298550000000006
3.38,38.410801512844,-108.3312429440528,38.44432853849803,-108.29977977398052,8,31,1,1,12.41,9.313250000000002
7.79,37.54695878880407,-93.31871057234486,37.50187730571304,-93.31502255945242,3,17,1,1,13.36,17.218
3.58,40.18123324145467,-112.0100549855662,40.19419665749136,-112.02449964279516,1,5,1,3,7.34,9.65504999999999
9.0,39.17206551481377,-91.94305565685578,39.2080476427416,-91.89889691865996,1,14,1,5,22.06,19.47915000000001
9.86,38.50974876223935,-73.94367739019616,38.49303414410998,-73.9297810365257,7,27,1,4,25.64,21.79795
5.86,38.421169862972434,-83.86441318581033,38.37942115380133,-83.88889078135057,17,6,1,4,11.64,13.373649999999996
6.81,39.55198563504688,-120.83416431545504,39.58665435089276,-120.82190046743594,7,28,1,5,13.58,14.446450000000004
2.67,37.89575970144128,-86.48709465715528,37.934830243136815,-86.52214208615506,2,19,1,3,7.62,8.5785
6.07,37.959545963809134,-95.64844205675873,37.96725100973392,-95.62511763330556,5,12,1,3,15.62,14.058049999999994
6.22,40.30811544787792,-121.30396419572912,40.30563161932133,-121.32851271358348,10,24,1,1,10.98,15.779000000000002
1.7,37.43554709627422,-97.21251022470734,37.48001203607284,-97.25412235235744,11,21,1,5,4.88,6.106400000000007
11.6,38.91239241039041,-75.94682805375255,38.86698191653102,-75.9382706660918,9,16,1,0,30.98,26.05004999999999
6.92,37.57991934239131,-116.73876905964254,37.62836205478338,-116.75884575506954,14,4,1,2,14.6,15.786750000000001
7.0,38.4783062788537,-102.07332874128652,38.50411744925328,-102.109326521689,11,17,1,1,10.74,15.32235000000001
4.0,39.93089954385506,-99.26473269183586,39.9738799985436,-99.22489993051953,0,23,1,0,11.59,10.695549999999994
0.02,40.79915492455618,-73.2075781457556,40.81158479707777,-73.25656918538131,11,3,1,1,1.49,2.957650000000003
4.36,38.25842679253444,-97.8697357417871,38.25098401910408,-97.8554485137164,19,7,1,5,12.49,10.431049999999985
4.45,40.55776199404416,-106.16280987976714,40.59663086362061,-106.12489787406092,19,22,1,6,10.8,10.947850000000003
6.27,37.614079268725945,-102.97118267786216,37.58279184745041,-103.00249366780577,8,11,1,2,13.63,14.593299999999989
3.84,38.62725502354108,-116.166550120468,38.63612797573324,-116.11819796105384,10,1,2,2,12.38,9.820949999999996
4.73,37.71165915382471,-97.27377046241706,37.73308517530873,-97.26718111490634,10,30,1,0,11.28,11.092149999999997
6.16,39.26409356320331,-81.42960421321527,39.25748712517197,-81.46748675802118,8,16,1,0,11.62,15.04089999999999
5.78,40.841800496379015,-76.69802305322953,40.83138492402246,-76.7260997359188,16,6,1,4,10.33,13.857149999999972
7.37,39.03965771881755,-104.54294254204407,39.08537254686037,-104.55267642412768,5,4,1,2,18.45,16.476449999999996
8.11,39.65657812589616,-98.41692716357716,39.66417810600896,-98.38945161139512,8,2,2,3,24.09,18.002950000000002
11.8,37.64540542843008,-73.88693135232552,37.685283521389735,-73.84861925298281,6,13,1,4,18.87,25.133050000000015
8.4,39.669976974164335,-103.0711748690692,39.653361140446506,-103.11470981348872,22,12,1,3,14.65,19.100950000000005
4.84,37.67190820338261,-92.3695790694646,37.6381534684502,-92.328880563814,15,27,1,4,11.7,11.51335
7.41,39.93236350437784,-104.50142071229666,39.95635226432681,-104.51244870326826,8,5,1,3,16.25,17.646099999999986
7.43,38.08032085484778,-90.07914049992876,38.12984752120056,-90.03519674885901,2,4,2,5,15.02,17.769349999999992
9.81,39.45024042987031,-77.33347424869221,39.44945026434169,-77.33129913068788,6,31,1,1,23.62,19.411849999999998
6.08,39.5155711513846,-102.92205316088868,39.56202027774137,-102.91485132855637,22,11,1,2,16.21,13.860599999999994
8.37,37.78534863573407,-95.11739720312352,37.76876061677712,-95.1593662694688,2,2,2,3,23.31,17.498199999999986
7.68,40.81247034405014,-89.98497249419742,40.84558595085269,-89.94038545234795,19,11,1,2,10.92,17.546900000000015
4.58,40.16447041803928,-91.36710334326798,40.20391095173815,-91.3488856954474,6,17,1,1,9.99,10.976100000000008
8.79,40.99764372995947,-118.16238888413824,40.95391892835348,-118.1892555310542,17,8,1,6,14.31,19.210750000000015
3.83,40.23025285100789,-88.48289257764495,40.18025637708139,-88.44713760750868,9,2,1,0,12.12,9.674850000000001
13.08,38.20430391178888,-109.74015393271716,38.24948497932652,-109.73201319438672,14,31,1,1,31.95,28.42934999999998
13.55,40.53379047249657,-79.08212721635417,40.53874199742947,-79.09485885010372,21,3,2,4,26.93,28.591949999999997
4.25,38.060091951556096,-80.36470194818546,38.06608965381038,-80.3764603039543,20,31,1,1,12.01,11.063300000000005
2.21,38.98932763514939,-81.0589074218598,38.9512259422671,-81.07616027746141,12,1,2,2,8.56,7.686100000000002
3.51,39.07051939844546,-114.6593230590934,39.0217211623202,-114.66300223283623,21,11,1,2,9.19,9.131650000000002
8.18,37.8363670851404,-112.4953153383249,37.841005094691,-112.49141101844307,6,1,1,6,13.64,18.421349999999997
6.7,40.48937667483315,-96.2644049646718,40.44164401948788,-96.27042347333176,19,18,1,2,13.9,15.624999999999982
6.54,38.74015649653897,-98.74427300513334,38.73474844923431,-98.69845764028328,11,7,1,5,18.1,14.858400000000003
9.85,40.30853355918009,-92.90983297419126,40.33702941186594,-92.92839116856403,17,26,1,3,20.11,22.143800000000002
7.49,40.96625680386788,-82.5596812340886,41.00930434794805,-82.5582384767657,13,23,1,0,16.5,16.522050000000007
5.61,40.578810817139896,-120.6217631399097,40.59205752280268,-120.62904526046006,0,19,1,3,13.52,13.683
10.05,40.19837617556878,-98.3685237178303,40.1751413525043,-98.39087943188554,6,2,1,0,20.29,24.223499999999998
10.08,39.32873768532237,-86.49682649113278,39.31958763933896,-86.49832974537408,4,14,1,5,25.67,20.770899999999997
7.61,40.85697314548534,-112.5113595458876,40.84257005990626,-112.467173857816,16,20,1,4,18.14,16.28880000000001
5.59,40.21554545533634,-113.01465909676712,40.198846369742014,-113.01780857304966,8,2,2,3,11.68,13.669550000000008
11.2,40.98545230347329,-79.88891114967593,40.9417778459889,-79.85607311060676,17,5,1,3,28.15,23.373100000000004
8.1,38.37476009337526,-109.00335950362536,38.39165300534167,-109.00389078447104,14,6,1,4,15.77,19.662450000000025
8.98,37.02332009712987,-84.56236242896613,36.98253945780201,-84.52907989728419,21,25,1,2,21.45,19.883199999999995
3.5,40.869470317632846,-83.943347609263,40.84113595092358,-83.8971446116274,4,3,1,1,7.74,9.540149999999993
4.81,38.66239003566543,-86.002493272648,38.64945752366224,-86.041349301154,20,18,1,2,9.19,12.90085
7.44,39.60644049809544,-92.81987056386546,39.56685218824848,-92.77110982300216,4,2,2,3,12.06,16.46165
7.8,38.93573648305404,-107.07439854142244,38.95503999145717,-107.04585240847754,7,10,1,1,15.39,17.91435
7.51,37.945510996584936,-104.33622094476635,37.98531048966812,-104.37246558533394,8,27,1,4,20.3,18.174300000000002
5.4,40.42189994335485,-104.6127562428767,40.42841169202559,-104.63229338103142,6,30,1,0,10.38,12.755700000000004
1.81,37.40571839496096,-112.9577227562718,37.42602872175799,-112.95864521034392,1,29,1,6,5.43,6.011450000000007
9.37,37.71215205023392,-75.10302383745511,37.67728199727228,-75.08583272258296,23,23,1,0,22.5,20.068850000000026
2.14,37.88668439236072,-80.29748226601939,37.93612299661654,-80.25367392562994,17,31,1,1,6.58,7.366499999999998
5.31,38.78434280215401,-112.63858641844236,38.823647724628586,-112.63647953631646,17,24,1,1,10.97,12.420750000000004
7.59,39.25693509634223,-87.11622724414116,39.22928424000956,-87.1040650648738,1,31,1,1,17.6,16.089599999999997
9.49,37.62698537562729,-76.54264724941041,37.62045330765709,-76.55031492638798,19,3,1,1,21.29,21.64479999999999
9.77,39.549989314023385,-76.76308805534639,39.57867315415104,-76.72412099083402,11,2,1,0,17.77,22.290650000000007
4.09,38.62783186698957,-117.45502903076276,38.66229416243325,-117.4652959610253,7,14,1,5,11.71,10.5972
11.55,38.75208699566439,-88.20863859707418,38.80012280595988,-88.25001615070862,7,22,1,6,30.56,25.118700000000004
4.52,40.490553515429845,-77.59837613333363,40.52178908741952,-77.56464181387304,14,28,1,5,10.06,11.634549999999999
9.47,40.68937061289032,-84.90078198712185,40.73569763410512,-84.8727660585973,9,7,1,5,21.07,20.555650000000014
11.4,38.85586838873429,-107.97802524328824,38.81920814688343,-107.99168042315668,15,29,1,6,28.51,24.41974999999997
8.15,38.478093973949306,-83.29980533731126,38.50137716713208,-83.32231104229447,18,28,1,5,17.45,18.6916
5.51,40.09295252453455,-95.67947890297594,40.09558600581195,-95.67809092348124,0,19,1,3,17.34,12.788200000000002
5.07,38.0222247249913,-91.46266476877526,38.00108199695345,-91.49307268597012,9,1,2,2,13.34,11.844450000000002
3.72,39.87249210997535,-113.96288147323276,39.87116364866293,-113.91686538592208,6,24,1,1,11.58,10.362400000000003
2.41,39.52150599152544,-99.12332856002232,39.49835157376258,-99.15345165062698,3,17,1,1,8.95,7.954699999999998
3.03,37.92106256504556,-98.84883235420304,37.87588420651338,-98.86568194021066,2,23,1,0,9.88,8.275750000000004
10.46,38.050276284016114,-74.1537352282039,38.08927678663988,-74.1242166379512,0,4,2,5,25.37,24.302450000000018
5.58,37.8274638936578,-91.61195377406943,37.85186014606937,-91.58059411708903,0,5,1,3,13.94,13.099950000000002
2.07,37.94914469117638,-75.381701730179,37.9258052533054,-75.35236521147966,11,2,2,3,8.29,7.292900000000002
1.72,40.51034583118662,-79.58458094272437,40.46406302344811,-79.54409189794724,7,7,1,5,7.0,5.7814999999999985
8.25,37.54997215956965,-121.49135613176968,37.594417377158095,-121.47537493803412,3,2,2,3,17.67,17.29934999999999
7.01,38.27358922665866,-104.32911762691327,38.278945295064695,-104.34264240527624,19,20,1,4,11.74,15.733749999999992
6.06,38.57222821797183,-73.40247720636256,38.59153672025628,-73.41980125164497,16,6,1,4,12.62,14.222750000000003
2.98,37.81543128183772,-119.95303874047856,37.81529431664076,-119.9294390667563,9,3,2,4,9.17,7.904700000000006
12.03,39.57476866701997,-80.99057280989365,39.56701987547682,-81.03894647327567,1,8,1,6,30.64,23.55725
5.14,38.30765326200171,-81.64263002263199,38.26021957547327,-81.60108097148334,14,1,1,6,7.78,12.937250000000004
10.52,38.76045059971383,-77.66662762808343,38.71545048458304,-77.69590030510652,14,1,1,6,23.93,22.886250000000008
7.46,37.92282163150962,-76.80390444131758,37.88443194989994,-76.79611671070393,17,26,1,3,16.81,16.25685
8.11,40.94582959964077,-95.64977040124374,40.91712400942921,-95.66536247139528,5,30,1,0,19.68,18.369250000000008
6.87,37.2283968901463,-104.15342519598428,37.2752095317436,-104.19360714689137,17,17,1,1,13.12,15.102499999999994
5.73,38.83910719029478,-87.6616893965138,38.84641272046218,-87.6212751015301,16,19,1,3,13.17,14.132749999999994
0.87,40.16634413409872,-98.02908909267956,40.14275460510835,-98.03229324819718,16,31,1,1,3.41,4.941499999999994
9.43,40.71258079145751,-87.6932928026491,40.74073449386715,-87.64484993815526,3,5,1,3,21.14,20.468899999999998
8.91,37.68365925569975,-114.85869915869664,37.64953484318034,-114.8419361453349,6,1,1,6,25.6,19.989800000000006
4.77,39.49161631377265,-116.64600077402068,39.48778881125981,-116.650396167259,9,1,2,2,14.2,12.66234999999998
6.64,39.91920554959484,-86.7826644279103,39.95043041940772,-86.77066338436919,6,28,1,5,12.73,15.189550000000002
7.6,38.60020491500806,-117.3673709206634,38.55878350403736,-117.3907066654026,23,7,1,5,22.47,16.985600000000005
4.63,37.54130113967164,-73.88520064151481,37.507006591682966,-73.88536167329879,10,31,1,1,14.24,12.095700000000011
3.68,40.990936030005365,-95.59610764722252,41.00992987196253,-95.54802697756526,10,9,1,0,10.17,10.698400000000001
7.96,39.40559690091196,-98.30447637144172,39.399749980187146,-98.31041494605977,14,12,1,3,22.59,18.266699999999997
7.67,39.1643245125523,-88.91087670731486,39.2133890911278,-88.90511089066358,3,21,1,5,22.47,18.12489999999999
9.28,40.96215144972887,-80.95822243804909,41.007207688824685,-80.9822018115621,5,3,1,1,25.14,19.488349999999997
9.19,38.08701771664479,-117.13358840802394,38.088584592164,-117.08749016568456,7,2,1,0,17.09,20.185750000000024
7.58,37.2813843593136,-98.51689871465284,37.23914429237971,-98.49334120056956,14,6,1,4,17.67,16.611300000000004
6.31,40.58140739365464,-93.47628461502735,40.59644521310075,-93.46221260617894,12,3,2,4,9.85,14.777899999999994
9.82,37.96670012982193,-82.94102380288899,37.92078195869295,-82.96644817544869,18,18,1,2,20.51,21.02744999999998
4.93,39.7525700751854,-87.20141914142636,39.76435836536307,-87.17273122818183,3,23,1,0,9.46,11.62019999999998
7.63,37.25108488775153,-87.18805216152597,37.25015743911858,-87.1467374931614,14,20,1,4,19.55,18.026000000000003
7.18,40.81941079514852,-112.33700093401374,40.786337971912666,-112.35238343318736,15,23,1,0,15.07,16.338050000000006
4.09,40.22865631307523,-73.97283120127926,40.27113302830361,-73.93929107949097,10,27,1,4,12.45,11.751150000000006
6.64,39.89046518701753,-85.66592096574132,39.9047962789703,-85.6298534324003,14,11,1,2,10.86,14.493200000000012
5.69,37.74038632117363,-76.2728162990321,37.72244311198913,-76.23510129556118,16,18,1,2,11.41,13.175350000000002
10.89,40.35814589707086,-85.43316912129444,40.36637195133736,-85.38923046801341,13,4,1,2,28.31,21.272199999999998
8.28,39.149788905345176,-104.26122274635802,39.109208543718026,-104.28307445335145,13,7,1,5,20.36,19.78945000000001
9.29,40.51520879025679,-98.63809391536836,40.55510886709728,-98.60610139135996,5,8,1,6,22.35,18.61489999999999
7.75,38.083979702495455,-80.91644604267758,38.10983668515868,-80.90589455926641,19,9,1,0,14.09,18.628500000000017
6.2,39.746284980606646,-91.88145384564294,39.72670576276425,-91.89074840039468,12,1,2,2,16.28,14.540700000000006
2.39,38.745222631510615,-119.72373941680938,38.734079912625006,-119.71154501189872,3,17,1,1,8.66,7.5636999999999945
7.8,37.113193637323086,-73.2056123515394,37.15759566763451,-73.22687687038137,19,31,1,1,20.16,18.18920000000002
4.21,40.44691701023845,-77.94048830076278,40.47380434433151,-77.9292469082698,5,12,1,3,13.81,10.446099999999994
3.52,37.909494496851416,-111.63076924309776,37.937374815495694,-111.62605900509888,13,1,2,2,9.76,9.909449999999998
7.54,37.80903954850588,-76.25450305680933,37.80129620872201,-76.25338076129712,21,26,1,3,12.33,16.998850000000008
13.61,38.83145286785387,-109.79587503075857,38.87981622854551,-109.81535780359012,8,8,1,6,25.75,25.197750000000006
7.72,39.104329605459625,-85.44504381916865,39.13200873504282,-85.48511391836452,3,31,1,1,20.15,17.71659999999999
8.1,40.12078269574657,-93.40853988205636,40.08558136269967,-93.37606620034192,11,9,1,0,14.35,18.76730000000001
2.54,37.27077090841462,-101.543918085652,37.26266341026552,-101.52702553509792,2,1,2,2,7.44,8.16730000000001
8.7,38.58545051372654,-75.28471999117849,38.59905748018208,-75.29429425202049,3,24,1,1,21.34,17.885949999999994
7.05,37.27942767471893,-97.74374153592846,37.24128418898571,-97.77308881442336,8,8,1,6,11.63,14.63385
7.62,38.89576048611551,-101.31753356458644,38.934399094647794,-101.3113418522008,8,31,1,1,12.75,17.40684999999999
7.78,38.92991810084676,-76.33964704206338,38.88345747102485,-76.35469760793823,2,14,1,5,17.9,18.442099999999993
7.59,38.41109970200539,-96.98371365279696,38.414617592841246,-96.95123372910976,17,30,1,0,13.5,16.33039999999999
4.49,38.1331011267842,-105.04585374936094,38.14439315265465,-105.0175395588229,19,29,1,6,11.97,10.94070000000001
8.76,38.004636141577,-81.98330387063562,37.99849913425046,-81.95804290560308,20,23,1,0,17.64,19.854949999999995
2.92,40.07136569222251,-104.70915240124629,40.11839692871678,-104.73125338056924,1,20,1,4,9.62,8.2802
9.19,39.5929403516432,-97.45907419778996,39.56840358165723,-97.41908520137264,8,3,2,4,17.08,19.05429999999999
8.85,39.30158718761377,-74.49687871789594,39.25322143618813,-74.54062331813788,21,28,1,5,13.79,19.79989999999999
6.94,38.388178244399406,-92.72853107271436,38.42494403088752,-92.70970260929133,10,11,1,2,18.14,16.96895000000001
7.91,38.39709179569073,-77.82190621250189,38.36926768914116,-77.83509749318618,13,28,1,5,11.67,17.052600000000016
8.75,40.17265801431766,-113.62974122922522,40.2136466054335,-113.58948267779908,4,10,1,1,14.84,18.797399999999985
3.41,40.31487152634229,-105.33066161917424,40.291412563966176,-105.3192097348999,20,3,1,1,5.61,9.077400000000006
8.35,40.5169347674585,-81.1999047945848,40.496199526176426,-81.20066674028756,6,2,1,0,15.89,18.592999999999982
9.11,38.44826112130671,-95.13970533116452,38.40096940892438,-95.17375649081735,23,6,1,4,23.12,19.627750000000013
6.03,40.04724939774118,-93.3461115260904,40.023714159029154,-93.34264725707656,12,10,1,1,12.27,13.432149999999995
4.93,40.45747182638296,-119.19524327175432,40.50482342094849,-119.2253369081484,11,30,1,0,9.6,11.681199999999999
6.9,38.71095254106845,-112.69511295806282,38.73608607351515,-112.67541858980964,4,12,1,3,11.24,16.3518
7.08,37.11822884451357,-115.09434887888268,37.10911058023015,-115.12510523570631,9,2,1,0,17.8,15.508249999999999
12.22,39.37248976820496,-76.13290707054554,39.38762698795778,-76.14123834878265,7,4,1,2,30.92,24.503000000000007
10.51,39.88683863553457,-109.43317537050706,39.87703086004248,-109.38880549021444,17,7,1,5,19.74,23.76305000000002
4.39,39.10826296860009,-99.09663928025446,39.06090456501637,-99.11398304318648,20,2,1,0,7.13,10.303050000000002
6.28,39.27793406376956,-98.23309166773282,39.23147271053684,-98.2143840109729,11,16,1,0,12.14,14.756549999999997
8.82,37.19085933446052,-113.11990331998489,37.18965071136983,-113.08951078049714,14,10,1,1,18.24,18.105400000000007
5.88,40.94237571213064,-95.79441143745962,40.96468125675084,-95.7500371094478,23,10,1,1,15.56,14.498700000000015
13.25,40.277966942334245,-92.8934307014001,40.23556944044749,-92.86489895023809,6,5,1,3,31.09,26.015349999999977
6.17,40.53657699794943,-113.36065772219114,40.49285243944325,-113.40125748059177,11,22,1,6,12.49,14.742749999999992
10.22,39.06645922387174,-74.17419397276075,39.05536161399247,-74.20614886624244,8,13,1,4,20.83,23.086750000000006
6.44,38.627830486569685,-99.5600430586531,38.62320995365612,-99.58705389438424,6,13,1,4,16.24,14.678500000000003
8.37,40.1701703288241,-79.56390720361482,40.20221554539599,-79.56566555036093,20,16,1,0,13.97,19.026750000000003
5.26,37.40618287737159,-80.20141079810148,37.45428925906348,-80.24473125058091,5,15,1,6,9.93,13.705249999999996
10.52,37.87373031134165,-101.72818897399137,37.8815729855681,-101.72401845498908,11,19,1,3,25.26,22.435299999999994
7.61,39.26897159670659,-84.69324139113844,39.27164927957807,-84.65344798217946,0,17,1,1,16.91,16.09705000000001
9.7,38.28266618744704,-75.57824027205959,38.26000613817143,-75.58913815214102,4,20,1,4,22.85,20.91840000000001
11.23,40.79155120489438,-79.88866256261386,40.76241929114836,-79.890007765773,22,3,1,1,19.76,23.296849999999992
8.1,40.48976462498987,-100.1754705994518,40.53708703248885,-100.2187004763056,5,5,1,3,17.48,17.416800000000002
10.43,39.13707196726915,-104.55423483374491,39.13894520853357,-104.52619727680732,13,9,1,0,21.42,22.953399999999988
0.78,38.53377438778739,-120.98319507401744,38.51938634882716,-121.02474811711248,14,25,1,2,3.12,4.420100000000001
6.73,38.8838841623046,-113.81617936356012,38.87085579461963,-113.86462223070414,19,13,1,4,14.97,14.771699999999974
11.07,39.55558212360767,-101.82803889641094,39.533707459462896,-101.78709582776176,14,4,2,5,16.25,22.250549999999997
3.7,39.08139921358776,-114.20875333636222,39.08856539447586,-114.21726226349678,21,15,1,6,7.85,8.757050000000003
12.29,40.72219848980162,-77.48834868272681,40.75405157339191,-77.46174177120176,21,21,1,5,25.72,25.477549999999997
6.41,39.15032207575834,-107.61303281156904,39.19020297892244,-107.63826876200896,15,10,1,1,9.64,14.624400000000007
8.6,37.22892649075673,-107.99131245039592,37.269747568830525,-108.0164981574445,5,17,1,1,18.05,19.935150000000018
6.4,40.14246355068502,-114.60096379280893,40.171971587385805,-114.63943455567583,0,4,1,2,15.63,14.16275
9.29,37.63147574213336,-103.943275351852,37.6518169947947,-103.9167739567359,0,19,1,3,24.27,18.842000000000017
9.93,40.903079393067735,-74.85020451989743,40.92828424766676,-74.89000893507658,13,24,1,1,20.04,22.82929999999999
5.83,39.73604716607992,-101.37823536966816,39.68746006978974,-101.33635365022892,2,23,1,0,11.22,13.488600000000003
10.51,37.63304911739662,-111.17220008199745,37.62110769445459,-111.16859602002371,2,6,1,4,21.96,24.11900000000001
5.36,37.14864583154432,-80.37749850317601,37.12374950556448,-80.35225845602088,23,1,2,2,12.83,12.845800000000002
2.79,37.18920188780125,-76.2184857390313,37.17471190312265,-76.17096641571409,15,6,1,4,6.7,8.225400000000002
5.75,38.95952304781521,-92.56732827633888,38.9941426633452,-92.54996992347787,19,2,1,0,11.35,13.24265
9.62,39.31001340165688,-78.51578645183506,39.333695972878935,-78.51390655599319,10,4,2,5,25.38,20.978800000000007
11.07,37.395867577625225,-102.53392446274478,37.42839382880479,-102.50145469231276,0,2,2,3,24.01,24.01765
7.25,37.26080565839696,-87.01729075763933,37.23070566782992,-87.05050873666374,14,11,1,2,15.13,15.617449999999995
8.56,38.28729063721008,-77.14596221203277,38.31955717850951,-77.15709037659187,17,3,2,4,19.91,18.628099999999993
8.07,39.75414841896629,-109.56634359731572,39.793169776942925,-109.5675548326658,8,12,1,3,16.3,17.675850000000008
2.83,38.39524081187563,-77.51062525305392,38.42296416751547,-77.55442038958712,23,10,1,1,6.21,9.25469999999999
11.65,39.48633515957901,-102.98189348105971,39.45854475565833,-102.9484703459032,22,20,1,4,25.64,24.878949999999968
6.56,38.741838939391975,-111.21307640039996,38.77099408662946,-111.25793454846112,7,29,1,6,12.1,15.584399999999993
7.96,38.95707417810567,-112.56422173400398,38.95360937452973,-112.57424844971008,22,11,1,2,13.3,16.774599999999992
7.54,38.026202489364856,-93.65718674072232,38.04888644966045,-93.63980987100824,8,14,1,5,11.64,17.748850000000004
6.56,40.45556427458413,-105.52971088238964,40.493761205635614,-105.533905208304,16,8,1,6,16.76,15.338100000000008
6.1,37.09840077765293,-100.21428844289768,37.11655664097385,-100.23418259794052,6,5,1,3,12.34,14.634200000000007
8.08,39.5102460508246,-98.77458783190146,39.53517484520367,-98.72886383482027,9,3,1,1,15.61,17.67524999999999
9.17,38.40727879467404,-100.53326491026348,38.4361900157576,-100.48547383274489,3,18,1,2,15.03,20.391049999999996
0.12,40.563226695586025,-106.9583289487549,40.53106892490065,-106.99345548773096,2,15,1,6,5.01,3.664450000000002
6.57,39.9443428023047,-116.5721741503904,39.9618202543844,-116.55639455236368,13,2,1,0,13.64,14.544499999999994
9.57,40.478096688481685,-105.2430543622254,40.444788865447386,-105.2123269649362,17,23,1,0,21.19,22.000299999999996
7.85,38.05853314946621,-73.59679718676152,38.10738264412482,-73.58067631847923,12,30,1,0,17.67,16.818750000000016
9.0,40.96552442132392,-90.04755857796914,40.98816351293004,-90.05076766610505,12,19,1,3,17.15,19.940650000000023
4.47,40.12049778880275,-94.13000751418237,40.16713411969885,-94.10749199765084,8,6,1,4,11.15,11.475699999999996
11.23,38.81049079705302,-84.88351901704148,38.835940027366064,-84.92338969761302,4,4,2,5,22.41,25.229750000000028
9.13,37.9329962931353,-89.65789707533489,37.95746035143711,-89.66086315622655,13,21,1,5,14.49,19.388749999999995
4.73,39.85543766272086,-118.36907472742676,39.82486329792487,-118.41591738463286,14,3,2,4,6.98,11.842299999999993
7.43,37.0557781458117,-92.5435745013954,37.07034853435271,-92.52988491415977,23,7,1,5,20.15,17.347300000000008
12.99,38.15133721674032,-109.45655131069236,38.17423856273604,-109.50432230876012,5,25,1,2,19.6,25.392150000000004
5.56,39.54996649485123,-96.83903018336554,39.509069033976864,-96.81169482435784,12,1,1,6,15.86,14.162699999999996
10.92,39.3835193102104,-81.32035509962625,39.42052559724697,-81.35720288123308,4,23,1,0,19.25,24.287450000000003
4.59,39.89633611475759,-104.5262841282684,39.93218626475493,-104.5433530347458,21,31,1,1,13.14,10.880400000000009
1.76,38.50797614440668,-76.76127728920241,38.51714554810956,-76.7638897945555,6,22,1,6,6.52,6.836349999999994
3.82,39.66734574852407,-110.49712918025858,39.6574855304305,-110.50339433766165,9,19,1,3,8.48,11.25605
0.38,37.53728095695856,-97.01043677039168,37.575817145102846,-96.99875642525068,13,1,2,2,5.47,3.943650000000004
9.11,40.34698722979977,-110.2217322261834,40.31589534033934,-110.2514100004773,2,5,1,3,24.19,18.287249999999993
4.34,37.48983174047814,-98.24553253149796,37.46070168068172,-98.24876154198422,6,20,1,4,9.86,11.231800000000005
3.13,37.2411780145215,-117.57384718317574,37.21947924130123,-117.53459835362597,6,7,1,5,6.74,8.091950000000008
11.9,40.016837346469615,-96.95048729635128,40.01083356612384,-96.98042680446405,3,23,1,0,29.19,26.479800000000004
3.56,40.012305673108095,-94.5939583884884,39.989893679898096,-94.6358128337257,16,31,1,1,12.35,9.0079
8.25,39.60724180498154,-101.07862138073745,39.65016598287279,-101.0610846812921,16,5,1,3,20.0,18.743399999999994
3.58,40.90833223313084,-112.66579882202218,40.8632612826684,-112.70422155711432,19,2,1,0,10.1,10.059049999999996
4.56,39.78939623954616,-93.58060738290278,39.828259340198365,-93.591841751324,11,5,1,3,11.46,11.887550000000003
6.0,40.88406107051432,-74.93611223007431,40.92595967848269,-74.92959373163983,10,12,1,3,11.88,14.521449999999989
6.22,39.933869100084905,-75.51160848754466,39.97922137307439,-75.48021020385968,16,4,2,5,14.78,14.576499999999994
7.68,38.72825788465867,-105.9805327356736,38.74885637027084,-106.00646175378812,4,2,2,3,18.11,18.385350000000003
10.81,40.16434433623346,-74.05808686259101,40.19001286374977,-74.10104592319696,8,9,1,0,28.03,22.041150000000016
5.33,39.73489141023287,-76.50892108881646,39.70725435176304,-76.48843001262878,17,9,1,0,15.2,13.801499999999987
2.24,37.96348351031251,-93.7122970461459,38.0043304744979,-93.70253753664036,19,2,1,0,4.26,7.825399999999995
11.72,37.5207057715403,-112.77335924017277,37.51488775144279,-112.72887546058416,3,20,1,4,22.56,24.069100000000006
9.16,39.97895034889205,-94.10714444673238,39.94528282828266,-94.15261134494948,5,6,1,4,19.67,20.159950000000002
5.09,37.09578872415456,-99.95308469972544,37.11906841262936,-99.90371411204268,22,7,1,5,13.97,11.966349999999995
7.56,38.09362156677636,-97.0217023451142,38.12512296807154,-97.0563206812912,16,6,1,4,13.13,16.3097
5.76,40.49871940675444,-114.34591154777412,40.49059331279889,-114.37938665481371,6,6,1,4,13.85,13.629750000000008
3.68,38.6486919923045,-119.03343521162834,38.60891283531065,-118.98754747734928,6,1,2,2,7.63,10.442549999999997
9.75,39.08102569391668,-90.99441881283104,39.11569711977245,-90.94701612163692,9,22,1,6,26.71,21.018
7.57,38.03902931977622,-85.06393220337512,38.01348487156376,-85.10454337450498,22,17,1,1,18.55,17.0842
2.22,39.63959815291836,-76.55392515157872,39.61513345684813,-76.56459761299425,11,30,1,0,5.67,6.674100000000001
12.2,37.48586487463435,-74.39382838659654,37.47371228435259,-74.40397737952968,0,6,1,4,18.25,26.932200000000016
13.96,38.14401034396444,-98.16496182469491,38.13222506597727,-98.18642927845008,17,10,1,1,22.58,30.126199999999987
8.89,39.06569914785275,-114.39087822913449,39.09834319550488,-114.35826729148616,21,5,1,3,16.5,19.501900000000013
3.99,40.13214016613854,-110.89534982108282,40.17578088794199,-110.93316933472238,7,13,1,4,8.84,10.479849999999994
10.4,39.187955037907685,-113.61896317091043,39.168168611548985,-113.61861651873174,7,30,1,0,24.24,23.044199999999996
6.31,38.06135124796694,-121.43177500406628,38.10372774561499,-121.427965333998,2,20,1,4,10.8,15.479350000000002
10.37,37.05935911022193,-74.89839923872417,37.09266654555609,-74.8974247261748,11,2,2,3,19.01,21.998350000000006
6.79,39.92451981093463,-103.59550905962244,39.91554054874023,-103.6286846258814,0,27,1,4,10.99,15.187249999999995
5.72,38.43920537935797,-91.9824523001932,38.43154219216428,-91.9586945847596,22,5,1,3,12.26,13.72539999999999
2.6,38.1299932546322,-95.82040751694667,38.089249273434206,-95.85082464017076,4,1,1,6,7.38,8.668199999999997
9.48,38.90909644223702,-84.0215115453075,38.90622093325167,-84.06749147937066,0,28,1,5,18.68,21.40064999999999
1.67,39.40657237429235,-78.80436046169646,39.45306898954016,-78.81436758113232,7,4,2,5,6.22,5.4558500000000025
9.42,37.611125498017046,-105.86090750562288,37.6171845614834,-105.8335905513831,7,5,1,3,19.87,19.247449999999972
1.24,37.33549594541698,-86.33247268762537,37.3426427707636,-86.29509472245226,14,22,1,6,7.1,5.484
9.46,39.17435335466244,-83.42321787255104,39.15267473671619,-83.42192962949717,3,17,1,1,21.27,20.42655000000002
7.91,39.21838004389849,-96.43493858985046,39.267970120706224,-96.42782353523246,22,2,1,0,18.04,17.63959999999998
7.2,38.43413069071358,-78.07243425786572,38.38826638937641,-78.0307025052853,16,3,1,1,12.04,16.898149999999987
3.21,38.854181267646254,-113.50990768484122,38.87518103747468,-113.53222286979432,21,13,1,4,5.84,9.6211
5.57,40.817407234696425,-116.57569765420077,40.8195023047889,-116.58613985428138,1,6,1,4,8.61,12.734750000000009
10.99,40.85657281071131,-111.08366272998364,40.84060126304532,-111.1306641610148,18,18,1,2,17.56,22.196600000000007
1.3,37.53344169486043,-99.79407038681126,37.54199003006938,-99.78921391000766,21,20,1,4,5.49,5.407200000000001
9.44,38.07269418239327,-97.7059891008193,38.10470684036717,-97.7540712252021,10,19,1,3,23.25,20.72705
9.82,37.53462634346686,-81.59689583790018,37.509626938093696,-81.54952542982167,21,2,1,0,22.18,23.29500000000001
5.92,37.29417521249809,-108.94148868626162,37.27631871838884,-108.93266321773535,16,25,1,2,16.33,14.05845
7.34,39.340403651531005,-90.75669737962144,39.33637126814657,-90.7498074928,22,22,1,6,16.12,15.416749999999986
4.98,38.85430085897263,-93.16172837533249,38.808491723317736,-93.17169828925994,5,30,1,0,14.37,12.813099999999999
9.69,38.65455225327247,-78.51494148892697,38.6217048802373,-78.48358467406052,14,11,1,2,23.63,20.070399999999992
5.2,40.77860534424775,-103.41598401797506,40.73817020539947,-103.38952664278784,5,18,1,2,11.86,13.581150000000004
4.57,38.12559025617187,-81.47980912298554,38.13107335000993,-81.43760386638822,19,11,1,2,7.77,11.793800000000001
8.06,40.712428495993855,-80.170940462841,40.67641432194085,-80.19981671328952,9,3,1,1,12.01,17.551300000000005
6.31,40.03558557643861,-118.05828800532258,40.05464612424966,-118.03453684747912,15,25,1,2,15.53,14.486500000000001
3.66,38.56483168843221,-74.24250707799115,38.583288948955314,-74.25593347241889,12,24,1,1,11.07,9.5872
4.65,38.26667418639934,-112.7159574846686,38.29979269685159,-112.72797508187575,0,4,1,2,11.45,11.290750000000001
3.83,38.57782205800841,-113.80079438708448,38.59476235657807,-113.81474478466988,21,12,1,3,10.98,9.214150000000004
9.45,38.22757154340824,-98.8587196396717,38.27170267751815,-98.86929232492352,0,1,1,6,15.87,19.8762
6.13,37.42833447948498,-85.1384177517628,37.4460932000292,-85.14508822711656,20,1,2,2,12.72,14.162400000000007
6.89,38.072081438074974,-101.08192849744034,38.02671125568586,-101.0500754529696,2,4,2,5,11.02,15.209050000000001
7.42,37.83543304981102,-83.8993344940274,37.85709879840812,-83.90523668691209,4,3,1,1,17.23,17.136650000000017
6.7,40.03613042445944,-81.73841103684988,40.02118985037681,-81.70633515086436,4,21,1,5,14.52,15.682300000000012
4.7,40.189867592106935,-91.70374258827796,40.21402656771813,-91.67018744599427,17,14,1,5,9.48,12.009049999999993
7.79,40.46447107630914,-80.23565855031123,40.49905365987911,-80.20269950357363,3,25,1,2,19.9,17.315100000000008
8.84,40.33379593967363,-79.5329815943919,40.32073951395582,-79.54718590145399,19,24,1,1,21.09,19.16324999999999
7.0,37.815780486735896,-93.47639449465984,37.8205083021969,-93.4411113850964,13,3,2,4,12.11,16.65455
8.94,37.92945996244094,-108.47768138607444,37.90640927570233,-108.46203949701484,2,23,1,0,15.2,19.680500000000002
10.4,40.59831601594344,-85.91504869399762,40.624790300317066,-85.92429082001343,6,1,1,6,25.86,20.825699999999987
5.28,40.868933226226645,-99.96870678411322,40.84187594645704,-100.01180667405411,19,10,1,1,11.72,12.987499999999994
7.96,38.72604642665239,-104.1187449922982,38.70803834924517,-104.09580362250426,10,19,1,3,18.12,16.670350000000013
14.37,40.30869344138784,-82.46459309519057,40.34235790112771,-82.5011180290128,16,22,1,6,32.35,30.36774999999997
4.21,39.14275582498029,-89.80480414045346,39.17768297900431,-89.77921645478631,1,21,1,5,10.12,10.549650000000007
9.02,40.8309070271102,-113.78129366718828,40.88031532861018,-113.73768485945554,2,27,1,4,24.01,19.018800000000017
2.26,39.58791740004263,-94.35684036045448,39.56466727320165,-94.36677549505742,11,17,1,1,6.99,7.458149999999998
10.73,38.91844503275474,-121.13998499187684,38.888679735002746,-121.09373587211904,19,20,1,4,22.8,21.609749999999984
5.27,38.25845105517872,-82.28578230133408,38.30198917963676,-82.29255839076522,8,5,1,3,15.34,12.211549999999994
3.69,40.20803801713557,-86.28753999851197,40.21112686765856,-86.29414821859226,2,12,1,3,10.09,9.986350000000009
8.92,40.06092484192988,-88.72206298487461,40.0217210375512,-88.71669641808604,2,3,2,4,19.39,19.909450000000007
5.36,38.22682454096071,-85.48646695541427,38.18105506031634,-85.47457639627727,1,25,1,2,16.4,12.450900000000004
9.19,40.69328563556128,-90.14867124827876,40.68138192955601,-90.1767273558834,16,26,1,3,14.13,21.419400000000007
9.11,37.66698627701292,-98.28243660640896,37.70254306684343,-98.29393510843003,2,29,1,6,21.86,20.900749999999988
6.12,39.80603908900456,-109.11787370334832,39.83970742242145,-109.08108032118496,16,10,1,1,15.55,14.618099999999986
6.96,40.68243334484975,-93.42097231230936,40.71843780719514,-93.43916063008672,9,3,2,4,20.81,16.574650000000002
8.2,38.93509037716348,-85.2382149515437,38.97853711023424,-85.27268151358855,8,11,1,2,22.63,18.22905
4.42,37.58822723287085,-110.48980401677508,37.60350037402058,-110.48739888066343,22,5,1,3,10.87,11.313549999999996
11.3,39.749406308989386,-85.91453257240491,39.79025252984148,-85.90196976744608,22,26,1,3,20.82,22.635900000000003
9.44,37.86649911506839,-106.08344735718347,37.88678921725086,-106.07606517270744,15,5,1,3,23.26,19.034899999999983
7.98,38.1518326760898,-77.25334224171098,38.20082004186601,-77.29279791457857,23,25,1,2,17.12,18.029550000000025
6.42,37.39651976314447,-113.3646547935804,37.38694352284909,-113.33849945277127,7,25,1,2,14.88,15.569049999999995
2.89,39.27707306594151,-79.39986474758544,39.265336585911015,-79.37729451268761,19,28,1,5,8.9,8.676949999999998
4.87,37.22902765091342,-119.76713622420644,37.20547427323908,-119.75176081686648,2,3,1,1,13.68,12.231050000000009
7.38,37.941061832512325,-78.82639589144782,37.9177546584071,-78.81194786727538,6,9,1,0,16.82,16.266499999999997
6.25,38.97246039602999,-98.67975128657316,38.92992763244529,-98.67469030538682,22,10,1,1,19.07,13.678749999999996
5.35,39.92668325263905,-108.82503196534724,39.96492421030872,-108.8310068356708,17,2,1,0,10.64,13.088100000000008
5.71,37.39794309398862,-95.73260671264454,37.44703432123615,-95.7729671042578,18,17,1,1,14.11,13.190799999999998
0.03,40.12144660152469,-94.68474705407698,40.07436191764258,-94.69237644438734,20,10,1,1,3.6,2.833950000000001
10.1,38.39249085814647,-75.5179192741366,38.436624959489,-75.49268342060624,22,24,1,1,21.55,20.353499999999993
13.71,38.24603311546096,-106.26993398424356,38.21528814538431,-106.2345619329675,1,5,1,3,32.1,28.406900000000014
5.99,39.49981731414096,-114.47381873594404,39.53870607204127,-114.43021383685296,16,1,1,6,14.63,13.378849999999995
7.7,38.57008950704531,-104.33760931181853,38.60255291263563,-104.30692054919987,12,2,1,0,15.67,16.99594999999999
2.02,40.01123679734324,-99.50423043605224,40.06072233146588,-99.53018057603028,14,7,1,5,6.54,6.4985500000000025
7.42,38.00603762854452,-90.52894232149578,38.02800059291606,-90.50797448179372,10,13,1,4,21.47,17.089899999999997
2.65,37.16262619385039,-74.88810038497209,37.20515781351999,-74.85761768474325,1,12,1,3,9.14,7.504649999999995
3.34,37.92703867589984,-114.56824282437096,37.88202256840704,-114.5697699336616,2,1,1,6,6.69,9.5885
11.59,37.96778707945884,-111.0506499100406,37.94781135670181,-111.07941541764892,8,16,1,0,25.84,25.1982
9.2,37.22002162530452,-81.56674189389643,37.174501444625655,-81.58567202206137,4,2,1,0,21.76,20.524650000000005
1.69,40.98772151638678,-88.48614381841637,41.02222752957358,-88.51596145509313,11,17,1,1,5.52,6.125050000000001
13.72,39.18499605554682,-88.4347866505046,39.2065202625608,-88.3907293898582,8,1,1,6,28.13,28.76114999999999
6.94,38.11553079340548,-117.24145597082816,38.14587336090696,-117.19502343839096,21,16,1,0,19.11,14.437199999999997
9.52,40.39701708926696,-86.52611902976994,40.36738880484516,-86.5465125887895,17,23,1,0,20.07,22.370000000000008
5.29,40.45351436670104,-81.63084148924028,40.43455133098215,-81.63121846460028,20,20,1,4,10.24,12.954050000000002
7.88,38.02543973767338,-121.3668327797301,37.99489206347093,-121.40745478712604,19,19,1,3,16.21,17.063050000000008
4.21,38.83911370481094,-75.37294811102984,38.79671581912921,-75.38863721255873,15,30,1,0,8.55,11.487150000000009
7.14,37.72631432817543,-77.42895268682979,37.68708293517792,-77.46155151837029,1,29,1,6,19.12,17.58409999999999
4.3,39.67213140044174,-113.55628013137392,39.71587187332902,-113.57013155006018,13,22,1,6,10.35,11.599100000000004
7.48,38.23124506525687,-79.8391426904895,38.26891426351854,-79.84273294426022,14,27,1,4,18.49,16.97785
7.56,37.48393006390407,-118.32159876261872,37.49790191467675,-118.30923720887785,4,13,1,4,10.87,15.243049999999993
2.6,40.80179045247333,-118.68835425577144,40.81423884762435,-118.68530851807108,6,3,2,4,10.8,7.907649999999995
13.04,39.843184454324025,-74.0813305574036,39.87760493985365,-74.05615765531392,23,21,1,5,35.57,25.143999999999995
7.85,40.73556527140266,-74.18509060717383,40.75163103421824,-74.21032497126245,4,17,1,1,24.37,17.636950000000006
5.43,40.71739866246647,-114.81448488472654,40.72906216541784,-114.85898832552998,6,5,1,3,10.93,12.700249999999993
7.9,39.44559913363023,-92.09370985393718,39.45109573066032,-92.13402479992894,23,25,1,2,20.28,18.6263
10.74,38.67489969012784,-103.07391827495488,38.69618267364015,-103.05288079207682,3,12,1,3,23.04,22.358899999999995
6.43,40.00193123467477,-98.79452358637504,39.960702686318285,-98.7779217976848,0,19,1,3,13.82,15.721899999999998
6.47,40.519121187744055,-101.0002467284534,40.54564637974516,-101.04608180530522,23,16,1,0,14.07,14.088999999999997
4.81,40.35960256572991,-112.2806161391443,40.37931673918767,-112.29526685810062,22,19,1,3,8.17,11.705149999999996
5.33,37.55115808056428,-89.19340093302414,37.52234604660951,-89.21627376268741,3,21,1,5,15.35,13.092450000000003
7.27,38.97908737216548,-119.30465506070392,38.97960641075224,-119.31831711518076,19,19,1,3,11.97,16.161199999999976
5.5,37.12519708188496,-88.06205319852465,37.081701269913125,-88.02695587696537,22,23,1,0,14.35,12.25405
1.01,38.67731130058636,-116.72533190312156,38.71058073342504,-116.75725111521167,10,2,2,3,4.2,4.6110000000000015
5.57,40.45192380801755,-113.03064967769316,40.428290959096046,-113.01318028861796,17,29,1,6,15.05,13.91799999999999
2.86,39.41706414857616,-89.97768340090832,39.36948950357714,-89.99891043275913,1,21,1,5,7.49,8.533750000000001
12.55,38.23326603202748,-113.35465905013116,38.21188102862029,-113.34214907379088,9,3,2,4,17.29,26.934599999999993
8.62,37.96732414015482,-89.36324723037417,37.98032479051168,-89.39528211559794,19,25,1,2,22.84,18.354400000000005
4.38,40.01536160064368,-90.39920118605288,39.96673108394452,-90.39271616690122,16,5,1,3,10.37,11.311800000000003
6.02,40.26643187604933,-95.440897683968,40.26601436168962,-95.42788579626756,6,4,1,2,14.27,14.43769999999999
11.77,40.693760844524704,-93.30437305578378,40.6476703665437,-93.26788105347045,1,27,1,4,20.86,24.589350000000028
8.98,40.15081475285204,-113.34683512050157,40.17232798695287,-113.31310178384896,7,3,1,1,17.39,18.34565
5.71,40.38132182553056,-75.61398567103001,40.37206001537975,-75.64583897832965,3,2,2,3,14.27,12.853399999999999
5.23,37.994992002928726,-81.07817043285209,37.997258249992086,-81.0691999163126,4,1,1,6,14.41,12.790300000000004
1.88,38.7292144330606,-95.30287301590045,38.77739058334734,-95.27981947807992,11,5,1,3,6.51,6.26145
8.35,38.50288606832835,-73.21689951061241,38.50031794282477,-73.26627982691198,7,11,1,2,15.52,19.437749999999994
6.09,38.3263926690146,-87.85598518523807,38.2811571097494,-87.84875127038723,23,15,1,6,18.48,14.400049999999998
9.0,40.48091502002137,-105.78415452895372,40.51520784941783,-105.81312245086556,20,6,1,4,19.19,20.188699999999983
10.47,40.14463039560108,-73.23160802922601,40.10288721975763,-73.23546865499287,4,3,2,4,16.69,21.722199999999983
1.32,38.32304390488997,-84.32867111654375,38.2859606776366,-84.32918657442569,19,25,1,2,5.04,5.127100000000001
2.75,39.25499077346548,-76.46757968906392,39.28919984327876,-76.45624408758158,5,3,1,1,8.24,8.095600000000003
5.3,38.23694693039695,-79.05126510711212,38.23168598555914,-79.00497132273557,22,3,1,1,11.11,13.535999999999992
6.95,39.53228269002072,-121.02073200825556,39.5583095723384,-120.9951144339486,1,11,1,2,14.93,16.295800000000007
6.15,40.63694604127134,-99.39612283695472,40.6355522030356,-99.39590087912684,18,21,1,5,15.36,13.489250000000009
8.86,40.61302070944647,-75.1453259569462,40.60351639174058,-75.12675654087232,9,18,1,2,16.15,20.1141
8.81,40.4788568820757,-101.48057557451608,40.51177318116744,-101.47024404167227,17,14,1,5,19.04,19.505650000000003
7.25,38.654129501775614,-115.40284835915756,38.64633718612574,-115.42188513045376,4,21,1,5,18.51,15.998100000000017
11.74,38.19233290716689,-85.78149279192331,38.1697136509716,-85.7499966909015,14,9,1,0,19.59,24.29625000000002
4.81,39.18917499544335,-96.06895152908204,39.19254388601984,-96.08304334976602,22,27,1,4,10.28,11.842699999999997
6.81,37.55193813839372,-111.05424100789112,37.56323498178998,-111.00763671894296,18,1,2,2,18.52,15.058649999999993
6.04,37.57643543087962,-86.6959452586765,37.61735984999947,-86.6857569888553,3,4,2,5,12.39,14.60735000000002
10.55,37.9977133592864,-118.12389584187568,38.02971021077437,-118.1444091419588,20,21,1,5,24.46,21.89244999999999
8.13,37.86418599351761,-77.00492660796351,37.81545730376653,-77.01265722807335,7,18,1,2,14.42,19.231850000000016
7.77,37.35517513396952,-99.46151269618078,37.321292915243546,-99.47986236138144,6,12,1,3,16.12,17.263650000000005
4.64,38.37880408303302,-91.92200897302904,38.40138718764971,-91.94558076969794,2,10,1,1,12.35,11.585849999999994
3.23,37.944030791054,-93.42282910940736,37.9475562454585,-93.45986583708287,16,27,1,4,9.61,9.156999999999995
8.98,40.25526507414387,-108.10899292165756,40.22845622252928,-108.15201719678456,5,2,2,3,19.21,19.865750000000013
8.38,38.3815708452404,-79.57364354223617,38.34676477505191,-79.57753070776589,21,3,1,1,15.22,18.622900000000012
6.54,38.07987697623009,-112.92980567512828,38.06133309212085,-112.93791431834823,19,15,1,6,12.61,15.068999999999992
6.69,37.81580754589199,-105.41626152281968,37.79892357544952,-105.39777999883567,16,6,1,4,13.5,15.34654999999999
4.12,40.07155340136854,-115.32497590480097,40.04642334852935,-115.3231793031432,20,11,1,2,10.51,10.507149999999998
5.39,37.82700753740852,-73.5807030614861,37.7880852563352,-73.59057767160724,12,1,2,2,10.03,13.866300000000006
7.91,40.54390422388023,-100.98699693619444,40.56045391588753,-100.9602268612578,15,30,1,0,13.64,17.562999999999988
5.36,37.67408793978059,-92.5287664922824,37.67592909572425,-92.50738714716066,0,30,1,0,8.23,13.266950000000008
6.22,40.03780651963734,-83.9435561008278,40.07805431150818,-83.93277054615525,17,3,2,4,10.94,13.991399999999999
7.2,37.6932994919932,-100.0508576959065,37.7199000852769,-100.0055263199068,12,19,1,3,17.73,16.370350000000006
2.77,37.991368595309225,-86.7703364311404,38.02806453090607,-86.80839855432977,1,14,1,5,8.51,8.078850000000003
5.65,39.04223558401143,-98.59438334954584,39.07384404244434,-98.56210193477636,13,2,2,3,10.64,13.877950000000007
7.91,38.64935304244941,-96.68189179799262,38.67049767161133,-96.66770644270564,16,1,1,6,11.67,17.1621
3.65,37.379607593335294,-106.56032722105655,37.3711942139431,-106.56087850366548,15,24,1,1,10.02,9.668350000000002
4.48,38.98887819443042,-87.77928237270544,38.98552232220286,-87.73372087101602,0,3,1,1,8.71,11.705850000000005
13.34,40.47262291501431,-86.94179193643282,40.46602035206993,-86.95721418551669,16,19,1,3,33.7,23.255949999999988
9.25,38.28665320353885,-105.83696708980968,38.26875254098571,-105.88691974493402,3,31,1,1,26.49,18.2598
4.37,39.79954349693091,-90.91797097208588,39.81541920260894,-90.91399250924702,17,28,1,5,13.92,10.5376
10.61,39.20427762497634,-107.23450041855696,39.17624217511879,-107.19466630008216,10,16,1,0,18.72,23.209699999999994
8.76,40.14997587436011,-118.76475978682431,40.11757889954261,-118.7775256182542,21,31,1,1,15.87,20.63965000000002
5.87,37.66955496795209,-99.44740656940196,37.66786460518248,-99.39757175118184,17,13,1,4,12.17,15.17895
11.07,37.25235054341167,-104.3124148151346,37.273337298038896,-104.32758681831594,4,2,2,3,24.34,23.27160000000002
7.09,37.92424929785025,-119.49030502085388,37.97224765541472,-119.46705841867428,3,22,1,6,17.45,17.064799999999998
7.29,39.094870191187866,-93.434781200307,39.10541911196696,-93.41712223519274,11,4,1,2,15.45,15.859649999999993
10.08,39.80424771861372,-107.46095918939996,39.7731772393387,-107.499458407211,4,24,1,1,24.92,22.279300000000013
6.37,38.72491911647249,-83.38769112633997,38.763647444278085,-83.35481445814686,15,25,1,2,12.89,14.754749999999996
8.02,40.54826585395842,-102.97233896677032,40.555471488533406,-102.99454035421752,17,7,1,5,20.15,17.982650000000007
10.48,39.53593228515909,-119.53604390592008,39.53869282762624,-119.50216313410456,19,13,1,4,21.85,22.341349999999974
3.6,37.16554556702265,-99.39683724523633,37.11886329750606,-99.40404944319432,23,22,1,6,6.37,9.098050000000002
3.42,37.87523619230476,-106.26824954760173,37.844079731883085,-106.29882510364288,15,17,1,1,10.2,9.681049999999997
2.66,39.651612500793085,-78.07248464652154,39.65484162304856,-78.08910488815118,22,17,1,1,8.41,8.572149999999999
13.29,40.665966547639655,-78.04268174212791,40.67651504060916,-78.00479312302689,17,31,1,1,33.53,26.27679999999998
7.09,37.99113647576887,-87.92911317605333,38.01435381508836,-87.90609151685027,12,3,2,4,15.52,16.046700000000012
7.73,38.59572675190533,-119.86097401237828,38.5932628992706,-119.9005054407456,5,3,1,1,23.0,17.518399999999982
6.97,40.766967796773486,-92.37718510537134,40.75343047788933,-92.34586668565774,8,8,1,6,18.78,15.620200000000002
7.6,37.71890175490758,-79.1092004376903,37.69639826084859,-79.07220928087594,22,3,2,4,23.17,17.80585
11.44,39.36118987079137,-108.9619295375757,39.376741060664266,-108.9192435549691,7,11,1,2,30.69,24.274700000000006
7.29,38.56142340482422,-106.22442747441193,38.58337704940323,-106.18954806451045,18,3,1,1,13.52,17.268850000000008
2.42,39.81671571810504,-86.53049378522044,39.84157298634808,-86.5119825424683,2,28,1,5,9.94,7.105700000000004
6.99,37.64641387570238,-97.0635995349814,37.6520956597424,-97.05922970583656,2,25,1,2,13.31,17.564949999999993
7.86,39.5370634261222,-82.58214938436734,39.555481432607166,-82.54336338826356,19,5,1,3,16.66,18.254500000000004
3.16,37.77156459634465,-104.18314947582203,37.780495067576815,-104.1766428916196,1,1,2,2,7.64,8.98069999999999
7.58,39.166362286751145,-84.14592871851477,39.1855430697519,-84.10438995151343,13,31,1,1,16.05,15.342149999999995
7.99,37.75114420750701,-89.50659422213792,37.74027078352219,-89.52393828015718,17,24,1,1,15.26,16.94475
12.12,39.022065150348645,-117.45669783703856,39.03270890143121,-117.49892643872266,23,30,1,0,17.54,24.737050000000014
10.29,37.86393203027193,-107.85601108205051,37.8605950540055,-107.88710520606274,4,25,1,2,23.26,22.32455
8.56,39.90564254915647,-98.7275818048116,39.91542051606,-98.77285597811353,4,30,1,0,23.78,18.878850000000007
4.37,37.87067675847396,-81.46856731434548,37.83755696218515,-81.51240550868353,18,17,1,1,8.62,11.354299999999993
7.89,39.44095076090496,-77.91542983896969,39.46484857652224,-77.9358769239324,14,9,1,0,18.61,18.30230000000001
13.28,40.14193312781234,-106.98253013868856,40.185462815823634,-107.00894028405176,0,10,1,1,24.79,25.78669999999998
11.85,40.87579766496414,-85.21423000041663,40.86289505387242,-85.2414241619137,8,29,1,6,25.35,25.64735000000001
9.75,40.02937246795062,-85.72539650420788,40.07024283155871,-85.72379966936292,3,30,1,0,16.45,21.52775
3.58,39.671345246015946,-106.83166231935373,39.65477440135994,-106.83409736536578,23,26,1,3,9.3,9.399750000000001
6.94,40.2382345632032,-113.94299977308113,40.27555973614376,-113.90779136461852,11,27,1,4,21.4,15.796249999999986
8.04,40.011555954588125,-109.3378725116156,40.060128781914685,-109.31349457981204,1,23,1,0,22.31,18.08905000000002
6.49,38.97224780661347,-104.9489840670242,38.945328124351256,-104.99679981848728,22,19,1,3,10.5,15.482749999999994
3.66,40.738517280069686,-73.53155403035376,40.74874936742649,-73.54576184590367,17,13,1,4,7.22,9.95729999999999
5.68,40.74313624513808,-90.43689243168016,40.72479570916276,-90.47435419489943,3,31,1,1,12.56,13.00465
3.46,39.22772078086888,-120.44018771597848,39.20358752848133,-120.39882980234424,20,29,1,6,11.36,8.524749999999997
9.09,38.16637245861735,-80.26411206295262,38.16827385487114,-80.23336160943234,17,3,1,1,25.35,19.325
9.42,39.440460354845065,-76.86647403694187,39.44665267831832,-76.85352044946355,15,18,1,2,22.58,20.35715000000002
11.69,40.78862793581503,-80.20240234896312,40.76823133998325,-80.15919362137961,16,4,2,5,24.62,23.56335
8.31,37.66154325782101,-92.45505337439728,37.65873382714496,-92.4608399516638,2,20,1,4,19.09,17.66365
3.77,37.37430213579287,-116.03045238568244,37.40492657516487,-116.05700307540866,18,23,1,0,10.09,10.355800000000002
6.5,39.40926731224084,-89.13961301707158,39.40486485013135,-89.12045040303023,18,26,1,3,11.42,15.35089999999999
14.53,37.33004030906992,-89.17753738627694,37.3776887586014,-89.17664328721493,6,14,1,5,36.32,32.55415
7.75,40.80532983014542,-115.89985361231076,40.84881711939904,-115.94078400937848,6,1,2,2,13.11,16.937500000000004
6.02,39.474186741321006,-113.15711570620782,39.473845376022496,-113.20550933781476,15,3,1,1,17.88,13.336700000000008
4.36,40.88049402596008,-107.28494255552827,40.881887924665406,-107.2431857817879,0,4,2,5,12.66,11.443700000000003
7.17,40.85288624473005,-90.80309890383322,40.86329487009237,-90.84464273218695,5,18,1,2,16.14,15.267200000000008
12.5,40.96414302512508,-120.12523119735258,40.914145347381066,-120.11209039617562,11,15,1,6,27.08,26.248500000000003
9.34,38.80020029936556,-109.14564017244666,38.845189099082,-109.11427457516886,11,10,1,1,18.11,21.290550000000007
10.83,40.60677422733799,-92.19053249407176,40.62808947288116,-92.1432909508868,16,17,1,1,28.57,21.217550000000003
8.56,40.93582933335237,-83.08682095030372,40.9698066600776,-83.10438772720757,19,2,1,0,16.0,18.722000000000012
3.1,39.04136040266947,-74.74156037795413,39.07251523026645,-74.74010317601429,1,10,1,1,9.56,9.22015
6.35,38.89660615881138,-99.8070263247296,38.91032337711296,-99.77850975402892,11,1,2,2,8.93,14.430400000000004
11.94,37.61407706945052,-85.24434573458024,37.5898930530174,-85.28619206496425,18,1,1,6,33.11,24.77665000000005
2.81,40.92150292824361,-87.75824175540072,40.93497176855791,-87.77975136065943,12,1,1,6,5.75,9.0695
3.87,38.759952849312086,-91.5498200066252,38.72291666583756,-91.54284683650704,3,26,1,3,10.14,10.060749999999992
7.7,38.25499520594825,-87.36993760704401,38.23806650263055,-87.41350149362503,12,4,1,2,14.44,17.900399999999994
5.26,40.43266447526297,-80.57562269165902,40.40953247229282,-80.57292416127933,16,3,2,4,15.35,12.919250000000002
12.6,40.83502693661035,-116.5487031925291,40.83618003393856,-116.52936080045664,11,5,1,3,20.36,27.599250000000005
2.6,40.23582837366206,-80.82019757173941,40.21732678037254,-80.80575039789879,3,19,1,3,5.64,8.5538
6.69,39.24560923166482,-84.11218320248494,39.27327079682843,-84.08770629003784,20,10,1,1,17.31,15.531300000000009
8.78,37.60962894280124,-108.71299409213088,37.560459485430776,-108.68552152329924,7,25,1,2,20.38,18.962849999999992
5.49,38.373999967675296,-80.53730382659128,38.39002110306596,-80.50090987245972,13,14,1,5,12.64,13.431100000000006
8.08,37.47760698864301,-109.70458304050466,37.51229077042687,-109.75057934284006,17,11,1,2,16.34,17.924050000000012
5.96,39.13496466471821,-113.35078347695968,39.14594296942497,-113.38460305776653,10,23,1,0,14.61,13.501650000000005
3.0,39.67217727498336,-102.6030487534946,39.70269137531942,-102.57294025017096,22,27,1,4,8.37,8.606300000000003
4.14,38.719397092495946,-92.71846823373885,38.73905221787855,-92.76344681681964,0,14,1,5,10.63,11.417749999999982
5.13,37.23451239357366,-111.89568077602766,37.23351840496396,-111.87935713962644,13,18,1,2,13.45,12.818550000000002
9.2,40.18673021831079,-110.3658597622604,40.160655694599605,-110.32857816073704,22,17,1,1,22.97,19.847150000000006
7.13,38.21033451753384,-105.5877633225192,38.217495247279366,-105.55566218696812,20,8,1,6,13.04,15.976149999999986
7.65,39.42886420507519,-99.17018372300704,39.39319078368985,-99.12051461476138,7,25,1,2,15.08,18.18159999999999
7.87,37.68079006629211,-112.0259869155348,37.686533060144434,-112.0609383011743,22,29,1,6,21.66,16.556200000000008
10.66,40.41535487332855,-96.47655790041266,40.458263965972826,-96.48816926343588,20,18,1,2,28.91,23.57555
7.08,40.16821071860077,-119.38212953624104,40.16174709027732,-119.34304593363996,9,30,1,0,19.83,15.596350000000003
4.81,39.03608928890448,-74.56701299991528,39.02139910291422,-74.56272575876947,22,19,1,3,10.46,12.351449999999998
8.62,40.56791211359431,-89.60119524295229,40.523391945817245,-89.62408991907598,13,9,1,0,17.03,18.96115000000002
6.85,39.40524505809561,-81.05242235436239,39.383416408249616,-81.00480527402989,0,27,1,4,15.16,15.878899999999998
8.55,40.57695575635268,-110.1951440737054,40.54195469938788,-110.2049277687806,19,9,1,0,25.56,19.303399999999993
6.65,40.91571403898893,-117.6390829128016,40.93021843020175,-117.63950157026682,17,3,1,1,17.94,15.115149999999993
5.21,37.85840638626741,-73.04225484332825,37.83234362226299,-73.02090202713696,10,3,1,1,12.08,13.136800000000003
12.47,37.60291297196267,-80.62207369710879,37.57322610592534,-80.58134744696763,8,20,1,4,21.8,28.577949999999998
3.13,38.45516717750476,-119.60880998371198,38.43003548584088,-119.5853311561712,18,2,2,3,10.01,8.990749999999986
7.4,39.54132359081482,-93.8015199945082,39.52612337033374,-93.78760554951064,21,4,1,2,18.76,17.536299999999986
5.51,37.96413539671808,-76.23747011567025,37.99151115265546,-76.21727263160898,8,27,1,4,10.6,13.313499999999998
3.82,38.85926384772091,-110.98837392048787,38.81651317754621,-111.02623518398296,5,6,1,4,6.17,10.338099999999995
6.52,40.44682726032895,-77.20888884657829,40.41698594281756,-77.16232076164094,3,29,1,6,19.06,15.771999999999982
8.33,40.58274040335032,-88.91784642571,40.537749771239696,-88.94212750384655,12,4,2,5,19.74,18.20599999999999
7.36,37.84650639587876,-115.1980744621642,37.89329261948573,-115.2299915687164,4,24,1,1,18.64,17.308650000000014
5.89,39.74102998261191,-94.85894899357343,39.717450469602106,-94.89597851027295,3,21,1,5,12.93,12.505349999999991
6.38,37.34992881602079,-93.97929704994353,37.387815168588666,-93.93549692452318,15,11,1,2,13.97,13.608650000000006
3.9,40.751706352670446,-94.10232698157876,40.72815225222544,-94.0548939728436,5,29,1,6,6.85,10.652349999999991
9.8,37.43064364775228,-82.27705319106366,37.41951925790747,-82.28972916739161,3,8,1,6,16.49,22.43949999999999
4.13,37.39360283084428,-118.27080751256474,37.41896507042165,-118.31019922034666,18,21,1,5,13.0,10.5478
2.27,39.14411046442351,-74.1962503156133,39.09739040040216,-74.18448824859873,17,18,1,2,9.38,7.722750000000001
2.63,40.33639254491981,-107.1146215912504,40.346309670816346,-107.15328994713464,20,25,1,2,10.73,8.03795
9.0,37.3746035902856,-116.33808882619245,37.364208233912535,-116.3592328187122,3,4,2,5,20.84,20.23905
5.55,38.73090668152358,-84.97654809361188,38.7114140767786,-85.0210769438572,8,10,1,1,17.94,13.753500000000004
5.71,37.251430949543256,-74.45590686147635,37.22527056143114,-74.50136765303391,11,31,1,1,15.16,13.149200000000006
8.08,40.55448951301913,-103.60202020072668,40.50746474583445,-103.64088427281438,19,3,2,4,21.31,18.259050000000006
4.71,37.04504184326515,-79.1195094061927,37.05432045036156,-79.16017178021832,10,29,1,6,9.29,11.71575
10.24,39.685612031870974,-74.26359324540624,39.71983604621971,-74.30932697693544,11,18,1,2,22.3,22.520599999999998
9.77,38.66428714315833,-99.29380284706644,38.70230211451415,-99.26260317607048,16,4,1,2,17.72,20.44505000000001
6.02,38.8521439103906,-93.927988535047,38.81880520311192,-93.96038586346208,17,11,1,2,12.38,13.47565
5.81,38.824916502377526,-103.7959125096908,38.784705348489936,-103.75877028491963,7,12,1,3,11.37,14.02274999999999
5.11,37.985635611235566,-88.97850670786625,37.99155777646103,-88.9473899513068,23,29,1,6,14.14,12.378099999999993
7.34,39.68196969028982,-81.51660485838343,39.711901242607055,-81.47863131177215,12,2,2,3,20.8,16.231949999999994
10.09,38.38253964059109,-83.9989171068647,38.41056455156816,-84.03365111183521,12,16,1,0,25.68,19.358299999999982
5.96,37.33792234068552,-103.51156131498392,37.32468034297726,-103.4723702853608,4,12,1,3,16.57,14.476699999999994
6.07,39.67085671104081,-81.82714821193554,39.65087558240748,-81.79122317549883,15,21,1,5,12.64,14.456800000000005
4.73,39.63802448893996,-100.08825894161306,39.66636300625157,-100.05157099384796,17,19,1,3,15.12,12.064299999999998
6.71,38.37840252049426,-112.88656482231026,38.36846089138431,-112.93302752589751,3,20,1,4,10.11,15.130499999999993
8.81,39.32816157494023,-120.88187693652908,39.29435417723671,-120.92959819672755,6,6,1,4,25.15,19.78625000000001
3.67,37.63008769839696,-106.09635432678718,37.638106971329925,-106.06162907165589,4,29,1,6,8.47,9.111249999999995
7.12,39.30188649477453,-99.88928493816437,39.25253391678482,-99.90049253962238,10,21,1,5,17.29,16.416799999999995
0.77,38.57825717488474,-76.91986201135242,38.59089980848562,-76.87263975222851,4,22,1,6,3.61,4.443499999999998
2.35,37.4497783762001,-100.21481508596784,37.48828133954776,-100.18315207631386,2,1,1,6,5.05,7.615049999999999
6.88,38.32281689726942,-90.39808605704457,38.32070686181231,-90.39464446522804,5,17,1,1,11.03,16.052799999999994
6.8,38.726381977928135,-105.26588547135384,38.6863701013085,-105.252698332931,20,7,1,5,17.69,14.674499999999984
14.44,37.01731035217327,-83.40449900554894,37.06157671371064,-83.4456676146401,20,2,1,0,25.43,33.1462
9.04,37.93250658744212,-109.91010287926038,37.945036111853575,-109.9159368653897,1,16,1,0,15.85,20.37079999999999
4.9,38.29602116953138,-76.92287063070432,38.33014151178022,-76.87914157576134,10,18,1,2,12.75,11.354750000000001
9.98,39.30292656214084,-98.21951717369993,39.339078419629104,-98.205731909156,21,18,1,2,24.87,21.52730000000001
9.21,38.06455556523649,-107.44684094254828,38.09736948895678,-107.43288325495996,5,23,1,0,24.19,19.934949999999986
4.14,38.070597357319926,-80.62045968370504,38.0711437109361,-80.62922577762001,11,1,1,6,10.78,10.404200000000008
7.43,40.395853322595705,-81.1243016977551,40.36195792722693,-81.15512336833139,8,2,2,3,14.15,16.862599999999983
12.82,38.16124666233011,-102.19867874445563,38.18811265237291,-102.2366821998843,12,3,2,4,22.15,25.79684999999998
7.42,40.41085835911741,-86.16789811894466,40.38374847814131,-86.14134661814768,2,25,1,2,10.72,17.684700000000007
7.07,37.51419484641001,-121.32939837984335,37.53418559661925,-121.3090916226926,14,27,1,4,17.15,17.116550000000018
8.94,39.63708635162648,-78.12574516044182,39.60652884894056,-78.1111533269492,9,23,1,0,22.21,19.324249999999985
10.19,40.55957201223896,-84.5577899648816,40.57472840390127,-84.5291413920026,17,16,1,0,26.67,21.69189999999999
7.62,39.03807958881173,-95.7489360529078,39.051941657389335,-95.77689792950224,10,31,1,1,18.23,16.962399999999995
5.09,37.585427717537264,-108.18429466373146,37.59121411919934,-108.23347559071408,13,16,1,0,13.75,13.2164
9.26,37.24989039070652,-110.04078325033689,37.28699426167959,-109.994287342909,18,20,1,4,20.19,18.755200000000002
7.08,40.46321308690679,-78.15087901002806,40.44934926029933,-78.11211979912014,13,6,1,4,17.97,16.522800000000004
0.43,38.80454575741866,-85.05872919398018,38.83468112951884,-85.04417152353516,7,11,1,2,3.54,3.6172999999999984
10.52,38.85786938266706,-77.93553622095476,38.89633587454304,-77.94516296988591,20,25,1,2,18.35,21.984299999999994
5.24,38.124978708914114,-97.63541090117792,38.17283817692127,-97.65070205135606,2,5,1,3,13.26,11.894150000000003
8.69,38.09535901569613,-99.36522548927718,38.118586621392645,-99.40930741662446,12,13,1,4,23.53,18.972200000000008
1.9,40.54103157638039,-108.1210371622114,40.58602815288968,-108.07546426203164,8,29,1,6,7.33,6.575149999999999
3.32,37.51694228898836,-119.43824107223632,37.55915773327306,-119.4309999861591,19,5,1,3,11.85,9.45495
2.77,37.648868925839935,-119.72610318587708,37.61275467609335,-119.70057754132624,1,21,1,5,8.67,7.8081499999999995
4.86,39.73566209043526,-117.40782177875052,39.75862985556489,-117.37086330034111,9,26,1,3,14.28,12.296
6.11,38.83085549679425,-119.1186732300578,38.82522492426301,-119.10779057547369,6,27,1,4,10.89,14.4224
1.95,39.251647698744655,-82.33050352353871,39.27184888831,-82.3656776843296,0,3,2,4,5.03,6.893850000000004
10.01,40.42406701336333,-99.47421879526055,40.41103492964714,-99.5089202137702,1,18,1,2,24.85,22.696050000000014
6.44,40.4348290039983,-94.81548292482964,40.42739246956204,-94.77251566433353,17,6,1,4,18.41,14.999099999999993
5.63,38.34842900187326,-77.82087463911955,38.372440206918,-77.79713019416567,9,26,1,3,12.79,12.539499999999983
5.93,39.44779073503152,-97.40044188304094,39.44149835302229,-97.41909616852416,23,6,1,4,12.08,15.115649999999981
5.52,38.11180094848041,-104.71570808670536,38.14792268271135,-104.7564119809006,22,31,1,1,11.88,13.56205
7.31,38.01606708353522,-94.15286796265146,38.05481891364534,-94.17705108974104,18,19,1,3,14.36,14.80639999999999
8.08,37.09839717101267,-100.09453485586454,37.09794174392709,-100.09052024155744,16,21,1,5,20.44,16.769
2.76,40.06659797356157,-103.88878577301377,40.03569761967871,-103.85812050854128,2,22,1,6,8.28,8.064200000000005
2.64,37.83047464852024,-117.09573125207608,37.8625020118529,-117.04583193541632,17,28,1,5,7.81,8.230400000000003
7.96,39.32765637198709,-93.94508536508144,39.279560458643815,-93.99072818760716,2,20,1,4,14.98,18.127449999999996
9.88,37.12502872613137,-89.0038950996705,37.12142143986083,-88.99199219810717,3,27,1,4,22.72,21.34574999999999
10.47,40.27973446613384,-86.36896273761283,40.235540933394745,-86.33743847881111,20,19,1,3,20.59,22.649199999999997
3.53,37.47233176807148,-92.3677563718014,37.49940403188356,-92.37614015475678,16,3,1,1,8.44,8.985599999999991
9.05,37.78127892382588,-89.37368775491015,37.7974202010652,-89.42146599616223,21,15,1,6,21.44,20.79695000000001
12.83,37.33907341555332,-95.02029172757136,37.36576855565442,-95.00702237084998,12,19,1,3,18.46,26.112199999999994
5.64,38.30617573152725,-121.9017803782658,38.33022551546254,-121.92212535337264,8,25,1,2,13.21,13.288799999999998
9.09,38.879540974529256,-98.76576070182966,38.85431244850771,-98.7896491113166,8,9,1,0,24.17,19.915500000000005
11.1,40.861712436641206,-93.06624478364154,40.863065689100296,-93.06711459369916,4,7,1,5,20.97,24.49085000000001
8.91,39.89747094178748,-99.3579089517698,39.897814884935286,-99.33380343957408,17,19,1,3,16.77,20.502100000000013
12.71,37.765986569608096,-110.4727784702992,37.795080324580624,-110.45128289979486,0,12,1,3,29.65,23.671499999999995
9.4,40.57369251763866,-108.61934519413644,40.60634166306169,-108.61150417291428,7,25,1,2,26.36,20.637000000000004
3.12,38.28212885353259,-96.21873157117808,38.30280844931288,-96.1792708328252,20,6,1,4,6.91,8.855399999999992
7.6,39.81433590003425,-103.24895917244822,39.793509539588456,-103.23210825883164,13,14,1,5,18.07,17.407700000000006
11.0,39.11778469354401,-88.42715420431385,39.09344207401257,-88.39364437407588,7,30,1,0,24.29,22.372199999999985
4.82,40.066375338832,-94.01090905668308,40.06193639920236,-94.0270445517542,11,12,1,3,8.08,11.953099999999996
9.65,37.98782535960895,-107.6103983337458,37.97158581743931,-107.65211523327946,18,21,1,5,27.6,20.329750000000004
6.88,38.64661024431025,-95.34050661163198,38.6899502037577,-95.32063313423028,9,28,1,5,14.21,16.32680000000001
3.57,38.2355192210558,-119.83725932281452,38.19524728608827,-119.81195265795374,12,18,1,2,6.37,8.799800000000008
3.79,39.65093512568293,-91.39987659294432,39.61289830721883,-91.36296450733226,18,1,1,6,11.6,10.076750000000006
7.38,37.47830985962781,-93.9014412778602,37.48250700933576,-93.873154655767,21,28,1,5,19.37,16.82369999999999
6.37,37.12989819450771,-115.83672454521664,37.116150063616445,-115.84161241672165,4,25,1,2,20.69,15.47444999999999
2.51,37.20764217575213,-99.53263946095224,37.228402564870166,-99.50569600131077,14,14,1,5,9.38,7.35000000000001
8.61,39.52182101692192,-95.62849524300734,39.52901298012749,-95.61007684543058,11,2,2,3,13.81,20.17859999999999
4.84,39.0515381613219,-103.37589418100164,39.00231187454947,-103.35497019642806,15,1,1,6,7.57,13.00579999999999
11.08,40.21258571275519,-111.093478281424,40.23185747914858,-111.07379188594425,4,27,1,4,22.59,24.651899999999998
6.34,40.83321272969013,-121.57577689744484,40.81298961659654,-121.62575353172856,21,28,1,5,11.9,14.287900000000004
5.1,39.92399407027839,-80.56859735916142,39.8830820206785,-80.60614268986012,0,30,1,0,15.36,12.692100000000003
7.17,37.913954813222674,-116.59425038056716,37.88132840762709,-116.63550622101516,23,27,1,4,17.36,15.821899999999998
9.69,38.21243342429252,-76.27390661684966,38.17670416703941,-76.25014047183417,14,16,1,0,24.56,20.982450000000007
6.68,40.47598373919477,-103.92387598025304,40.51154871462652,-103.92370597844608,21,12,1,3,17.76,15.432749999999974
7.53,37.81520074433132,-102.96116643195612,37.78562296801812,-103.00626698349537,0,5,1,3,20.42,18.629800000000017
11.81,37.38127459893304,-77.78549117677824,37.37497933117229,-77.792158930201,1,4,2,5,22.58,26.22825
5.34,38.83013530215028,-112.41042791356672,38.85351717699224,-112.42248883027524,4,29,1,6,8.62,12.236849999999995
6.96,38.377651904847205,-100.22408570578064,38.38075680951846,-100.26971510874289,13,1,1,6,18.06,16.542699999999996
11.94,38.220856585019234,-100.69300266033284,38.18570665905039,-100.66744706204074,1,1,2,2,22.02,25.6353
9.8,40.15381303727374,-99.0500785940194,40.19228598613722,-99.00607761278144,0,1,2,2,16.39,21.24529999999998
6.04,40.60267510526721,-95.7404666760091,40.60350830007722,-95.71089186052556,7,19,1,3,14.33,14.570199999999994
6.41,38.14960622765734,-81.40960074788183,38.14872661482083,-81.4010774809607,19,1,1,6,15.5,13.804900000000002
8.04,37.70267135237264,-78.18568033591302,37.67731277530984,-78.20807486048126,20,11,1,2,19.6,18.204649999999997
4.59,39.51237984899664,-98.61116483511762,39.528368303412805,-98.59373293787056,5,23,1,0,11.41,10.963050000000004
5.69,38.88184112007268,-90.6427557468461,38.91000786408268,-90.63515095980875,11,28,1,5,14.05,13.534549999999994
8.36,38.51862967857408,-108.4909647042048,38.521464089755845,-108.50199945259958,20,19,1,3,13.71,19.05095000000001
10.05,40.96590167535435,-110.51692121291372,41.00744519443197,-110.50812543945932,14,28,1,5,22.96,23.50004999999999
6.86,40.30349807080549,-99.71207737835796,40.27073097085026,-99.70230481557876,23,20,1,4,20.3,14.437850000000005
0.72,37.89120543160272,-80.54790821617706,37.892018133176656,-80.51528703303833,12,5,1,3,3.54,4.814750000000006
5.06,39.58612480089793,-74.79377201389053,39.55552951286052,-74.81351531986918,17,22,1,6,15.07,12.447350000000004
5.64,40.77076715079755,-104.74338303220436,40.76157740441475,-104.77856018039785,0,26,1,3,8.69,12.644349999999989
4.07,38.53106893540851,-107.7170996003587,38.53476250428547,-107.76471326157667,17,29,1,6,13.15,10.684200000000006
3.45,37.03109985287097,-78.74911447400511,37.016788605784136,-78.7246564356108,8,5,1,3,11.16,9.595050000000006
2.98,39.26680911140695,-117.18206978966614,39.2906158059524,-117.19054751810052,16,4,2,5,6.61,8.797350000000007
6.26,39.12245805306162,-91.71374004922092,39.16258910518877,-91.6877080169563,13,2,1,0,17.6,14.564000000000004
9.0,39.43584889557918,-120.12641759583867,39.415982810895706,-120.14393704754822,7,30,1,0,23.36,19.881400000000003
6.77,38.50778647478043,-82.5821613038128,38.54393379359535,-82.54906312406621,7,6,1,4,17.1,15.255299999999998
10.0,38.02095832957471,-110.81518327586964,38.05919879869953,-110.82655602852616,18,31,1,1,25.5,22.805549999999997
4.97,37.269988966058825,-76.27773339975911,37.23765331640077,-76.30126366946206,12,12,1,3,8.42,12.701099999999995
5.92,40.3327367770627,-97.21028683554218,40.34484908413975,-97.2368615389849,16,23,1,0,14.09,14.497849999999996
4.64,40.157318475759695,-97.71315884579025,40.17144732185359,-97.67541530144068,14,13,1,4,10.03,12.606050000000005
8.14,40.135797935213965,-77.13438655281013,40.13765430566298,-77.13755946030153,20,19,1,3,17.4,17.648149999999998
5.04,38.744498023144565,-85.63713395185948,38.77186905430106,-85.64904367051508,15,3,2,4,15.14,12.367250000000006
5.5,40.09419472794432,-88.5516036411716,40.09170527467742,-88.5055590726083,2,5,1,3,11.4,12.93105000000001
6.45,38.047493321006975,-76.1060020904694,38.04299001317775,-76.12243709218383,7,2,1,0,19.79,16.00835
2.15,37.452363759928005,-101.03972912753264,37.41474996507928,-101.04321849089324,5,3,2,4,8.92,7.397349999999991
2.89,38.37712997716571,-84.37505991533479,38.33116167038144,-84.40697045396604,11,27,1,4,8.34,8.630400000000002
6.15,40.1944971671857,-81.91022880514075,40.16661197784693,-81.88284591130862,2,21,1,5,18.39,14.130099999999992
10.09,37.98584301778089,-76.54209955253893,38.03184205735171,-76.5891222674629,21,9,1,0,18.83,20.381150000000005
0.2,39.62342746330864,-91.63838242531617,39.655247770442166,-91.61493240842624,15,5,1,3,2.37,3.376399999999998
3.74,37.626583163570814,-76.95894298753521,37.59015936865234,-76.95963193476808,12,3,1,1,9.99,10.164950000000012
8.01,38.32592998770754,-80.72957548529368,38.321459435576266,-80.75581120219066,10,23,1,0,18.13,19.207550000000023
11.36,40.97647872636124,-92.18768011147266,41.00276162910565,-92.1660516218648,6,1,2,2,24.15,25.14134999999999
8.46,38.49892631126299,-81.92782028467738,38.45132908758299,-81.96139268556215,4,7,1,5,23.71,18.0768
11.9,38.74825681879342,-83.91657260441377,38.7130477842132,-83.90796589978693,0,3,1,1,31.74,27.057550000000003
9.07,39.01326368429999,-111.85198903764324,39.06243002268688,-111.84175952870844,10,3,1,1,17.88,19.568849999999994
8.77,37.72756651078658,-100.74768208276,37.72743126840697,-100.7553824571592,1,3,1,1,24.99,19.14319999999999
6.55,39.9390208877841,-119.76028493413018,39.96990447062226,-119.73096216289194,7,3,2,4,11.72,15.164600000000002
6.9,38.86334482485091,-94.48866410626482,38.81896433768021,-94.50348133059777,2,2,1,0,19.97,17.25810000000001
7.87,40.20661022100451,-89.51708365515859,40.23266168574886,-89.55638952410273,0,21,1,5,21.64,17.313250000000007
12.85,40.881782152055656,-113.3470069487324,40.876720963598856,-113.33450042733396,18,29,1,6,25.07,26.363149999999976
10.18,39.09133513943428,-89.35232853600301,39.11149187511105,-89.30895184357303,18,24,1,1,15.32,22.129700000000007
7.17,40.0998034527927,-115.10432132429813,40.10942514295612,-115.10126500028244,8,19,1,3,16.2,16.022799999999993
4.01,39.233318048625925,-74.1530763444924,39.273397182086704,-74.16943999129232,18,10,1,1,9.54,9.80325
5.01,40.396265903068965,-111.77903939990898,40.39470569373374,-111.73562548122648,10,18,1,2,11.3,12.699300000000012
8.19,39.441965196006514,-115.35267812127002,39.4477878459966,-115.33818298740132,15,1,2,2,23.19,18.281999999999986
2.95,37.92043250822852,-95.82748873394652,37.9343223848381,-95.8761541401862,14,16,1,0,11.93,8.023050000000005
11.08,40.19487670987597,-121.87916093802512,40.2159178721193,-121.84822919247452,14,17,1,1,20.12,26.70749999999998
7.51,38.01481673401607,-93.36269240388027,38.02650429890976,-93.40270762420096,16,5,1,3,19.48,17.094400000000007
7.34,37.08672237839132,-79.68533539917169,37.04882363825597,-79.63814305888911,15,8,1,6,12.67,15.052749999999998
5.84,39.265841388849616,-74.8148958666782,39.26041685527914,-74.82521584468996,7,10,1,1,15.07,12.887899999999997
5.22,37.530423003696825,-101.63055398394772,37.56726678058634,-101.65268646386949,11,30,1,0,13.83,13.561000000000002
10.78,38.3669180444095,-104.35700665653896,38.36712096723196,-104.37981390581444,5,2,2,3,14.66,21.981099999999984
5.26,40.551018956481386,-84.00570830911295,40.54490447304208,-83.99821760328507,3,20,1,4,11.02,12.531499999999996
8.42,40.07146332128673,-113.0691583162832,40.08067438192036,-113.03108702922508,20,23,1,0,22.79,18.112700000000007
12.76,40.04333238190302,-73.72427426908925,40.030172459876354,-73.73148894175006,21,10,1,1,20.98,23.84780000000001
6.57,39.04028299707876,-93.6461746132038,39.05258128841832,-93.64375480460798,22,4,1,2,10.93,16.307000000000013
8.49,40.50046768024559,-119.90932129146934,40.47057878372698,-119.8996231520155,19,8,1,6,20.03,19.729000000000035
12.13,39.4454172485054,-103.43508026653502,39.49366231571194,-103.43608859714688,11,27,1,4,21.42,23.93195000000001
0.45,40.16228969901886,-116.21007050000382,40.16683007330098,-116.24140562345644,23,26,1,3,2.56,3.6403999999999983
2.62,38.95279132215951,-84.44167203246344,38.95381140629317,-84.45897984395809,5,11,1,2,6.55,8.353400000000004
6.07,37.4163318783701,-79.20228693035511,37.41519886332805,-79.20947500586078,10,2,1,0,11.66,14.30975
4.79,38.2991377122426,-89.31061793209203,38.32965732479087,-89.30626800171608,2,16,1,0,13.65,11.199199999999998
9.19,38.16340500431888,-107.37346140440572,38.11350359609911,-107.37568501929547,6,4,1,2,22.41,19.477750000000004
6.62,39.98003360237123,-84.177856707806,40.00974912181395,-84.12893615604878,16,20,1,4,17.38,15.528650000000011
8.61,40.97018462632492,-84.01639907888725,40.94104436405586,-84.06206562675865,20,22,1,6,18.14,19.195100000000014
7.84,39.38055522555681,-117.53389371990566,39.36069347990794,-117.5758978473125,15,21,1,5,20.43,17.43829999999998
7.3,40.95401015721585,-82.07678241426494,40.96868637046483,-82.11551751927809,11,2,2,3,17.05,15.796400000000013
4.16,38.62753884555893,-74.43349381018729,38.61880759878314,-74.47633830110014,3,2,1,0,13.43,11.463850000000011
10.2,39.18642117544878,-106.34084791568932,39.19218257032832,-106.29354286743984,5,8,1,6,16.47,22.22074999999999
9.44,38.058139570546025,-118.97290666096904,38.08451114429696,-118.92735437810518,20,24,1,1,26.82,20.85264999999999
8.5,39.79593087325848,-97.7752680238974,39.7682290407234,-97.74790887151975,3,8,1,6,14.71,18.806700000000003
10.65,37.1854710965204,-83.01358487647737,37.223044883339725,-82.98286549921563,16,11,1,2,16.78,23.102900000000012
2.74,39.55452091301892,-81.84344952348641,39.56052277410504,-81.81688014688186,0,6,1,4,4.92,7.672200000000008
5.22,38.68723565165266,-91.20144307741776,38.68668944050477,-91.21696323222324,12,21,1,5,11.42,12.650849999999991
8.72,38.51390371618141,-85.72664618489272,38.51836942891511,-85.75352067127966,3,14,1,5,16.32,18.5598
7.7,38.51188278672824,-84.08452123806396,38.48459118550234,-84.06230377271788,3,30,1,0,18.42,17.58040000000001
9.54,39.27304231473481,-73.8563962141414,39.320637100963125,-73.82822891021408,23,19,1,3,26.69,20.632849999999994
10.25,37.98839563456676,-108.02986260451792,37.97054423229221,-108.07442931593926,3,31,1,1,16.09,22.51855000000002
10.98,38.11277812018741,-76.8739298749293,38.15134301691707,-76.8484473017049,6,1,2,2,22.85,22.412049999999994
0.08,38.20733395279575,-82.9076461005752,38.19331395659383,-82.87240566688067,0,3,2,4,4.38,2.8739999999999997
7.02,39.62492383542959,-79.2307241142411,39.66887045258518,-79.1947738539416,18,27,1,4,19.12,15.04369999999999
7.68,38.494562991178014,-74.30126943628463,38.45646449437693,-74.3176389294361,1,5,1,3,17.56,18.094550000000012
5.46,40.67488367067032,-78.35465134139187,40.67556280417831,-78.3526684141305,6,22,1,6,11.91,13.686199999999992
11.62,38.24489648243301,-115.2671809813603,38.20865857647319,-115.29313100846451,10,27,1,4,28.1,24.822250000000018
6.43,40.169751938808254,-96.11697343610264,40.166829306316615,-96.15532396481991,19,13,1,4,13.76,15.07045
5.67,37.324319237227975,-113.92288186379731,37.36473371737298,-113.9448040457778,12,2,1,0,12.07,13.474400000000001
5.22,39.60278236195249,-104.91787349794951,39.57304743349787,-104.92017881140028,8,1,1,6,9.5,13.199699999999996
7.83,37.85259254618517,-102.48696290855013,37.84965236255309,-102.46036452577329,16,11,1,2,16.87,15.390750000000002
6.32,40.44580814942763,-97.57653993141412,40.47539166673756,-97.59632187697382,19,28,1,5,19.68,13.74035000000001
7.47,37.10266103309873,-121.81005544672584,37.13598802651225,-121.78644212177578,23,8,1,6,18.43,16.56025000000001
7.68,38.7638181378642,-103.69632095159858,38.765670367018345,-103.6711091575762,15,1,1,6,18.79,17.36215
7.13,39.14690046276996,-75.1597209723086,39.14321659656143,-75.1489751373073,16,2,1,0,19.44,16.529299999999978
1.45,40.53187041499567,-81.62673361735719,40.5191395255073,-81.65267396272391,0,4,1,2,6.42,5.583499999999999
9.25,38.276844379679815,-91.03802676125892,38.22764484431174,-91.04893657652352,1,17,1,1,21.56,20.874199999999977
8.51,38.47119566305149,-96.49208128340882,38.49139174930462,-96.51660240319497,11,17,1,1,21.07,16.473000000000003
7.19,40.60191191302525,-80.76399943804395,40.55306143635387,-80.79118028668772,20,2,2,3,20.49,15.958300000000007
9.45,40.52312497639688,-97.25240852162982,40.53668869200072,-97.28208734086236,0,20,1,4,25.69,21.163649999999983
3.51,40.94188077453665,-103.40572234711456,40.93123929820879,-103.37864752045272,2,25,1,2,8.9,10.093550000000011
4.39,38.732939171266544,-104.76495064919638,38.7775879360077,-104.81310068351192,21,12,1,3,9.55,11.435200000000009
4.67,40.14376630418999,-101.63656743585926,40.13790369542048,-101.62217503118126,9,2,2,3,11.94,11.254799999999987
4.41,39.59515362371001,-73.10354625881541,39.61404992977965,-73.15214452009991,22,24,1,1,11.57,11.615549999999994
5.35,39.41834670332701,-85.35382613077712,39.37513508120839,-85.37867168559461,15,17,1,1,11.66,12.718400000000006
4.27,39.808586665571966,-112.68781197826188,39.77816129035877,-112.70934372903172,5,1,1,6,7.04,10.878249999999985
9.24,37.26223478253608,-85.6855437935628,37.239127249876105,-85.66131224942689,15,27,1,4,18.07,20.1376
10.72,40.5489149988332,-94.23650450013636,40.5264226642909,-94.20941528094998,22,27,1,4,24.13,22.608500000000003
5.01,38.28934063858162,-83.16578085982835,38.26738212774261,-83.1906502501678,16,8,1,6,12.56,12.936600000000004
7.59,40.91681830010072,-76.08361492945343,40.95186924240263,-76.12893529094139,12,7,1,5,16.87,16.31474999999999
3.53,38.70804040680175,-103.64575984484574,38.69122966835236,-103.66225893758826,3,27,1,4,10.38,9.929050000000004
8.73,39.99798535857525,-101.76794844922564,40.00852410059269,-101.77363776357628,2,15,1,6,21.44,18.375800000000005
2.54,37.36075045114116,-79.28631777457835,37.36679343401613,-79.29606531118955,19,3,2,4,8.33,7.810350000000003
6.89,39.77338637499639,-86.61414273652946,39.75892012754955,-86.58096806414595,15,30,1,0,17.43,15.246850000000004
10.21,40.92083910397656,-81.54695996076418,40.92271028212644,-81.51980292153357,12,19,1,3,26.53,24.05234999999998
5.54,37.85565253279224,-85.41709405926443,37.84178805841603,-85.46450024133122,4,6,1,4,15.01,13.797899999999997
7.58,40.91323537598754,-75.14709086682086,40.94251826806903,-75.11812895729243,13,4,2,5,21.87,16.417399999999997
6.16,40.87434568103219,-119.562867750147,40.89596475566231,-119.54807775580365,21,9,1,0,8.61,13.079250000000009
5.25,38.0003440701681,-104.25458958802682,38.04917390884821,-104.2081649327942,2,5,1,3,12.62,12.341249999999997
7.17,39.1808834155122,-74.3390172390075,39.19580012829585,-74.36945412398634,2,23,1,0,16.05,17.001949999999994
2.54,40.11857226692172,-115.75960282043278,40.10617535201419,-115.80735276661756,17,8,1,6,7.98,7.667199999999995
7.37,38.548561358619054,-84.41616380431302,38.568206171092335,-84.37250220995914,1,21,1,5,22.94,15.158650000000016
4.75,37.5466416202888,-115.63529848682532,37.49827503875304,-115.61437766427116,19,7,1,5,10.74,11.577049999999995
10.23,37.37969028626822,-101.62382422388126,37.33029890325034,-101.66319569505744,7,26,1,3,27.85,24.7844
9.38,39.529292407905245,-111.16395694706006,39.54670298347841,-111.15056358391097,17,1,2,2,18.86,19.525350000000014
4.48,39.57410322776448,-120.58621266714871,39.59549850816355,-120.59387834374849,1,21,1,5,7.06,10.8014
5.73,40.37896966732915,-111.66495302422024,40.39853543445561,-111.69385398042076,7,19,1,3,16.53,13.77404999999999
6.16,38.81491325345967,-119.47688077946194,38.84707904441211,-119.50666229135852,6,7,1,5,11.8,14.44474999999999
7.56,39.846797098217806,-102.84159782300291,39.87391878979963,-102.85269943615552,7,17,1,1,11.15,16.539349999999985
6.13,38.03200036781391,-114.08038933824832,38.06238864621733,-114.10423659981552,2,17,1,1,20.02,14.515200000000004
6.61,38.624653193869534,-73.14701753528374,38.624284174811656,-73.1292422975935,5,11,1,2,16.08,15.36619999999999
6.01,38.32894034536826,-73.65958504831553,38.29604620447334,-73.65079657817547,3,19,1,3,18.25,14.966250000000002
10.89,38.27888167159568,-92.58372143029668,38.26140880558983,-92.58739408745008,17,3,2,4,25.76,23.727249999999998
9.58,38.63640809218109,-118.0444872387984,38.60242414792674,-118.0124398368686,13,12,1,3,16.82,21.74739999999999
9.44,40.01468471027072,-92.289636061689,40.0631236295875,-92.3022100667275,15,14,1,5,23.28,19.324799999999993
4.99,39.85994312683903,-83.86248681403717,39.88666925059567,-83.81329225991848,22,26,1,3,11.11,13.22400000000001
8.17,37.54099383985887,-111.87987820315224,37.54543182891058,-111.85528122004663,20,1,2,2,15.71,17.356950000000005
9.17,38.8150186794042,-107.6134215506558,38.79669600171964,-107.60459989657092,1,9,1,0,21.85,19.84790000000001
10.42,40.1602530285652,-91.77466315620757,40.12114679782269,-91.76754727642668,8,30,1,0,20.39,23.441600000000015
6.38,40.91522020142339,-79.41825955745733,40.90067760866802,-79.45337446407088,1,2,2,3,11.94,15.172500000000005
9.6,38.33936593417333,-104.77804629929592,38.292630609113765,-104.82490494025042,20,11,1,2,15.54,20.423350000000013
6.31,38.2116446170478,-98.6505973461593,38.2100894972009,-98.60577247981168,1,14,1,5,16.1,14.206249999999988
9.46,40.87619001601055,-113.17549967930876,40.88540038193564,-113.18609890068556,1,19,1,3,14.88,22.086800000000007
11.27,37.676784241979945,-91.31292840050806,37.694543280082335,-91.31517662838928,0,25,1,2,27.81,24.02154999999997
5.51,38.28592273818896,-86.98594063208634,38.29743695704639,-86.96555796517639,1,10,1,1,10.38,12.98045000000001
10.66,38.2980444397532,-104.03496620120004,38.25335349743594,-104.00819795969952,18,3,2,4,29.04,22.425050000000024
11.8,39.68864137422759,-84.52835540222786,39.66072862935884,-84.50135145469557,15,21,1,5,25.02,26.82910000000002
8.27,40.69277428899134,-95.96505605032328,40.68334098951184,-95.97943427624806,3,9,1,0,14.42,17.542600000000007
2.96,38.38892741901844,-87.52108481841927,38.35422750916115,-87.511699729255,12,16,1,0,5.91,8.886250000000002
4.7,39.08270336896581,-110.76602581667244,39.066252509003625,-110.71613344835411,1,26,1,3,9.29,12.604949999999995
7.83,39.93483106558493,-75.29280779058185,39.97032344946256,-75.28219516487691,21,21,1,5,22.54,17.561449999999976
7.78,37.38431971958658,-91.92362539090269,37.41076057009351,-91.94402742757684,13,26,1,3,18.79,17.625799999999995
8.68,39.86609939007426,-99.07655218009072,39.88681183584559,-99.10729197209012,4,18,1,2,15.24,18.301000000000016
8.06,37.442323647487214,-97.04074204883686,37.404115745497776,-97.07872653692348,16,28,1,5,23.29,17.659700000000015
9.22,39.88542819019654,-120.1547594616664,39.88508913579485,-120.12528417842938,22,18,1,2,16.65,18.435099999999995
10.37,40.39929126636894,-78.0841888162146,40.42647872489921,-78.11502531132798,16,30,1,0,26.25,22.551149999999996
6.23,37.026806810958185,-121.2060477583817,37.03391686088121,-121.23171778512524,23,2,2,3,16.14,14.32715
7.4,40.50420455986035,-94.24069531920368,40.51484073249177,-94.26902098515008,16,17,1,1,17.26,16.638550000000002
7.85,38.30702761305061,-108.16809237177304,38.300195210664825,-108.19405691332256,20,8,1,6,14.54,16.76495000000001
4.75,38.55656952704022,-74.97684533414207,38.52762072915488,-74.99830528486201,1,22,1,6,11.7,11.561199999999987
2.43,38.0077376159676,-88.07511875609649,37.98709165849637,-88.02593850373869,7,23,1,0,6.24,7.323449999999995
3.14,37.306069512998576,-93.34627638627188,37.35413918703865,-93.3512584668724,19,6,1,4,8.32,8.677599999999991
5.03,39.92430772529816,-82.80637610934875,39.909131018213024,-82.84796986050569,2,21,1,5,10.94,11.987699999999997
5.97,39.507854583751296,-78.0603058175273,39.503092661494016,-78.05308497974976,1,28,1,5,16.67,13.94669999999999
9.38,37.58862789354239,-91.5569946687132,37.55784988030454,-91.53864622011312,1,4,1,2,22.95,21.44235
8.62,39.54133023005777,-113.87708048934525,39.50666765389895,-113.88401389907092,2,17,1,1,18.22,18.44195
6.9,38.064651630390514,-116.99471923414944,38.0227147278616,-116.9897823010986,16,24,1,1,14.73,15.363650000000014
6.41,40.15847375565592,-83.34312529832945,40.16085164230412,-83.32926996489985,6,7,1,5,16.18,15.432350000000016
9.65,38.59047525583468,-108.41094369822773,38.60706977638117,-108.39054357717308,13,6,1,4,25.9,20.958900000000007
11.92,38.854802823089166,-98.08818379454654,38.85519217097468,-98.05404876553033,22,2,1,0,27.51,26.174000000000007
3.14,40.00784782666732,-115.28335769082736,39.99504741403863,-115.30427350077052,4,1,1,6,7.37,9.440800000000001
5.81,40.85814222109768,-118.72769330887314,40.89134431401634,-118.71705883656522,12,25,1,2,10.99,12.913550000000004
11.76,38.5535117343364,-75.41674888342031,38.55531993643604,-75.41638533953959,5,2,2,3,28.92,25.044249999999998
7.26,38.03589861447919,-115.01701982283268,37.99377497629026,-114.99773890844943,17,17,1,1,21.16,17.102850000000014
8.72,38.840326377262606,-81.52872628855752,38.87850389950858,-81.48091546317566,20,8,1,6,17.61,18.398549999999997
9.85,40.29359398344464,-120.68286566721154,40.28283932333556,-120.70105901679072,20,18,1,2,18.4,20.169449999999994
7.03,39.736042406770274,-90.8009958580532,39.7049923839599,-90.76299428610626,14,25,1,2,18.39,15.658250000000004
9.52,37.36283531736192,-92.22121497708312,37.38544283555981,-92.20368797140463,2,2,1,0,22.79,21.76464999999999
6.74,40.661525569646,-86.03633149570959,40.62937726194386,-86.04735075822414,0,15,1,6,15.04,15.49325000000001
2.22,38.39729894365815,-87.2946921379907,38.41586132451398,-87.26163979515809,6,2,1,0,6.97,7.853149999999991
5.39,37.868294011542126,-87.84070764855751,37.83654244904847,-87.84809117693132,10,7,1,5,12.1,13.051249999999998
10.09,40.7040214975548,-73.91313483625163,40.71412664267402,-73.90709196377425,0,29,1,6,13.49,20.43330000000001
8.24,40.84352066589399,-101.14538055405666,40.8280880816307,-101.16568630018068,19,16,1,0,22.3,18.01199999999998
2.76,37.11257608656054,-119.64256717262693,37.16178196318606,-119.67166197825723,13,4,2,5,8.12,7.325300000000006
6.23,39.510457093745096,-110.08688165287631,39.53834628739888,-110.06148202988196,18,17,1,1,15.6,14.00200000000001
4.56,39.41113253135046,-95.38043487192576,39.436067453131,-95.36052878226592,12,29,1,6,10.61,12.00714999999999
7.04,40.99966905605471,-82.31491248094014,40.96698245712318,-82.35925046135966,0,9,1,0,18.3,15.72575
9.54,38.04833804650829,-82.36147154037818,38.01195675890623,-82.40142415290188,16,13,1,4,19.09,20.703850000000006
0.16,39.27628051943402,-116.61648629736646,39.298433598231895,-116.60498933629594,21,5,1,3,3.59,3.098350000000001
4.25,40.16975190931426,-79.62022115568243,40.12546664711181,-79.65392553104911,0,14,1,5,7.6,10.556649999999989
5.84,37.08746680722549,-85.7866520419432,37.0407894838164,-85.82167747897809,17,17,1,1,12.76,13.106599999999998
13.25,38.133470825625615,-86.4998089433564,38.17299159143043,-86.52262382301133,22,24,1,1,24.05,26.3625
5.74,39.49768988352033,-81.98572060175778,39.54720971620301,-81.98953981772843,0,7,1,5,15.67,14.208350000000001
10.77,40.65959089764305,-107.1878005521188,40.611469436475176,-107.15122345062764,12,23,1,0,26.41,22.72600000000001
9.8,37.36068640026947,-100.49798596945084,37.36786462599037,-100.51258620486432,15,19,1,3,22.13,19.97315000000001
7.8,37.2987528128546,-116.84614792065628,37.31897748772378,-116.86176408257866,4,23,1,0,17.69,17.4314
9.73,38.28996951870153,-87.85338992890004,38.31476342896497,-87.86205575234746,2,16,1,0,18.8,20.712750000000014
5.59,38.28167152946326,-115.19871018051128,38.304183240326765,-115.2040726413442,11,2,2,3,14.8,12.859199999999992
4.37,37.37000041762673,-75.47900827670136,37.326715515672646,-75.51484571122889,12,4,1,2,8.6,11.051599999999997
6.94,38.018643652142266,-112.40327824912796,38.0069526746839,-112.42051419800336,13,21,1,5,10.79,16.562200000000015
9.61,39.89881253125923,-97.12622793949556,39.92405075741267,-97.16084124857856,22,2,2,3,26.13,20.408349999999988
5.75,37.598210082370905,-116.65443390792854,37.62760303712973,-116.66501303956584,4,12,1,3,17.19,12.260950000000001
5.9,37.39965650593827,-77.30404561576093,37.37814785205007,-77.3439457375723,7,4,1,2,10.23,13.702700000000014
6.55,38.46005238220115,-98.18714903048873,38.49470874358352,-98.16398371543592,10,1,1,6,18.25,14.350299999999995
8.72,40.71544657468719,-106.740611942369,40.72475980998658,-106.73580416404782,3,26,1,3,19.4,19.905400000000007
4.24,39.16243492681777,-119.2397438494317,39.12864685436848,-119.2260274166734,23,4,1,2,11.74,11.857749999999996
8.78,38.996898833492594,-98.63101857817551,39.0374247349121,-98.6091445284634,15,17,1,1,20.55,18.808149999999998
11.74,38.279842861831895,-120.2708696854996,38.28875645669649,-120.3026299175313,22,26,1,3,17.19,23.254500000000007
10.14,39.20545563470483,-93.6915292682204,39.15867742097327,-93.68672229367412,19,1,1,6,20.85,22.750700000000002
6.89,38.070610438062445,-78.14579761559654,38.05510766634279,-78.15227441108033,19,20,1,4,10.85,16.052049999999994
7.78,38.09645077520655,-120.2262261503718,38.05004349673106,-120.25838383244133,18,8,1,6,20.52,17.998700000000003
8.84,39.75966108659141,-75.0171945307177,39.766260050368274,-74.97633257943582,8,19,1,3,20.35,19.710850000000004
9.44,40.8182281448413,-118.73423687806994,40.81711984583613,-118.74005767066517,21,23,1,0,16.34,23.169099999999993
2.29,37.70147706718107,-96.85196233037392,37.65437855058314,-96.88241587948468,13,4,1,2,7.32,7.4105999999999925
14.38,37.26989430374999,-104.78884423480562,37.301846950141325,-104.81265396512448,10,20,1,4,22.68,32.67920000000001
9.86,39.38571023167332,-98.09933102069826,39.3942784615869,-98.07701585506656,11,24,1,1,20.52,21.6157
10.9,37.3546844835255,-109.53298698754816,37.39354177818264,-109.54305788014732,21,1,2,2,15.64,23.642799999999998
4.57,37.07593917034064,-74.4589062318129,37.09417142093846,-74.4787406919427,9,15,1,6,10.56,11.67835
5.5,38.804027277100616,-82.28628274230917,38.83221512254243,-82.28110808158361,8,1,2,2,16.25,13.585649999999998
12.46,38.64487731246914,-73.2129963111199,38.61586024211152,-73.21336417264905,13,2,2,3,24.0,26.979650000000007
4.33,39.32178583654558,-87.0057166203305,39.28223555378664,-87.04516430238124,20,10,1,1,13.69,10.705849999999991
0.77,37.01722581902523,-73.99921157235777,37.05293139222403,-73.95501912495838,17,27,1,4,3.57,4.450499999999996
8.67,38.38519567645443,-89.01881337067547,38.355164830814296,-89.04007348824712,13,23,1,0,19.94,18.783800000000006
7.89,38.46709418320422,-83.91065857488113,38.48030268746551,-83.95496258728076,2,29,1,6,16.01,17.442099999999996
6.3,37.98012662180391,-105.18006909803864,38.01133191875067,-105.18510844730858,19,28,1,5,11.4,14.164249999999992
9.95,37.87648603732151,-82.23158032593776,37.905090176082304,-82.25916983948414,4,28,1,5,16.97,21.841350000000002
4.22,40.232792367441625,-78.10922149302414,40.23278923313283,-78.09550615595839,1,29,1,6,9.34,11.332899999999993
11.39,37.13525970260963,-95.3100182542118,37.15761466113723,-95.29686575622564,15,17,1,1,21.93,24.20549999999998
4.33,39.21759081853376,-110.11504942967288,39.18545348449655,-110.07709026998369,14,23,1,0,10.14,11.049150000000008
4.61,40.4178742613078,-79.8229630302001,40.39652618367139,-79.81569472243682,12,31,1,1,11.26,11.737649999999991
7.98,39.42443191037614,-113.94428115725964,39.38677164438731,-113.9495585827598,9,6,1,4,20.14,15.355100000000002
8.76,38.50186193695625,-120.5595062641754,38.47284224388639,-120.56713864574228,22,15,1,6,16.87,18.58
6.08,37.46139283354889,-78.0795642594314,37.48805162316669,-78.05490010613227,11,25,1,2,16.32,14.738200000000008
7.55,38.41758049407503,-110.3578850681043,38.42257275565172,-110.3463900488247,23,31,1,1,19.72,17.228599999999997
4.9,38.11039995830273,-78.24776186365867,38.12957342903282,-78.26301376214094,4,29,1,6,13.86,11.509449999999998
8.55,37.16958143948627,-99.00835519413408,37.123882041330745,-98.9718338776,2,2,2,3,16.1,19.443850000000012
8.64,38.41640414760374,-74.51979177472552,38.399393965283934,-74.53228529757818,8,20,1,4,20.57,18.930749999999993
7.9,38.28816715308336,-116.58880746920195,38.33754923451189,-116.57854987761895,2,12,1,3,17.25,16.920799999999996
12.12,37.43750046094623,-83.88633901509856,37.418851911688726,-83.90379958922175,17,27,1,4,25.47,27.47280000000001
7.3,37.8513728151357,-89.08193918228258,37.8727632667944,-89.11207498696353,2,19,1,3,14.11,16.402850000000004
3.79,38.80496509346831,-96.18187989501224,38.84937078717833,-96.20262303543642,16,29,1,6,10.59,10.085699999999996
8.22,39.80035904062788,-113.91657703117168,39.76705733121585,-113.9637947028777,17,30,1,0,18.71,17.922450000000005
2.97,38.1372700722932,-103.68290859875717,38.14180401851038,-103.6378970402189,9,4,2,5,10.65,8.55810000000001
9.25,38.668488791151226,-95.5037460405243,38.63578848893045,-95.512657198454,1,2,2,3,21.21,20.576399999999985
4.88,38.7224398424716,-105.6901373056502,38.71512869092796,-105.71793850558704,10,19,1,3,9.46,12.681299999999991
1.81,39.073970009415326,-118.74353333958486,39.065894699439305,-118.7592499209802,9,2,2,3,6.36,6.813100000000004
8.12,37.98337447133055,-114.37977469984575,38.00330134223137,-114.33713392683198,16,26,1,3,16.36,18.72340000000001
7.79,40.27773791956591,-100.18991044511807,40.24648193900202,-100.23512811298772,7,22,1,6,16.65,17.5133
5.85,40.90902422049,-112.0263427830036,40.94152529088306,-111.98394295372128,21,5,1,3,18.68,14.849850000000005
4.18,37.53117485605736,-117.2404924625941,37.55347989751287,-117.25868229555832,0,12,1,3,9.29,10.400199999999998
10.02,39.17904362227985,-119.40091345036032,39.20923471737839,-119.3977729625727,22,8,1,6,22.41,21.239849999999993
13.67,38.72306079339033,-86.66576409304807,38.73603124918416,-86.6414298948287,23,1,1,6,21.88,28.449149999999978
10.55,40.45582091630466,-101.68964104590714,40.49148225379327,-101.66082239014324,5,26,1,3,27.78,21.88085
8.76,37.13104211098961,-94.487587014648,37.13064016439787,-94.51252381182952,15,12,1,3,12.16,21.01534999999999
9.73,38.62069055947999,-112.00693497216297,38.59438220499032,-111.96250234750958,10,30,1,0,24.15,21.72204999999998
8.18,39.69927490827782,-118.82587124226286,39.70789950914717,-118.78463926568377,18,1,1,6,17.97,18.813250000000025
6.58,38.9037726091188,-100.87081433365904,38.90625440500119,-100.86984413176016,3,2,2,3,10.92,15.072899999999997
9.6,39.0753327767197,-90.27659355149764,39.03669489187665,-90.2640378440633,12,26,1,3,24.23,19.117249999999977
5.25,37.69634101450534,-115.95162751704014,37.69105406815935,-115.98337404330536,19,8,1,6,8.0,12.941949999999993
8.49,39.56569270573568,-82.4210624490411,39.52761127271239,-82.4170127603573,5,1,2,2,20.54,18.074300000000008
9.35,40.30299940208562,-95.74052482847654,40.2914101945344,-95.77779605113275,3,8,1,6,27.15,21.661049999999975
4.51,39.02588339810934,-93.04377029640564,39.03193156796612,-93.0935301968585,6,15,1,6,11.13,12.123250000000006
10.43,38.66582755161387,-98.91545724198804,38.62086808895263,-98.95787122924447,0,24,1,1,24.79,23.219699999999985
0.39,38.605744662992414,-101.83566644192544,38.64805204501597,-101.8463193103776,10,3,2,4,5.55,3.159600000000002
5.45,39.97134700509113,-115.42606014788151,40.02076178853557,-115.44674944708729,17,15,1,6,9.79,13.45494999999999
15.01,37.0527295313426,-75.8574103723025,37.0597824513313,-75.86053886101202,17,12,1,3,40.53,33.64890000000001
11.35,38.38506699805976,-106.6550864773859,38.42702200024142,-106.6357943810692,0,30,1,0,26.29,22.695999999999973
5.43,40.31941455932983,-115.8254213121145,40.3666532854256,-115.82108570006817,13,11,1,2,11.67,12.559100000000003
5.16,40.30446840188198,-92.17273403099952,40.27329941566335,-92.21836250367676,9,13,1,4,9.39,13.067949999999998
10.4,39.16149446623864,-90.71813436024524,39.14897305823014,-90.7513269503927,13,11,1,2,17.78,22.669449999999987
1.94,38.42331353377667,-116.87875784627616,38.46659631503149,-116.83919867948684,4,15,1,6,4.72,6.522200000000002
10.01,40.43254709528978,-120.95066142331682,40.45358746276686,-120.92762477342866,6,8,1,6,22.87,21.799199999999995
0.86,37.447001707735645,-120.21933276716416,37.48430504243237,-120.23865953749008,9,14,1,5,4.36,5.169849999999999
8.79,38.11380974280585,-85.66166702459483,38.160192349146,-85.61240326488672,7,17,1,1,22.61,19.935599999999987
5.9,40.56432085247659,-86.57671715146978,40.53137398779653,-86.52677275774421,23,2,1,0,8.76,15.056150000000004
7.13,37.04867110685336,-89.27531329209972,37.02663134174095,-89.27182839118728,10,2,2,3,18.05,15.014650000000012
9.2,39.91248331298237,-73.3472004860426,39.94325500385583,-73.36299853788302,5,14,1,5,25.0,20.422049999999988
7.43,37.85529553259821,-77.00242311838491,37.89459176712727,-77.00629108083322,20,11,1,2,14.77,16.6376
4.95,40.14308520612296,-90.55195556238456,40.09396702241478,-90.5816704570365,16,5,1,3,7.02,12.274700000000006
0.11,38.19205049206684,-77.5814816942934,38.21725328302343,-77.53386906497781,10,13,1,4,3.19,3.0751999999999953
12.69,40.15404381275856,-77.36479448951793,40.18302470540689,-77.39061640517254,15,11,1,2,24.95,23.275999999999996
14.67,38.08427977972181,-121.29070482704228,38.04629648423895,-121.25763288510332,0,19,1,3,37.5,29.93474999999998
10.66,37.44192947857554,-120.71928139547386,37.48139176138492,-120.76363487514524,22,10,1,1,26.22,23.57730000000002
9.24,37.99443984386259,-98.0511514820517,37.964933485192766,-98.03544829256803,2,21,1,5,16.62,19.585949999999997
10.37,38.55415885338491,-113.26118435649433,38.52819421351539,-113.2407154092961,7,9,1,0,24.02,21.838
5.98,37.28034521579579,-113.016201445421,37.305298086761,-113.06411836182996,21,9,1,0,16.6,13.449800000000005
2.53,39.187587288455845,-108.75851183350146,39.19081839941557,-108.78160605295632,13,31,1,1,6.04,7.630149999999998
10.04,38.41943536954239,-113.5374612066226,38.41872318485289,-113.55559224081254,19,27,1,4,20.72,23.591550000000005
7.36,39.79030452077168,-87.00494445802212,39.81693330610923,-87.04369526482282,18,2,2,3,10.74,16.360649999999993
9.79,40.18201726928114,-91.852912595445,40.18618201457273,-91.83875518419522,8,21,1,5,21.19,21.28224999999998
8.53,37.91593426833902,-89.50284565868694,37.942394748257016,-89.46722519259104,19,1,2,2,22.68,18.775150000000007
8.77,37.045560643503904,-88.83852490751896,37.06597798758479,-88.82029852838485,9,2,1,0,18.27,18.5757
6.99,39.168766858169306,-76.8639611114927,39.205418583697615,-76.84017770881589,14,3,2,4,19.4,15.674799999999978
0.07,38.0740811103002,-104.8654832346593,38.10186686076487,-104.89625300972529,22,12,1,3,2.72,2.7693499999999975
5.52,39.58169102528686,-95.03850490263632,39.58592033084362,-95.04250348517512,17,27,1,4,10.83,13.15239999999999
9.57,40.7602074495927,-77.71837589489655,40.73742268806957,-77.73835611581777,6,27,1,4,24.89,19.347849999999983
8.67,38.563804709563975,-99.88827613156654,38.59640951759936,-99.9234871122927,6,5,1,3,18.46,18.51795000000002
3.34,40.72008806293788,-95.00216978134524,40.756459858323126,-94.99328579269428,16,25,1,2,9.79,9.32970000000001
10.16,38.01391247061692,-92.21257186014056,37.99426774667848,-92.174898205335,11,23,1,0,16.07,23.06994999999997
7.38,39.77377036640322,-116.0795186370172,39.72511725498492,-116.10258364594048,17,26,1,3,17.84,16.240950000000005
8.55,39.53224020439944,-102.1464877091014,39.48777474725062,-102.09820929948252,18,29,1,6,20.2,19.691000000000003
7.45,38.98249885778839,-79.11425506877032,38.99693503410877,-79.11907259328814,9,17,1,1,22.88,16.8197
13.32,38.05982897554972,-97.06832983332552,38.02828022172793,-97.08498013588218,0,8,1,6,23.56,26.022949999999977
8.95,38.31849108394546,-112.49264336542736,38.32069448158003,-112.5253430175764,2,4,2,5,16.47,20.350549999999995
8.87,38.64231147804114,-85.87004928122312,38.62977863221721,-85.84404657077245,14,1,2,2,12.47,19.492350000000016
4.58,37.2870668741001,-111.75570078650163,37.29519774131699,-111.76551117042654,17,24,1,1,10.76,11.310650000000008
8.49,40.033838229934375,-76.55720930849623,40.012363801188,-76.51718752059904,16,15,1,6,15.65,18.867199999999997
8.27,37.0551677219968,-97.99921111571253,37.05572984193256,-97.98214166070032,12,8,1,6,16.92,17.829949999999975
8.97,38.713935824866944,-106.24484497298256,38.72975085797516,-106.22797074871124,7,10,1,1,25.7,17.970950000000013
6.36,40.190046350057706,-101.74810829464188,40.175910240329706,-101.74049052080883,3,4,1,2,13.13,14.389250000000004
2.05,38.14149873447162,-79.96883753264945,38.13294007554641,-79.93404943296805,13,22,1,6,6.61,7.005299999999993
4.62,40.22113370880402,-97.16356972675553,40.216930062653,-97.18968037246384,11,9,1,0,14.5,12.319350000000004
11.35,37.62964033368245,-103.65273426983916,37.66260066474633,-103.68816240848376,20,17,1,1,19.75,25.130799999999994
5.9,39.6651020383339,-88.14561387182466,39.65606727387136,-88.14455065937572,16,4,1,2,10.84,13.849400000000005
5.16,37.18996894569582,-121.74236449625646,37.200031922887085,-121.70530481609518,2,18,1,2,12.97,11.357350000000002
4.35,38.03408471343276,-95.57760046312092,38.044110026767264,-95.5465089471214,16,13,1,4,11.85,11.329149999999993
4.95,38.973005310108455,-109.71785784321952,39.01405898995386,-109.69463194644376,22,25,1,2,14.6,13.332399999999996
10.54,38.34056897920923,-76.71251173562091,38.3635700161668,-76.7300293156414,8,4,1,2,26.08,23.662000000000003
9.54,37.1170345706831,-77.3748435708662,37.094725998225066,-77.3567781422054,6,4,2,5,13.4,21.330100000000005
8.9,39.1126950496438,-105.07660787696952,39.06290161312079,-105.04052094432748,13,13,1,4,19.51,19.379099999999998
6.28,39.69892384846922,-103.1450296758078,39.70185264698291,-103.10707990317606,2,15,1,6,13.78,14.898949999999992
2.47,37.97476755421103,-115.47970050332388,37.9520133276304,-115.52271278996804,2,20,1,4,5.69,7.340599999999998
7.74,40.231949761189554,-110.67420908521513,40.22776347661332,-110.6313864536685,3,28,1,5,14.01,16.139150000000004
11.16,40.145954100290254,-97.96275794095423,40.09957650045755,-97.95343482712028,14,26,1,3,20.29,23.149799999999985
7.51,37.5768891581384,-83.85842707651526,37.61424967239885,-83.84059982003873,14,20,1,4,17.66,17.294950000000007
0.72,39.79562353257021,-104.56318690521567,39.83072796493615,-104.5311542528769,12,10,1,1,4.3,4.857499999999997
3.5,40.07558194787215,-103.93676885750703,40.08194286274837,-103.98383895038138,18,11,1,2,9.3,9.781699999999995
10.33,37.20991701914201,-100.89477969369788,37.19151238930316,-100.9013396296346,12,9,1,0,17.88,22.772799999999982
5.15,38.38246558865194,-85.13391127572704,38.36138196555998,-85.11069488527735,23,29,1,6,11.11,12.687199999999997
7.9,40.00500894385818,-93.22041440519072,40.006495787408056,-93.19929424602152,20,19,1,3,12.02,18.18514999999998
5.99,37.47245769434644,-120.64817305199064,37.43633450009914,-120.63903496854974,12,27,1,4,14.22,13.312499999999991
7.46,39.55780268142496,-96.46142238874604,39.58574209775871,-96.43607269309628,6,6,1,4,16.14,17.19819999999999
5.39,37.37770805728,-98.95461822306012,37.3800545487459,-98.9243378624642,6,1,1,6,11.79,13.488450000000007
5.39,38.9792188201039,-74.3523307905298,39.016625104362056,-74.38602934789357,12,26,1,3,10.44,12.655500000000016
2.06,40.97466872108049,-110.7577937884818,40.9329428704795,-110.75825079676213,20,2,1,0,9.36,7.0148
9.51,38.248516975736855,-90.61882110707128,38.29186901765837,-90.58477074067396,18,1,2,2,23.67,19.30105000000001
2.93,40.56715894059729,-96.13520670079568,40.599858714260215,-96.1384884206399,23,9,1,0,8.86,8.331149999999997
7.31,38.70031976634041,-76.108101539574,38.7187108884248,-76.12755810934458,3,12,1,3,11.83,15.605899999999998
9.06,37.67457027334928,-73.93916431921633,37.6445698907771,-73.90019025330939,21,27,1,4,26.79,20.926199999999977
15.59,39.80848086585472,-112.55516204932871,39.85063932221566,-112.51073079039575,1,9,1,0,28.25,30.58549999999999
4.56,40.68185741609915,-110.08649718678784,40.64894330729477,-110.04466504076076,21,21,1,5,9.24,11.297650000000008
7.62,39.19678306379944,-99.59219406484311,39.22927682261541,-99.57406791182667,0,27,1,4,17.07,17.270500000000016
7.19,39.4920739714395,-85.94299777181216,39.488206842128456,-85.92863555972365,4,18,1,2,13.78,16.189100000000007
10.49,40.01948095676149,-82.4518727899551,40.000834273003065,-82.44213926137901,20,16,1,0,25.92,24.81145000000002
7.62,37.680497050187,-103.37790745853763,37.65591913623231,-103.3335676267733,19,17,1,1,16.33,17.6513
10.92,39.81403144049718,-82.0421756521263,39.7672801242454,-82.01708698405409,23,1,2,2,20.36,24.67864999999999
7.59,38.804709661725965,-106.9196611351197,38.79067911930962,-106.90964776457416,3,27,1,4,20.88,16.649199999999986
13.0,37.71265042304247,-81.74116295864255,37.720177443777054,-81.74830142959586,15,8,1,6,23.26,29.26054999999997
8.63,37.01683142862961,-112.4211551886334,37.06448363505602,-112.44016117404868,22,31,1,1,20.22,18.11615
2.9,38.80346601035466,-94.77425583653648,38.80801905297916,-94.74992158974212,0,5,1,3,7.66,9.078450000000002
11.56,37.99722646243165,-111.1724459713724,38.03454135524743,-111.21780303841462,4,21,1,5,32.02,23.769000000000002
8.88,40.751994574613605,-94.00094294996327,40.794717976371366,-93.96798060494162,1,17,1,1,17.02,19.711450000000006
2.38,37.55633902434943,-77.50428243022978,37.52033535460214,-77.46852891436036,10,23,1,0,6.22,6.928450000000001
6.74,37.26255388150207,-89.97981141439786,37.295959140011135,-89.96491255410741,13,15,1,6,17.48,14.745200000000004
6.15,38.59132644497302,-95.99505625824082,38.586337217098055,-95.98110767874684,3,4,2,5,18.46,13.778100000000002
10.4,39.91741727836365,-76.67825668802206,39.869800660947504,-76.64977328862102,8,3,1,1,28.62,23.483100000000004
1.4,38.01558441013269,-85.66308559058932,38.02945799433347,-85.6203734796354,6,9,1,0,4.88,5.3247500000000025
8.33,40.46090272104358,-88.34822253958784,40.44223626949185,-88.38785242262679,14,4,1,2,16.98,18.70919999999999
10.01,38.60856223957419,-79.1934320975171,38.560010748762856,-79.24247801611882,15,19,1,3,20.25,20.38974999999999
10.34,39.25985939258032,-75.6150973562239,39.26314986532256,-75.64670644932853,0,3,2,4,16.82,21.58205000000001
1.95,39.17093800631095,-83.71798882289019,39.15023615050861,-83.67949783130707,20,15,1,6,7.06,6.61525
7.17,39.93125809805812,-117.07228943260372,39.88492114728263,-117.10121305600228,10,4,1,2,18.85,14.982949999999992
10.37,37.27132863724166,-119.38011800344331,37.30938895094256,-119.35280546176703,12,2,2,3,28.93,20.64855
5.09,37.00989415910346,-92.65513065265893,36.984792712145,-92.61355664412793,3,17,1,1,9.55,12.460950000000008
6.57,37.20648272391874,-94.76526411275208,37.17309857342677,-94.74828547741367,1,29,1,6,9.82,15.867999999999988
8.41,39.12085368446417,-98.36163988036152,39.10150354148798,-98.35570082408208,7,6,1,4,22.26,19.493850000000023
13.69,40.51254326467856,-119.96593294953512,40.4852159073162,-119.9371316616368,0,6,1,4,25.25,28.952050000000007
3.97,38.52716045289946,-88.96872485785849,38.562192682327264,-88.96748187242217,6,27,1,4,12.26,10.075750000000005
12.65,38.12637913516228,-120.28382628428508,38.07867016852632,-120.23462544980572,19,22,1,6,20.02,28.21904999999999
13.85,37.65038104254533,-86.00753802988504,37.61738789895277,-85.99054898874176,14,25,1,2,22.73,28.705400000000044
4.76,37.88702205305579,-114.0916323716682,37.93194560809191,-114.0514230716472,4,7,1,5,12.62,11.059299999999986
9.75,40.92851419354445,-96.63294553919168,40.93694758519776,-96.61010590218967,16,23,1,0,19.94,20.97035000000002
7.12,37.71127074942163,-89.79030284325711,37.68486485180518,-89.76459651669906,20,3,2,4,13.37,17.12795000000002
2.31,38.96902589352472,-104.30841373016948,38.94473943146307,-104.25897296754572,9,2,1,0,6.45,7.6669999999999945
14.2,39.47000820099427,-77.9015091255641,39.475658884341605,-77.91178226167794,17,28,1,5,20.35,28.356949999999994
4.49,40.170633708710426,-106.4709432697607,40.20237062820758,-106.44233602696112,21,12,1,3,11.48,11.74755
2.9,37.00672625360606,-119.51633017791752,36.96301098656898,-119.47320152162604,7,11,1,2,11.08,8.358449999999994
11.08,39.93391898962075,-116.68190145711824,39.91988057674078,-116.66125784759429,1,19,1,3,26.16,25.382150000000006
4.26,40.84845540461564,-106.92358622114588,40.87598657692868,-106.96667885142354,23,19,1,3,10.18,11.325800000000006
6.91,40.16475498859523,-96.7845653652285,40.125110047197,-96.76150417090392,23,3,2,4,14.2,16.276050000000012
9.28,38.07197855538463,-111.00679411409033,38.07388461103115,-110.9969017716442,5,12,1,3,22.33,19.27045000000001
5.01,38.559539281145184,-97.220387749713,38.58509442899533,-97.219525161036,5,1,2,2,12.17,11.951750000000002
4.37,39.45636694977631,-80.54042585723869,39.42070373772196,-80.57314933585121,12,27,1,4,10.24,10.985
3.16,38.92244612762941,-83.1697250355922,38.95815418011806,-83.16009751932414,2,18,1,2,8.18,9.212999999999997
9.28,38.67921006241795,-120.05278060885902,38.70436399854877,-120.0889511747814,10,9,1,0,23.63,19.312750000000005
4.8,40.60830610853012,-84.19700832439835,40.59474265988443,-84.1900721638184,17,19,1,3,12.71,12.113049999999992
4.93,38.44786466986134,-108.49991207819278,38.42596601100396,-108.50531833100206,0,21,1,5,14.88,11.835049999999985
7.97,37.14086395647622,-98.76664915030258,37.17728639276285,-98.75991407466512,23,24,1,1,14.44,17.77735
5.19,40.357908004082816,-106.28042535661773,40.36120934538935,-106.24979313945208,21,28,1,5,14.22,13.151600000000004
9.15,39.45109291239254,-109.90387824904998,39.45504777887348,-109.87895953616705,17,1,2,2,15.33,20.681499999999986
10.66,38.44496630556906,-97.72709689537533,38.48641257526054,-97.6793298386863,20,3,2,4,15.36,23.48655
6.07,37.51561296653647,-80.61108190583812,37.49939858528912,-80.56583614054286,11,17,1,1,14.28,15.04535000000001
2.9,38.578872966774256,-82.78998234271442,38.550769172819805,-82.77149061020708,9,31,1,1,9.21,8.801250000000008
7.47,39.64481627165562,-77.44983494838672,39.61313415121211,-77.41673371123889,22,29,1,6,22.86,16.023599999999995
3.97,40.71151104749384,-102.36248839576052,40.67306664961943,-102.40684002929846,11,15,1,6,8.98,9.910049999999993
5.93,40.3388794615306,-120.58571991558564,40.38164752679493,-120.57937564323548,0,5,1,3,11.3,15.251650000000007
6.84,37.04087911950798,-97.46080860812891,36.99832285521723,-97.48622869106369,23,4,1,2,13.17,14.976800000000004
9.63,37.32240840791025,-92.7295439802054,37.31625183788722,-92.70728631419904,0,31,1,1,22.49,20.11265000000001
2.62,39.478961978918896,-84.73890477621923,39.50436182060525,-84.77410191817289,22,11,1,2,7.57,7.819849999999994
1.8,38.546131226198,-89.36265425975455,38.5520148403002,-89.33877046871233,14,5,1,3,8.41,6.3317499999999995
6.45,37.022878854118986,-84.19793733412064,37.05635621806934,-84.21856404264055,15,31,1,1,20.11,15.00525
9.48,38.686627599400296,-79.14106914021765,38.73043987307435,-79.1459212769146,19,1,2,2,24.93,19.55355000000003
10.42,39.79235632517133,-79.82473386361036,39.76209508221997,-79.81991953635982,0,27,1,4,17.37,22.133900000000004
8.87,40.12215196800216,-117.50852478948045,40.1578953481984,-117.50420539216606,7,5,1,3,21.06,16.73314999999997
8.8,37.8876369941317,-85.21190309348589,37.90696096550252,-85.19579415659236,15,1,2,2,23.9,19.647800000000004
8.13,37.566662643334325,-110.80372168750884,37.59598317470853,-110.83915216180915,12,15,1,6,15.13,18.63974999999998
11.18,40.39318436700078,-95.29027774811328,40.3616597316524,-95.3169563298928,20,10,1,1,20.89,23.180750000000018
2.98,38.87476536027087,-117.52893686494204,38.89171451579183,-117.5609757499078,16,4,2,5,5.82,9.000600000000007
3.04,40.36800364068823,-77.27681984889074,40.40244906722644,-77.31727124941371,2,3,1,1,10.36,8.57324999999999
11.03,37.21758346774929,-85.66237436226393,37.20885859805417,-85.69469656185903,1,29,1,6,27.18,23.869300000000003
9.2,40.00804524395021,-99.60966399854745,40.05564806625319,-99.57875797259818,8,8,1,6,26.91,18.338250000000002
3.49,37.54599638290951,-91.1066189888239,37.51193958826679,-91.13523517575489,3,1,2,2,7.71,9.312750000000001
8.3,39.17766701771593,-119.52454263341488,39.15403579745833,-119.504765858451,5,2,1,0,15.8,18.295350000000006
9.69,38.84727322182476,-78.07889501326014,38.887694292862896,-78.09103917776511,6,7,1,5,24.99,21.530800000000017
7.22,40.85453115472779,-90.87238128192868,40.89511061974299,-90.89649540750462,11,18,1,2,19.46,15.90635
7.79,37.95095239166969,-102.25738739776251,37.96223868390791,-102.29974033927104,17,1,1,6,14.96,15.853900000000012
6.2,37.48502448124835,-93.94351646651592,37.458099968589046,-93.95032070105952,21,31,1,1,10.92,15.358800000000015
12.14,38.582899070516376,-79.73111296068674,38.614828774922245,-79.77599331758714,11,21,1,5,20.91,24.13430000000001
6.08,37.41383823807072,-83.26756793991042,37.39805165983736,-83.23586552034193,15,31,1,1,11.87,14.062900000000008
7.94,38.62750374851619,-75.1417075156142,38.60977782321519,-75.17917450848373,3,21,1,5,12.79,17.749649999999995
5.15,37.839626102212094,-78.58916257195767,37.859360431576114,-78.57136066514008,3,20,1,4,12.49,11.67505
1.57,40.9092477861711,-82.3729330727738,40.871360364475954,-82.3340827064213,10,13,1,4,3.65,6.2374
6.22,40.87490070225876,-97.0988445156506,40.84321089065622,-97.09462626017888,8,1,2,2,14.32,13.789049999999998
5.54,38.71562341596593,-73.00196097873916,38.671981533117375,-72.99278733227193,2,19,1,3,10.11,12.853500000000006
7.79,37.9528032417541,-119.83797637965192,37.99146562720212,-119.80351731368856,1,13,1,4,15.1,18.804499999999983
5.64,39.63845114755143,-93.87177086942646,39.62594398685607,-93.8365272103962,18,7,1,5,14.56,13.686000000000005
8.35,38.62976162664272,-110.9538228165912,38.60104503286689,-110.91365961598292,5,29,1,6,12.72,17.654300000000006
1.76,40.080148970676845,-106.07501175665573,40.10186179397944,-106.06555146807966,23,17,1,1,4.63,5.778649999999995
2.79,39.41661156932541,-104.48355843579502,39.401570510318905,-104.4884100481865,2,18,1,2,7.69,8.296400000000006
7.43,37.05555890999681,-105.01994672742016,37.08782853629836,-105.0672595288839,12,29,1,6,21.4,18.544000000000015
3.73,39.44098858274848,-117.15179315872524,39.44673419667554,-117.15323565732928,18,1,2,2,7.27,9.688899999999991
7.88,40.754882110905285,-114.53814700460272,40.77806919651206,-114.5664260223661,8,2,1,0,16.04,16.984449999999995
9.85,37.01449860172494,-109.16011983035447,36.96911095422834,-109.1363074866744,10,19,1,3,22.26,21.752950000000006
7.14,37.378832007096,-115.7298954734434,37.427185801716185,-115.68612869196696,11,24,1,1,19.77,16.849050000000013
4.72,40.52959762013719,-103.61464301396438,40.54331970833176,-103.6371402881984,17,9,1,0,8.95,12.137300000000025
6.22,40.12882095100064,-96.17840033797631,40.14066687010706,-96.17077919989414,10,10,1,1,13.95,14.172249999999996
5.37,39.19089434811776,-110.85762505195204,39.14291926602819,-110.85268836051183,20,8,1,6,15.45,13.411799999999989
11.27,40.79120662738004,-117.83895460291144,40.79980875157999,-117.8119263868822,9,27,1,4,29.94,25.87944999999999
2.18,39.15785741537691,-111.2276932763707,39.17111289547526,-111.27399159793904,7,3,2,4,6.72,7.766149999999997
5.78,40.69327844536473,-98.83336031112368,40.694690805746674,-98.8180287913202,12,5,1,3,10.69,13.670699999999993
11.94,38.01039276522154,-89.96543796157295,38.05305677312463,-89.93891867086028,16,22,1,6,17.32,26.073700000000013
8.3,39.79518512563489,-104.93373114625572,39.74602965296079,-104.95325030277168,4,14,1,5,23.3,19.544450000000012
9.94,38.7926288344695,-103.23541479326477,38.771626242242405,-103.25478894200292,1,20,1,4,17.58,22.541950000000007
10.85,40.83696128509671,-108.97607473096645,40.8118815496292,-108.99679286787568,14,5,1,3,22.9,20.9393
8.11,38.242036878174666,-87.07873074087036,38.26802797970693,-87.1155965954598,8,29,1,6,16.13,18.621249999999996
9.29,39.82920393327002,-84.28567558920903,39.80243194072116,-84.25246603834675,6,13,1,4,19.41,20.582450000000005
5.01,39.584660079492025,-112.24875560005958,39.58449794199895,-112.26232626067392,17,1,2,2,11.3,11.575650000000003
8.31,38.19206143799402,-93.31469301366964,38.167703349912536,-93.30926935375666,11,14,1,5,13.72,17.731399999999994
3.89,40.73967558654034,-112.90869447325876,40.76174567160695,-112.90683001474602,12,6,1,4,7.63,9.551400000000005
8.96,39.589323932821,-93.12281705618445,39.63165848744472,-93.15292754796268,5,3,2,4,17.93,20.501100000000005
6.66,40.33827115310511,-102.91907101879264,40.30484951955968,-102.95552634080832,11,20,1,4,19.37,14.634449999999998
4.93,38.15331272595521,-111.18671793667484,38.10967215038833,-111.17788578219616,17,11,1,2,13.09,11.52815
5.86,38.85599780091589,-84.11195868093662,38.82833049602621,-84.10337190842229,20,6,1,4,18.02,13.894599999999995
4.72,39.71525158676625,-107.328683523907,39.71032926142361,-107.33246276695446,10,1,2,2,10.53,11.960649999999998
6.61,38.7938215598094,-108.19915847635372,38.78230071152247,-108.22924350738931,20,2,2,3,14.55,16.170799999999996
4.25,40.553256995077135,-118.94189809594378,40.51447334705679,-118.92801718561324,1,23,1,0,14.27,10.108149999999993
10.59,40.073466462885975,-84.68043469228306,40.09656594398366,-84.69947037937193,23,2,2,3,19.49,23.91375
7.35,40.39724812813309,-101.62978387791586,40.38817909892272,-101.5815876229116,14,18,1,2,14.52,16.195299999999996
11.08,39.06114652381127,-85.55652946122245,39.09094088260536,-85.52204971706811,8,19,1,3,18.72,24.327249999999985
13.43,39.03521678757443,-100.46241116296414,39.058113756218894,-100.44234423554842,18,25,1,2,28.45,23.895349999999986
5.93,38.963313455380046,-90.73513035088826,38.96114627136078,-90.71516659615584,22,17,1,1,10.19,13.28035000000001
13.32,38.3760725555867,-81.53375040153995,38.39292530187687,-81.54495196614879,11,10,1,1,25.78,25.980550000000008
4.56,37.25588773382638,-110.51625643670026,37.26153264151131,-110.4989866071518,8,3,2,4,13.31,10.812249999999997
4.05,38.716738448777775,-113.43448970693235,38.747015048519565,-113.43686498419666,19,5,1,3,11.57,10.659500000000005
6.57,37.2021987864031,-101.70910768434776,37.24765404243259,-101.75067044308646,7,23,1,0,10.64,15.37135
9.36,39.674742052792325,-82.60204523552773,39.62669256476664,-82.62620359448105,5,5,1,3,25.27,19.662050000000008
4.12,37.33672650352678,-87.84639815726715,37.35820820053353,-87.84186352783595,6,1,1,6,7.04,11.130649999999997
9.31,38.68749366110937,-112.50558726797728,38.69203208223727,-112.53659036488295,11,26,1,3,25.42,20.410550000000004
4.21,37.71588570250458,-81.78753965624469,37.72636793663262,-81.82029524446922,10,28,1,5,14.34,10.58485000000001
5.76,38.97683323210942,-99.65531291029022,38.9904023461832,-99.6490050562095,13,31,1,1,12.13,13.069750000000008
0.92,40.822737524898095,-77.4713774914024,40.872328991786326,-77.47705536279784,23,25,1,2,2.42,4.831499999999998
0.94,38.00200241713276,-94.1804476603228,37.96413951377236,-94.15933339973252,16,7,1,5,6.84,4.8916999999999975
9.14,37.444874301689566,-112.93446147487576,37.42566781042584,-112.90868569707658,2,2,2,3,19.94,18.769100000000005
4.24,40.70390445404001,-115.89095697759782,40.70709553505856,-115.91058923186934,18,22,1,6,12.4,10.469999999999997
9.86,37.36852366243369,-113.32922189281317,37.33921054693084,-113.34278404232325,7,31,1,1,21.41,23.413400000000006
8.57,40.79339546546452,-92.73369296095512,40.82995465052932,-92.70329913036306,11,24,1,1,17.48,19.79375000000001
8.55,39.749488551684806,-105.68768328555356,39.790810296380016,-105.67319228920609,15,7,1,5,23.29,20.11815
8.05,38.80822956481691,-98.37824820119548,38.77016814887879,-98.3439264713602,18,7,1,5,21.54,18.037199999999988
4.94,39.96095193206848,-114.2977444507383,39.98380308677165,-114.34450613148856,3,9,1,0,13.29,12.235499999999995
12.58,38.78916745158138,-80.92220299528373,38.830250145743854,-80.87294211784719,2,1,2,2,31.12,24.945900000000034
8.28,37.66267328414828,-95.88975822269896,37.68036763190764,-95.90641635859907,12,13,1,4,22.83,18.161649999999987
5.71,39.454426232294566,-116.82220919602428,39.48951624220891,-116.81435048241131,14,10,1,1,16.81,12.339449999999992
15.65,39.92606676150069,-94.95210991991765,39.90377194017324,-94.99934560975775,9,21,1,5,26.77,33.73140000000003
8.37,39.86308435577352,-121.94618511530892,39.89873731830693,-121.9415228898318,9,21,1,5,17.51,18.31204999999999
7.42,40.49207150730658,-112.66176542354192,40.52520907402349,-112.6478576942795,5,29,1,6,20.05,16.764849999999996
3.74,38.24822465646241,-87.04876483108495,38.2652106289019,-87.02862996021366,12,24,1,1,9.47,10.321450000000004
9.29,37.535954264478775,-85.04783389380538,37.50334538378716,-85.09457883065866,19,15,1,6,25.85,19.18850000000002
10.71,37.37115310782739,-113.76510219289128,37.35854398017814,-113.74209846798962,9,5,1,3,16.47,21.75855
4.3,38.39768566894642,-99.1018199956499,38.40431154078403,-99.08611688329714,18,28,1,5,11.64,10.507649999999998
6.13,39.65165525519846,-108.6765289626958,39.687626839117165,-108.66309926655477,12,31,1,1,13.46,13.886600000000005
8.68,38.97362068742714,-100.11381168140484,38.96178821705281,-100.10819618931473,11,16,1,0,22.5,18.815100000000015
6.53,38.54605715907632,-74.32934909119119,38.56927606005007,-74.28526438829708,17,3,2,4,13.54,14.849150000000018
4.79,37.22135096911554,-95.56010353486856,37.216454363510536,-95.561468980553,17,26,1,3,12.68,12.350649999999991
7.37,39.234617821529646,-105.24449576699152,39.21092399304928,-105.2495687507024,17,1,2,2,18.74,17.29835
8.42,37.20631987923284,-93.06521019759312,37.22094609389187,-93.02603106148734,23,31,1,1,15.7,17.594050000000006
9.32,40.60079373725892,-111.12385543634927,40.64904335969592,-111.0779586672798,9,31,1,1,21.04,19.987099999999998
5.85,40.88510504936753,-113.67317383148088,40.88541042770916,-113.68161228315331,2,12,1,3,9.74,14.03325
6.89,40.45832014788947,-75.76013222830865,40.45226517141791,-75.79517451439376,1,19,1,3,16.98,15.319299999999997
5.46,40.946658477659085,-74.67546557095065,40.99233363092135,-74.66724722810734,0,4,2,5,10.27,13.196649999999993
3.91,39.65980447583521,-120.48207210432996,39.679334164539846,-120.4405871586112,9,9,1,0,13.43,10.203349999999993
5.98,38.12365207052522,-77.17262811766412,38.14142609861887,-77.15129799612937,4,9,1,0,13.6,13.845899999999997
6.42,37.56940933215532,-77.5926966601711,37.614284207247024,-77.63889003561395,18,26,1,3,10.68,15.092599999999996
6.27,39.18156018990545,-108.56260799120793,39.161468248854405,-108.5346640935834,6,5,1,3,13.42,14.144300000000008
7.0,38.29714531031762,-117.96179244472226,38.29864723771471,-117.95290225673484,3,27,1,4,15.69,16.413349999999998
11.04,37.85469656897384,-88.76933575874986,37.87636077336635,-88.78117222574757,19,24,1,1,16.88,25.083650000000013
13.87,38.73937677575454,-95.879973970589,38.69058430755052,-95.91413674011534,19,9,1,0,19.5,29.32770000000003
9.92,39.07988039639533,-74.02813747130463,39.05990229520336,-74.03809743757263,12,1,2,2,24.61,21.92690000000001
8.11,40.73603484433138,-74.01335906082909,40.70048769080661,-74.02359063402469,16,30,1,0,21.69,17.165599999999998
4.76,38.86117935815131,-101.95758349827004,38.820697325481085,-101.93280961724206,9,12,1,3,11.71,11.786900000000003
9.76,38.66015392461593,-115.73819241497462,38.66446680912946,-115.76932232802586,20,27,1,4,27.81,21.546249999999986
5.43,37.69810125659552,-103.126670085837,37.704376150688304,-103.1690799238292,12,2,2,3,12.01,12.436099999999996
6.13,39.486078898083086,-103.8787930942992,39.44853221943918,-103.9256276605542,15,14,1,5,18.02,13.986549999999996
7.71,40.47860850355788,-103.78177211803836,40.512264002539055,-103.79805973609196,3,3,1,1,20.16,16.8501
11.41,38.86367917290825,-92.52125483850114,38.8991553155299,-92.5213825637478,7,11,1,2,23.42,23.214350000000014
6.29,37.84478450004771,-77.40213078545722,37.85610467323436,-77.41292233907137,18,1,1,6,17.61,13.128250000000005
6.63,37.94695423402679,-120.51702618002486,37.97226013450128,-120.52715389256836,19,26,1,3,12.7,14.282649999999999
5.91,39.48940910493732,-116.12250138770628,39.45188092040404,-116.12185989430785,7,12,1,3,12.99,12.924500000000007
16.28,40.823098823283466,-116.28186567583003,40.83795180851057,-116.30464178768682,7,16,1,0,31.38,31.928500000000003
8.43,39.037611378427535,-95.55971086627324,39.02309953525566,-95.5725596585097,2,26,1,3,21.82,19.60120000000001
6.06,38.47516435022979,-85.08935396077437,38.44876877503725,-85.13405208922961,4,16,1,0,8.34,14.571349999999995
4.56,38.7824207556534,-81.21422207811759,38.75378126192697,-81.23547216841645,23,22,1,6,14.1,11.392100000000003
5.15,39.15347730904227,-83.06562601924793,39.1309599285332,-83.06398314421853,19,28,1,5,9.95,12.464900000000005
3.52,40.16388919316371,-80.82745943883913,40.17114773680664,-80.82547284081237,16,15,1,6,8.2,8.748300000000002
4.57,40.492206142731646,-94.0764555901316,40.46936015425219,-94.11865323052068,21,29,1,6,11.7,11.836149999999991
10.35,39.29724420069635,-106.55174465872278,39.3144610684944,-106.5410575524849,11,1,1,6,16.29,23.0218
4.51,40.44925597970087,-104.790046243992,40.45736678955134,-104.76500223718644,12,4,1,2,12.3,11.824950000000008
7.31,38.77863480216428,-121.80261276086372,38.79820223769104,-121.81964878634288,22,21,1,5,14.19,18.07880000000001
6.72,39.26087943184786,-78.43725576373498,39.21972104348031,-78.46295797357661,11,28,1,5,17.62,15.67589999999999
7.69,40.37644250534366,-105.26347311210549,40.333020886109765,-105.28851994174995,0,19,1,3,16.02,17.206599999999995
7.05,37.1418023629579,-103.1013396292521,37.09542583432059,-103.15116989723528,3,4,1,2,13.33,15.445899999999996
7.48,37.19364090585654,-85.60517724056285,37.15608878530691,-85.65316319455546,10,4,2,5,15.25,17.841250000000006
12.47,38.5544324797901,-81.69563989153292,38.513296281765726,-81.68390966498218,17,1,2,2,35.5,26.1963
5.5,40.516352023123325,-94.85278919649156,40.48386077088081,-94.85327012833687,6,8,1,6,11.84,13.294300000000003
6.6,38.66638305784138,-115.52656644460764,38.69866352277887,-115.5077273961391,21,1,1,6,13.57,14.989800000000004
4.79,37.866704145336456,-114.79213567136426,37.91512370838331,-114.76385122794257,23,7,1,5,8.18,11.622850000000001
12.15,40.01359716572296,-116.9917419727582,40.044975745343535,-117.03819657282484,2,4,1,2,29.62,26.424849999999957
10.22,38.461605702945775,-83.59102919779355,38.48017387459233,-83.56363916788926,19,14,1,5,21.76,20.058249999999997
9.66,38.23506971290772,-107.02457618765628,38.26480544539812,-107.01648916566958,16,2,2,3,16.19,19.778000000000016
7.12,39.492189465713146,-83.72972283676079,39.45496085766134,-83.75530505739829,18,28,1,5,18.1,16.192449999999997
8.23,39.68065539156327,-78.76409094898949,39.6577939243826,-78.73444176723486,14,5,1,3,19.72,18.18524999999999
7.07,39.363973971955424,-87.53119368023633,39.32866644679893,-87.55923997511381,3,5,1,3,16.07,16.32354999999999
8.54,38.787131615885606,-88.95772320026992,38.78779135288901,-88.9354240019674,10,26,1,3,16.45,18.701749999999993
5.46,39.04857371581851,-82.04879568803581,39.07517049286279,-82.02563303975754,14,1,1,6,12.98,13.363150000000005
6.2,37.56366409562614,-82.01963977462174,37.60998501537684,-82.02617154663753,18,19,1,3,18.2,13.823050000000014
10.31,39.084189040826246,-110.1049043545778,39.07813206096254,-110.07948010610312,2,21,1,5,25.55,22.33194999999999
6.15,37.19343286381532,-93.7227588125064,37.2318051530084,-93.75235071952534,18,30,1,0,17.51,14.930700000000009
4.87,38.14915474600698,-84.12320541177883,38.10602949334884,-84.0775657137669,10,2,1,0,16.12,12.230250000000002
8.8,38.80363076679888,-97.63100953441328,38.8172298334223,-97.60083371806591,3,18,1,2,16.49,19.4268
7.27,40.896835819332665,-93.92828638552288,40.85010007947061,-93.97814851456798,12,17,1,1,15.52,14.982099999999997
5.0,39.15349262493184,-116.72190943521014,39.195751012260594,-116.7327419722741,6,3,1,1,12.02,13.816900000000006
10.49,39.6640614046035,-109.45592377896855,39.66685048045828,-109.44770518193783,12,3,2,4,29.1,22.76634999999999
6.51,37.44710376822482,-105.1557390615876,37.48633500027055,-105.15847059753224,2,4,1,2,16.7,16.152600000000003
10.75,37.15230766037825,-110.45812816916504,37.106752794444944,-110.48925939268604,16,11,1,2,17.94,22.60014999999999
4.7,40.02037737306512,-108.94103463737054,39.993877876665294,-108.89226460257076,8,5,1,3,12.14,11.401699999999998
6.7,38.3589774847846,-107.55707249631392,38.37805191395695,-107.57184407044556,15,15,1,6,15.87,16.08169999999999
3.51,40.70366473948975,-90.52865021696805,40.67514264297893,-90.56772831849707,9,15,1,6,10.5,8.856100000000009
14.3,37.22661053992623,-114.05268254091813,37.19334080977964,-114.06758120141372,3,2,2,3,28.33,29.529500000000013
1.01,38.43227551099992,-113.81178934269369,38.44527394043936,-113.77652426707576,7,8,1,6,6.67,5.078450000000004
5.74,39.36216190428748,-101.03005032415862,39.32966746147183,-101.06806454847788,5,8,1,6,12.91,14.019900000000018
8.69,38.84821615050915,-102.87748460379248,38.87809374009228,-102.8720510477149,6,22,1,6,14.14,19.802000000000017
6.18,39.00496720832913,-109.50532923096353,38.98061360821233,-109.4849082992431,23,19,1,3,10.64,14.52225
6.39,40.77671221760437,-109.1012849260647,40.761249497668736,-109.10100316931349,6,12,1,3,16.58,13.782949999999992
6.86,38.07448210563835,-85.94530122079533,38.04227139725598,-85.99459785172569,12,3,2,4,20.16,15.32695
3.96,37.7696563837828,-82.9382170320297,37.78445088123968,-82.98179622974625,7,15,1,6,11.53,10.507999999999997
2.49,40.1654177670032,-99.87547593489248,40.177648999602745,-99.84731460190449,22,23,1,0,6.99,7.046999999999997
2.79,38.37283880359558,-91.60014998794252,38.400273543018194,-91.58970739042552,10,10,1,1,8.07,8.246800000000006
9.15,37.668791399305576,-113.83848730123522,37.67200833205334,-113.8236557504228,23,15,1,6,23.24,18.82455000000002
8.23,38.74185906280742,-120.2268265114719,38.77132806712027,-120.20907268331965,11,4,1,2,13.44,18.304899999999982
7.63,39.26988476925027,-92.33457687756406,39.24362053230242,-92.38395978602442,11,8,1,6,13.86,18.121300000000005
8.24,40.717436938418,-83.15476230360471,40.72086906073516,-83.2045141317603,1,24,1,1,24.08,17.471
2.97,37.17093115042939,-77.58647936979322,37.1736523397383,-77.61993433646886,0,1,1,6,10.71,8.666400000000005
9.44,38.80706986338109,-109.18158321384558,38.78987491983138,-109.18803439465556,10,6,1,4,25.06,20.725450000000002
8.89,39.95827418999826,-100.8474614727187,39.9326527990728,-100.83664795543793,8,25,1,2,21.47,20.234450000000002
7.62,38.4245970418546,-93.15293476473128,38.44629055543955,-93.13913428506072,4,23,1,0,13.41,16.799849999999996
9.52,38.21399203255691,-81.71244450923307,38.16708093257025,-81.71591137146429,18,29,1,6,21.15,20.621650000000024
7.5,37.02551683617262,-94.93920085645324,37.0596768320015,-94.9799031627632,20,23,1,0,17.42,17.461600000000015
10.71,39.17730401613316,-81.59167981549749,39.207643376375565,-81.6395523949009,23,18,1,2,15.84,24.26840000000001
6.3,37.7811970182269,-96.8778370686546,37.79229239980795,-96.84559076258242,12,29,1,6,17.13,14.886599999999994
9.01,40.38389699357145,-80.2006611820347,40.35203414025229,-80.19711789316509,6,5,1,3,17.98,19.014300000000006
10.13,38.59709598535491,-100.32761855112246,38.57159631482995,-100.31454003262492,14,4,2,5,22.46,21.478950000000005
5.52,37.39474648307151,-109.42279820946986,37.4383040444626,-109.42723048607397,7,2,1,0,15.25,12.981500000000006
4.69,37.74309203497438,-79.38939572145586,37.73343613293272,-79.41613336263134,15,19,1,3,11.24,11.46115
8.56,39.376994140371465,-103.32061406982476,39.34197840343206,-103.34839965560428,21,20,1,4,19.12,19.784750000000003
7.74,40.485683669714746,-118.8082027506238,40.53558753609622,-118.78813619373676,4,15,1,6,19.38,16.80075000000001
10.38,39.45343421403564,-101.52609773505824,39.453638350771946,-101.47953655371845,15,11,1,2,27.49,23.304799999999986
8.46,39.7202609498911,-73.24946316503392,39.761095982368886,-73.24811796343437,8,20,1,4,16.03,19.0503
2.26,38.69893716013584,-90.64932428911736,38.69330866257064,-90.64166717548596,18,21,1,5,8.48,8.048350000000005
3.79,39.05709569810972,-94.50268760939356,39.01888805850871,-94.52995967123726,14,4,1,2,11.28,10.323799999999997
11.24,38.56078709450748,-82.84147819295207,38.52741560816652,-82.87333098373887,3,21,1,5,27.81,25.574
6.24,39.679583742157085,-85.08989074532579,39.70570964239237,-85.10436811166831,7,8,1,6,14.29,14.334100000000005
4.83,39.712866956402415,-115.97036612462988,39.678234782067605,-115.9811893555476,13,29,1,6,14.25,12.591049999999996
10.52,39.32264991600949,-85.40659959816627,39.27469460088485,-85.42499686767391,13,17,1,1,27.07,22.86074999999999
10.74,39.12098427165876,-110.44897282852632,39.14551306099725,-110.47881207414645,12,10,1,1,24.26,23.029
12.01,39.25832677129394,-79.20302522697655,39.21361797455963,-79.19550949760358,12,2,1,0,30.22,25.196849999999998
8.88,37.72545223965646,-108.02962402051722,37.70568732495479,-108.03305055991456,21,16,1,0,19.46,19.640350000000023
9.66,40.78806931784787,-87.33420940506622,40.7686817988662,-87.29559563750541,13,7,1,5,14.9,20.858700000000002
3.65,38.398188835214135,-73.83971452849084,38.440709194324256,-73.87630205553853,20,25,1,2,12.07,9.739399999999995
0.2,39.22742045753207,-94.01042492864744,39.20414065910644,-94.00356549577708,21,3,1,1,4.19,2.875899999999999
3.34,37.75001076108721,-92.69621979972,37.71196611512942,-92.7244223649972,17,31,1,1,7.17,10.35264999999999
8.47,40.9525393947294,-111.49907005344332,41.00221680653031,-111.52675600417304,19,21,1,5,16.61,18.717999999999982
6.69,39.35509097843119,-78.65809582155089,39.36385233278608,-78.65890638043918,16,31,1,1,12.22,15.481500000000004
8.97,39.21612492685988,-94.37607906220794,39.25625610461498,-94.363489147655,23,30,1,0,16.64,20.079849999999993
6.55,40.50483676763409,-80.8514983748896,40.54403628577758,-80.89144766400752,20,19,1,3,16.05,14.949950000000001
0.92,39.95872943672077,-73.20455377392582,39.91049104087094,-73.17104010728706,9,29,1,6,5.62,4.061649999999991
7.72,39.12552188387009,-90.42322977337432,39.14930563496856,-90.44915751287655,12,12,1,3,14.75,17.512249999999995
8.18,40.606541022917554,-87.98482918000309,40.603613398413984,-87.95495661330129,1,17,1,1,18.63,17.537050000000008
7.78,40.06154283290282,-112.2931440783279,40.08768552779913,-112.31741632760765,23,2,1,0,15.32,17.418099999999992
6.12,37.68033377364423,-91.18448213635418,37.68011848744875,-91.21273150016248,22,2,2,3,14.92,13.958600000000004
11.8,40.67888038036767,-105.89513077875483,40.69704206956629,-105.91482013263597,19,17,1,1,22.51,24.586000000000002
7.42,38.39438841071447,-85.37125412217603,38.39948130804947,-85.36460846209972,7,26,1,3,18.59,16.830800000000007
12.9,39.10132653152992,-82.73669235671883,39.12463248958129,-82.70604911111899,9,27,1,4,31.15,29.210400000000003
4.9,40.48550158132574,-102.62647633216544,40.45964185894834,-102.59489451718092,23,16,1,0,10.9,11.929400000000001
10.06,37.63462904698154,-87.82402490929756,37.64881057142156,-87.85414123894309,9,4,1,2,17.47,21.67994999999999
1.5,40.386312944300194,-93.76577341940458,40.398847340500815,-93.74576544575687,0,16,1,0,5.84,5.217650000000001
5.47,40.73144123538822,-121.30417085802696,40.7037557246827,-121.300266657538,12,31,1,1,8.76,12.910249999999992
5.98,38.21571023083808,-86.83102423534967,38.22746327610677,-86.81861863691705,13,3,2,4,14.56,14.855600000000003
9.25,37.386837915642815,-113.23102763818606,37.34648788705694,-113.25584576352284,3,31,1,1,18.35,18.996350000000017
9.52,39.88792183920393,-118.37610099533676,39.841828550813126,-118.34287040474234,7,21,1,5,13.64,19.86259999999999
5.32,40.5504817858386,-97.22682265033228,40.53125755276698,-97.25636314639854,4,2,1,0,13.51,12.725300000000026
4.26,39.55133191840662,-95.49002310272724,39.55658197589005,-95.48031603246706,20,25,1,2,12.53,10.685449999999989
10.96,40.02366775069313,-99.5712933731428,40.058320988811325,-99.5225990800074,8,28,1,5,25.72,23.22029999999998
5.96,37.5965365278926,-73.08570670463473,37.574763833776615,-73.09075363424598,14,4,1,2,11.62,14.443650000000007
3.45,40.13172611617886,-83.95566708073015,40.0840237789024,-83.95723973465896,6,4,2,5,10.49,9.307499999999997
7.59,38.52256376923815,-119.37897310997964,38.55672973420642,-119.3393912989536,19,23,1,0,13.73,16.088350000000005
8.85,39.33889099608388,-104.19588310297198,39.36341559640611,-104.23508554334472,2,8,1,6,19.18,17.685049999999997
9.23,40.6300093886321,-111.79615058400772,40.58337606295794,-111.79612023641926,3,11,1,2,24.11,17.79234999999999
8.27,38.76935050581719,-92.78591226968337,38.79638701951929,-92.7745046592236,4,20,1,4,16.19,18.41380000000001
7.66,40.5121550852206,-75.42696740806682,40.55214503536917,-75.41025153604626,17,16,1,0,14.55,16.869749999999996
2.21,37.71692138502521,-96.45942723699518,37.71342747686265,-96.50939333685444,21,19,1,3,6.52,7.033049999999995
9.56,39.37047227584475,-101.01535040803536,39.41315096656382,-100.97122378517068,4,18,1,2,18.98,19.648400000000013
8.67,37.13737427312436,-95.706070125389,37.09272766959797,-95.71606483817104,20,3,1,1,20.34,20.572099999999992
3.59,39.17362083794337,-77.10787694841406,39.176140008558,-77.12640464195862,13,1,2,2,8.27,9.622199999999998
4.66,38.24483321637691,-92.60909731790916,38.20186141485728,-92.57201203557707,21,25,1,2,15.26,11.0857
5.53,37.17481075955053,-86.91788771807742,37.14942086963181,-86.88994371837897,19,21,1,5,10.33,12.975549999999993
12.91,38.71549305003909,-117.58584367608997,38.72920579101759,-117.5956856652743,13,8,1,6,28.13,28.360300000000002
8.76,38.788235420102986,-108.38535584397518,38.7785709618008,-108.34415710822384,21,19,1,3,23.95,19.18315000000001
6.16,39.069671971815936,-76.11329204797345,39.03564646455819,-76.11268904873626,10,18,1,2,13.21,14.880600000000001
2.93,38.70111278214669,-86.24732764030819,38.74897697740123,-86.21432428175916,1,22,1,6,7.15,9.365149999999998
7.53,39.88180519317518,-109.5912865545976,39.85482800583445,-109.58751413402386,11,4,1,2,20.7,16.175900000000002
3.96,38.6415609892711,-116.44613946265557,38.66402732469959,-116.49373153657388,7,5,1,3,7.25,10.168300000000002
9.83,37.24953893116319,-82.23729671283542,37.23330120998692,-82.27685403170602,3,3,2,4,17.4,21.72639999999999
5.99,38.81672034989475,-112.499523314031,38.77429102649643,-112.47814428043604,14,25,1,2,12.71,13.52015
7.65,38.12771242600772,-84.41618390783677,38.08224044279622,-84.40033412006302,21,13,1,4,14.87,17.3522
9.22,37.40366321655893,-105.59615359903998,37.43798850283384,-105.5964894452482,13,25,1,2,21.7,20.058699999999998
9.22,37.037673065999535,-79.01947090329139,37.02213126771948,-78.9723394429425,7,24,1,1,19.61,20.153050000000004
6.39,39.86187174847178,-90.82843713109746,39.84268652337868,-90.87558215867628,10,10,1,1,11.88,13.916200000000009
6.97,40.91194189075236,-121.83248217535788,40.873301851808286,-121.86153749333644,13,20,1,4,15.93,16.94345
2.38,39.36034079980541,-74.0510466831125,39.337781101621744,-74.00501207244236,23,2,2,3,5.9,7.8914500000000025
8.48,39.04073439882227,-81.87220948695288,39.00373618433365,-81.89529566870607,2,18,1,2,14.69,17.43110000000002
5.33,37.81192630708259,-102.15119838861568,37.84383338612128,-102.19952786577498,7,28,1,5,12.5,13.301299999999996
2.83,38.89091072974458,-119.39710644258084,38.84383204176663,-119.36361488418228,6,28,1,5,8.83,9.042100000000003
4.69,38.20706373874742,-103.84651021803286,38.18244313088101,-103.80673611062312,22,20,1,4,14.44,11.490399999999996
3.91,40.26416507160395,-84.02299394867721,40.23580856969312,-83.97985292442708,11,21,1,5,9.89,10.312950000000006
5.37,40.78130790787895,-86.67284932331602,40.82882796994005,-86.63831099585258,1,7,1,5,12.71,13.136549999999998
5.98,39.95234270161594,-112.02998648525002,39.921635988193344,-112.07106574542642,5,10,1,1,16.24,14.30535
8.1,38.62243630553646,-89.39918143738956,38.64627111750352,-89.42756148842835,6,11,1,2,18.32,17.74119999999999
10.37,39.37018046882374,-119.57631178627162,39.34008202696996,-119.53098562366011,5,22,1,6,20.46,22.181999999999995
9.31,38.46921365066867,-113.11636046343818,38.47768906113052,-113.1481999835722,2,17,1,1,16.27,21.12235000000001
5.17,38.917740927920185,-102.60677412035945,38.95340590354102,-102.61304299505366,15,21,1,5,14.47,12.655549999999991
4.88,39.22176124094168,-73.11575791962825,39.18400009088997,-73.14056210812679,15,21,1,5,11.7,12.617399999999996
12.34,37.17228486340358,-85.32195209613101,37.129191979132166,-85.35430688632445,9,31,1,1,28.55,27.948950000000004
8.66,38.586953219680105,-108.32638695113934,38.57736304415274,-108.33825479860803,14,18,1,2,21.61,18.675400000000007
8.83,38.34456561813053,-114.2504522268156,38.31193417006725,-114.257649522606,13,19,1,3,18.92,19.596700000000013
9.14,38.31319223763472,-80.0790683839671,38.26633900171035,-80.03479044690017,2,9,1,0,19.63,22.221450000000008
7.31,40.6863284303979,-84.51758805943541,40.64841899998852,-84.47435372630143,14,8,1,6,14.51,15.641749999999988
8.83,38.746636136899326,-85.82376021762421,38.76333279489361,-85.80029721541455,0,1,2,2,20.19,20.225700000000007
4.6,40.36945650872029,-74.4183714387679,40.322966829381016,-74.38695873674155,13,15,1,6,10.47,11.66279999999999
11.06,40.36360992012036,-120.82293846033342,40.325210347829135,-120.8605838366864,6,16,1,0,19.56,24.947349999999993
9.22,37.14005989551256,-95.35253485271691,37.11135993981369,-95.31191904520531,7,4,2,5,20.29,21.6453
4.09,39.62124212733895,-113.029245778542,39.64286457711157,-112.99282492729267,2,31,1,1,10.98,10.604799999999997
9.07,37.44559109382824,-107.30307300637904,37.41681451165628,-107.2569800556304,20,16,1,0,25.82,19.949050000000014
5.61,37.57835326391195,-102.6915305943882,37.61577320182467,-102.6494811067996,6,21,1,5,16.91,13.649700000000001
9.69,39.1380664421184,-83.29945011746811,39.10275971192798,-83.29499939515132,2,20,1,4,26.28,20.20445
10.8,39.48495279282462,-117.45542219993668,39.4479844185606,-117.49278496694173,2,18,1,2,20.2,23.219099999999983
7.45,38.29892626100541,-114.7660205185078,38.279917306228754,-114.80605332077845,7,18,1,2,17.31,17.093800000000027
1.63,38.95882878129345,-77.19635373893432,38.97318428418611,-77.21191109650863,2,11,1,2,3.04,6.040849999999999
3.21,39.330415493538034,-121.5572936137328,39.35614949922786,-121.56236768993458,9,29,1,6,10.79,7.796649999999997
3.26,40.47198340847667,-95.22304079232728,40.501505816790655,-95.26066213024995,20,18,1,2,5.17,9.227049999999998
1.76,38.89286271600251,-121.58539561408634,38.92919409811877,-121.60046197174702,19,10,1,1,8.79,5.841650000000004
2.07,40.79526287640015,-114.53652944523756,40.82729133987538,-114.5058896231209,7,11,1,2,4.78,6.625299999999998
5.01,38.89671329011608,-97.09422040720382,38.87600683165787,-97.04587151520852,1,21,1,5,11.91,12.202299999999997
8.09,39.91956339291642,-80.41000532382591,39.96549083825781,-80.37580326391306,15,3,1,1,15.19,17.03419999999998
9.34,39.95349580587118,-105.66759735291,39.91742127352805,-105.63377953377744,1,18,1,2,17.13,20.30155
9.05,38.02174281689028,-92.28511664685236,37.98127627689567,-92.31916464324,12,3,1,1,18.87,19.095149999999986
5.69,38.70855477082022,-75.14121706157496,38.71254682572589,-75.1687263629453,0,9,1,0,13.65,13.042949999999998
4.84,39.75625746244353,-119.22619960229358,39.75457846540431,-119.23996525622226,11,5,1,3,9.42,12.238199999999999
3.93,40.30816604285,-107.00965428178966,40.310999559518045,-107.04613454899166,13,12,1,3,9.9,9.825699999999998
3.05,39.57137535357989,-84.68026709973054,39.53459750894051,-84.68275335180898,9,9,1,0,10.15,8.296999999999992
8.89,39.51284619662943,-111.56269788987518,39.48005924281314,-111.58188787286726,0,25,1,2,26.16,19.478849999999994
10.05,40.36439622192806,-85.23927957007412,40.3604943589153,-85.20599076773723,4,29,1,6,23.94,22.43125000000001
10.83,40.68776615704349,-75.83505514301399,40.716482039503305,-75.85057984672837,12,11,1,2,24.89,23.11825000000003
9.26,39.95403051665178,-93.94549820388865,39.9079536708818,-93.92606636925392,14,4,2,5,21.8,19.717449999999992
7.32,40.22527631422424,-80.80914310887582,40.21800364648371,-80.85062288054131,17,28,1,5,15.32,16.779899999999987
8.23,40.02589241485129,-106.98075681844936,40.03081147005162,-107.02730555948284,2,1,1,6,22.23,19.06085000000002
15.04,39.28266565022516,-80.79265285722082,39.24020735031182,-80.81794284056285,18,28,1,5,32.25,32.01745000000003
9.31,40.64668307445977,-74.60859747615731,40.62630352104014,-74.58473967540515,19,30,1,0,20.95,19.93324999999998
9.79,40.44677786935975,-87.66533629990312,40.48542050355158,-87.7007106384707,6,21,1,5,26.18,21.217149999999997
2.33,37.12561643727585,-116.70665665518494,37.07641671734243,-116.7106739258217,1,14,1,5,6.05,6.659500000000004
5.34,39.1054563758527,-96.80518475186066,39.08353199737831,-96.84947156366836,1,1,2,2,12.53,12.934250000000004
13.24,39.08992528219508,-88.30236101898709,39.12304965865936,-88.32615222289135,16,24,1,1,21.71,25.385350000000006
10.68,37.18705347911535,-121.12458618485708,37.194287920668586,-121.0924532881512,0,8,1,6,16.52,24.2335
6.51,37.99273164993708,-97.70475753445348,37.97784686489863,-97.74989658171792,5,4,2,5,13.59,14.964550000000008
6.61,37.9798738392456,-81.26867506578725,37.95209821214294,-81.26982489257101,23,6,1,4,11.82,16.912849999999988
7.88,39.05711327732708,-110.2672158446053,39.04555532231014,-110.2654787598139,10,24,1,1,21.48,17.699449999999988
12.93,37.574026460243104,-91.88502948673722,37.57600622908675,-91.93462819439767,16,3,2,4,28.93,26.331449999999972
8.39,39.93920783567331,-107.20519552083502,39.95784421994392,-107.158354975482,19,1,1,6,21.18,19.919949999999993
8.46,39.34941795268491,-110.79952006143787,39.30565291824539,-110.82084583972647,19,1,2,2,15.63,17.27400000000001
8.81,38.94306236470759,-119.44801906375804,38.9062276664728,-119.43215517102377,6,1,1,6,20.64,20.28019999999999
0.74,38.23557214912721,-81.81739347088737,38.19466836370589,-81.83262226929301,7,28,1,5,5.5,4.080200000000001
10.51,39.54164222313295,-89.00828413046128,39.56137922104533,-88.99263162731351,7,11,1,2,21.61,22.215799999999998
9.11,39.18195801135555,-105.91790747135892,39.17487260854359,-105.88668151627554,0,5,1,3,12.74,19.17915000000001
0.99,38.7201286401366,-75.6307190169704,38.74798076732102,-75.6658110187428,5,27,1,4,3.22,4.216299999999999
6.26,39.405653251922764,-102.99018366843646,39.37239757680531,-102.95472451467752,23,12,1,3,12.34,14.233799999999983
5.87,37.482891669468586,-93.79174008487948,37.50877362205989,-93.79069508296246,20,10,1,1,15.65,13.557199999999996
7.22,38.01090037077427,-115.96820354579206,37.98963103654795,-115.92922319278684,1,15,1,6,14.77,17.16380000000001
2.22,38.825077318147656,-97.35392686458032,38.80677905555349,-97.3677417429079,1,10,1,1,7.45,7.796999999999998
6.41,39.81593705773273,-117.65812339829009,39.781731439600776,-117.68161097203988,14,27,1,4,14.6,14.645399999999986
4.21,40.03989427726855,-105.77346892129,40.0383851204891,-105.79370447263076,8,4,2,5,12.36,10.767649999999996
6.9,39.2901770603381,-73.94370260199504,39.29116938228076,-73.96397159372071,17,17,1,1,19.74,16.018649999999994
6.64,39.8381621354699,-83.72277375767963,39.83839500826587,-83.7277429542084,14,2,2,3,19.27,14.117200000000011
6.64,38.09445433085484,-101.81425002994868,38.11850655068167,-101.8223553836158,23,3,2,4,11.75,15.999299999999996
6.36,37.89148154037304,-116.99083144678376,37.937663076319744,-116.97438562312912,20,22,1,6,12.22,14.194100000000006
6.82,37.87137911511101,-120.08264327612092,37.84757831188118,-120.06493489853156,13,19,1,3,17.74,13.986000000000006
2.65,40.75331649137166,-94.01715807134556,40.74127298055748,-94.02124272579104,3,8,1,6,8.05,8.615099999999993
8.6,37.280892909497,-105.71307455815426,37.24373639046833,-105.756839121889,18,2,2,3,14.84,20.4456
10.18,39.59317081920995,-101.17136044294624,39.55416232187976,-101.21552524170676,12,8,1,6,18.55,23.1556
6.86,39.37639299953688,-85.67286555926108,39.35021163300621,-85.63293773967146,22,8,1,6,14.3,16.205699999999993
10.45,38.60422828952164,-103.80749228596052,38.56878567196294,-103.76743621708582,3,20,1,4,20.6,24.04289999999997
0.91,39.654088488485904,-75.3764069767605,39.67208440643674,-75.33247685711065,0,26,1,3,4.15,4.735999999999995
9.92,38.358187785918375,-103.2669204315076,38.402274318746485,-103.24345381746748,18,1,2,2,20.63,21.22994999999998
4.86,38.53575944667614,-110.45142036900468,38.566842171213295,-110.4626301571354,11,19,1,3,7.52,12.557849999999995
7.13,39.348697791821806,-103.1593584535834,39.355505296316096,-103.16554075913288,3,2,1,0,13.97,17.3024
10.71,37.37254121681337,-89.37558506365659,37.41699088941658,-89.33245233721824,21,16,1,0,23.03,24.696099999999973
1.86,38.47855908918936,-94.99289334705556,38.49431582691086,-95.0339130663736,14,30,1,0,4.83,6.041599999999997
10.26,38.576025206997,-80.23596101933688,38.60601086787997,-80.25908987178849,13,11,1,2,21.16,21.287099999999988
8.86,40.030075415521736,-115.50807595286297,39.98100298585187,-115.48177116950215,20,3,2,4,19.49,18.75069999999999
9.26,37.42115669219295,-108.38092389448548,37.40725054691306,-108.36009781417748,9,2,2,3,17.77,18.314699999999995
10.77,39.051031084984096,-89.23469442574371,39.074388058488736,-89.25425273354158,22,3,2,4,25.91,24.777600000000007
5.03,39.0372149029438,-80.03223048992223,39.000778626265,-80.0078770433884,14,3,1,1,8.46,12.819500000000005
7.06,39.3142370203454,-109.1262994331492,39.31430704894882,-109.07637152700832,18,1,1,6,15.67,16.780150000000003
12.32,37.35808880360396,-91.83299232782603,37.36609132492189,-91.80605126760628,15,29,1,6,21.89,25.807800000000015
9.28,39.68041272277482,-96.02827604809164,39.723024911318994,-96.04451997243848,17,2,2,3,23.26,20.159899999999997
4.51,38.09184348548212,-87.95792833294594,38.11927656846146,-87.96336074357174,18,3,1,1,10.67,11.64705000000001
12.44,37.971794514117576,-87.99516109222975,37.9822369772579,-87.99599240695177,8,28,1,5,27.06,25.97930000000001
12.34,39.71675039745923,-86.03517143617617,39.7153979125519,-86.03192826248907,17,21,1,5,23.06,26.41575
0.49,37.88775191749072,-93.09075427447142,37.90570540151569,-93.0608000077774,17,9,1,0,2.18,3.8907999999999987
1.65,39.23422607301454,-80.78139530491893,39.265272362733455,-80.77553823329178,21,1,1,6,3.81,5.580149999999999
10.84,40.38882285387413,-76.7315343776789,40.346045837488575,-76.68184461707833,16,14,1,5,18.32,22.920950000000015
6.66,39.58555791808636,-78.70602275556249,39.5850035575301,-78.65936385516082,23,1,2,2,14.12,16.344000000000005
9.9,40.30499069173499,-91.964739827147,40.35353761338204,-91.94137935196932,22,12,1,3,15.12,22.04664999999999
8.58,40.880880584785125,-113.76134828405864,40.83476799978752,-113.81062049838005,7,29,1,6,15.09,17.996850000000016
5.36,39.40316927055277,-93.33123695881456,39.435651980323264,-93.37826644185348,7,29,1,6,11.85,11.878999999999989
8.34,37.5955622437656,-100.41082168195098,37.55764479304208,-100.40444135903242,15,21,1,5,12.17,18.023849999999992
7.67,38.94338317347325,-91.53729927789011,38.95867852773213,-91.54237352615046,5,25,1,2,21.03,18.964599999999983
9.39,40.89824389602889,-106.409887293565,40.89058505993173,-106.43521887349354,0,8,1,6,22.74,20.372799999999994
1.89,38.38707933969049,-118.21458888708456,38.36004640742757,-118.18525675098496,10,17,1,1,4.26,6.813300000000003
1.63,38.54058950492597,-114.05791811190522,38.5542409167194,-114.04820498379496,16,2,2,3,4.26,6.737000000000007
2.89,38.36462758261716,-80.04733370089838,38.37643022754945,-80.01404452977727,11,3,1,1,7.95,9.160999999999994
1.29,38.13493401174676,-80.85344785165267,38.097421233816,-80.81022485064494,7,18,1,2,4.65,5.462100000000005
5.92,38.738312948283465,-90.6449023390286,38.70390303699463,-90.68825801953504,4,4,2,5,16.13,13.870100000000003
7.68,38.47834671977365,-106.08047522063254,38.511498477218616,-106.06538020208204,3,5,1,3,13.95,18.565049999999996
7.49,39.81036501807476,-118.33380202284292,39.80530451990609,-118.31546875322476,11,25,1,2,18.34,16.718650000000004
4.4,39.42485991789121,-107.4204409562319,39.38660638868452,-107.46429180520389,5,26,1,3,8.07,11.135350000000003
5.82,37.08094426068468,-74.93555796552633,37.08046400026058,-74.9173693625392,3,6,1,4,14.95,13.329450000000007
2.22,40.48735557085519,-83.17169147580199,40.51892989604095,-83.12846206159952,2,13,1,4,10.24,7.016849999999998
8.01,37.55803498405032,-117.84047657271168,37.51628158542631,-117.80377595356178,5,17,1,1,17.92,17.383949999999995
4.88,39.55732915707463,-91.96268327041156,39.54173251806648,-91.9366284530044,12,16,1,0,8.9,11.7037
10.52,40.3816512944866,-102.72887593921254,40.42244371038455,-102.76222599556588,22,18,1,2,23.08,22.783649999999987
6.79,40.56547981085391,-108.65302890656032,40.572738956134565,-108.63249536430487,2,12,1,3,15.17,14.091150000000003
5.31,38.029052938701504,-116.0319805979599,37.999651707316765,-116.07271043748638,22,30,1,0,13.79,12.669549999999992
9.68,37.574393735449966,-80.81831468502473,37.573922316499335,-80.81506656953067,11,17,1,1,27.22,21.334200000000006
5.58,37.85957719884231,-115.31201078744178,37.88048969372935,-115.3536113081304,8,3,1,1,8.47,12.937499999999998
12.34,40.60419687360093,-119.94532645776772,40.64073981596902,-119.94060633602818,16,21,1,5,29.44,26.364799999999974
7.11,39.56398494041206,-82.00961582875486,39.53245884019489,-82.05105656865032,22,23,1,0,17.82,16.05044999999999
7.79,39.93007977131335,-83.61063859626907,39.9040312743499,-83.65625067587902,22,15,1,6,20.75,18.781649999999992
0.27,37.00396569368708,-82.7533850728438,36.99916414863177,-82.71527372707645,6,6,1,4,4.08,3.290650000000004
6.26,37.2697786538694,-83.49493325450752,37.28316969140179,-83.48001089885237,20,7,1,5,15.91,14.078350000000007
0.43,40.47370948754456,-102.23041659554964,40.51482738665111,-102.27129590282354,12,17,1,1,2.45,3.175750000000002
11.28,39.70545470925869,-77.11848924884657,39.66341300128076,-77.09915821829003,7,20,1,4,32.21,22.421650000000017
10.77,37.95222107160768,-116.9822244364656,37.985976029961584,-116.99795226566847,11,17,1,1,24.76,22.54509999999997
5.32,37.08823727112809,-83.69494539934328,37.038606221963896,-83.7409627909975,17,18,1,2,13.62,12.501149999999997
5.88,40.06789610187527,-110.87403209011477,40.11734888066153,-110.91231751508091,0,11,1,2,10.42,13.427200000000012
7.9,38.724257095838745,-91.30444720488774,38.75898714925633,-91.32681780650393,21,27,1,4,19.32,17.485899999999994
8.23,40.12795250826635,-102.3173301229949,40.08691823754347,-102.30949796911533,4,26,1,3,16.14,19.012149999999995
5.76,38.47119990124023,-78.0154535963394,38.44630272229364,-77.9657282864493,2,25,1,2,14.05,13.67940000000001
6.06,37.13963984614627,-110.43948709893507,37.18953658858638,-110.48887243579466,14,4,1,2,17.14,14.9066
11.28,37.581237466388686,-88.89550740123065,37.58982036937626,-88.84926186515094,2,18,1,2,16.2,24.637999999999984
9.79,38.92378332601073,-83.15765055820458,38.88094473060534,-83.14037329061738,1,17,1,1,27.02,20.082050000000002
8.83,37.515398829423255,-100.92684314645246,37.50617130057539,-100.93280969701964,22,23,1,0,20.15,19.838850000000015
8.34,37.47643365464174,-89.79396950241714,37.44045066471392,-89.7623508458522,15,8,1,6,19.91,16.45474999999998
6.16,37.36095719810481,-121.99172940543488,37.33253036531441,-121.98421518914635,5,4,1,2,15.21,14.006050000000002
4.76,37.9839222274558,-121.5455134552371,38.00332271071326,-121.54593869728645,2,21,1,5,9.14,11.999849999999999
9.28,39.196296144836616,-90.25977174157688,39.19324352227125,-90.24923763271492,12,3,2,4,23.25,19.859999999999985
8.32,38.84668828639875,-81.78257439729066,38.88638392832381,-81.7729280097064,5,15,1,6,19.81,18.40110000000002
7.79,37.56867019228673,-85.17733461792956,37.61037864863362,-85.20628704693779,16,3,1,1,22.91,17.251600000000007
2.27,39.06088563037687,-85.61756436252342,39.09153158892088,-85.65424153266271,12,23,1,0,8.2,7.443149999999998
7.83,37.82375783081406,-120.99096769828084,37.78157249442657,-120.95021301247932,8,6,1,4,12.73,17.65449999999999
7.91,40.6709659926693,-86.0663094280771,40.64308006338622,-86.08290901203713,15,19,1,3,19.85,16.608799999999995
4.28,40.5759695311453,-90.180510053351,40.616611059993375,-90.1869427804654,23,16,1,0,12.79,11.290249999999997
5.27,38.91797630610378,-81.25569696932985,38.928179946649855,-81.22094399120915,9,22,1,6,9.65,12.014299999999999
5.61,40.11398489628328,-97.6000795587781,40.12187213436302,-97.63808705481485,5,2,1,0,13.72,13.729450000000007
9.03,37.05182408337989,-91.56112791330378,37.10038751322303,-91.52304559117636,23,28,1,5,25.25,20.583099999999995
4.3,37.87632053923624,-103.399037525317,37.88028203188389,-103.37896225454642,14,31,1,1,9.87,11.077599999999988
10.38,40.44214010206856,-113.1181887305805,40.44065929132253,-113.16054964813698,23,31,1,1,20.71,23.962749999999982
8.02,37.94542343990835,-80.35498892368221,37.94444408858273,-80.35969139262451,4,4,2,5,16.58,17.520849999999996
10.54,40.61891286903133,-92.52336966512176,40.64041016107859,-92.560793348224,9,22,1,6,20.67,21.230550000000004
6.47,37.67866053713782,-78.07373173233418,37.64234875494476,-78.04611215795964,14,16,1,0,14.47,15.608250000000005
5.5,40.37051424219459,-75.3931511060809,40.36244392206002,-75.41754673287909,10,12,1,3,12.43,13.504500000000009
4.78,38.11922921215597,-88.04300628903655,38.118180230969806,-88.09063887966434,23,6,1,4,11.15,11.311600000000006
5.69,40.84081437923443,-110.34157545488269,40.871217569069806,-110.34690011260491,0,3,1,1,15.97,12.600800000000017
5.59,40.030918763189135,-121.47974110647844,40.05671059977533,-121.4596659153314,21,8,1,6,17.23,14.007499999999999
11.95,39.25487687466216,-73.80452212692589,39.2273605332281,-73.84487775765218,0,16,1,0,25.7,25.06714999999998
6.59,37.373234157235856,-117.30278761635172,37.38924922601621,-117.3097262202048,1,11,1,2,15.19,16.048550000000006
5.71,37.99236208781356,-92.79116329070465,37.98868950427752,-92.81138180116773,15,6,1,4,16.55,13.051650000000006
3.99,40.12591846055762,-81.6536700937778,40.118285681876735,-81.66990440864733,1,6,1,4,12.4,10.774949999999999
6.05,38.47008816069415,-76.80647063590808,38.51064186068389,-76.77995871432626,4,9,1,0,9.82,14.419049999999988
8.48,37.87461082901981,-73.02592348128447,37.91234418892037,-72.98961449001843,15,6,1,4,15.9,18.266149999999985
2.53,38.98315566706746,-97.49691027547422,38.9861775617424,-97.52142456452437,13,12,1,3,9.09,7.376800000000003
6.45,37.10365129116943,-85.78085136220429,37.087924339041,-85.79394786501983,12,27,1,4,17.03,14.70145
2.44,38.82028146998064,-105.46255871757796,38.83218838318996,-105.50787481240792,14,8,1,6,8.43,7.917400000000004
9.8,39.76705209888343,-90.08422035517702,39.73556889794472,-90.04761948202437,14,8,1,6,24.23,22.132999999999985
4.62,38.785801574830366,-82.5620528697782,38.81532775548278,-82.55733704338381,21,3,1,1,11.1,10.771549999999998
10.22,40.580221957741735,-103.55816109723294,40.60311989260239,-103.60678273598212,11,6,1,4,24.87,21.88265000000001
10.46,40.021118371158025,-100.0520701362928,40.02162261676272,-100.00552592296728,5,13,1,4,16.99,24.1996
8.29,40.71773654933158,-108.25835904110129,40.75523553899901,-108.24399623773552,16,22,1,6,22.21,20.01759999999999
6.18,40.67447974830524,-81.1650709137403,40.647115703961546,-81.20847659235127,19,25,1,2,13.4,14.539800000000016
6.07,39.496255806662354,-94.56283042191984,39.49127118735114,-94.57817052462448,20,7,1,5,14.06,14.55650000000001
9.52,38.818704364517245,-80.83491415022526,38.77225288188379,-80.86329048869476,1,4,1,2,22.18,21.576550000000008
5.2,38.0892824890236,-121.01292342074429,38.09861664959302,-120.97121456601388,2,12,1,3,11.77,12.369300000000008
6.62,37.847803067181445,-115.35988134381384,37.832241696785694,-115.3862677929947,15,27,1,4,14.9,15.138849999999993
13.63,39.552858268460064,-105.9439892381558,39.56219916903625,-105.89461748970194,3,3,2,4,33.78,27.685800000000015
3.48,37.280667679970925,-73.82602659727817,37.236764842470045,-73.79711329588463,16,17,1,1,11.97,9.540100000000013
3.76,38.00212111607217,-113.52001420973366,38.01004428339031,-113.52294227347824,7,12,1,3,11.45,9.723000000000004
9.65,38.95288093445334,-83.53511648809314,38.97961657463768,-83.57287707300289,8,8,1,6,22.27,20.739950000000004
6.11,39.13963930735052,-77.24347805365431,39.14668986782863,-77.20624540763859,16,8,1,6,16.18,12.997100000000005
7.22,39.5155412863034,-114.22654078563052,39.55644593776394,-114.26279590679158,23,2,2,3,19.02,16.046099999999985
4.53,40.8070260358416,-91.63270812058244,40.76161667992103,-91.65718668658388,8,24,1,1,10.31,11.144949999999989
2.95,39.95359216694793,-73.4177321322164,39.90717955603975,-73.41014242106577,2,27,1,4,10.87,8.605500000000001
7.34,38.00426217389037,-118.73184002149917,37.97341373596021,-118.76363899824752,9,1,2,2,15.16,17.088599999999996
1.51,40.3527478484926,-108.85929765348432,40.40026865481512,-108.86333936616111,19,2,2,3,7.6,6.012500000000004
8.47,37.79965818169416,-112.9710807228046,37.78955331626561,-112.99724247886004,23,17,1,1,21.07,17.833349999999992
6.63,38.48732653574089,-107.20718111454936,38.4388558403043,-107.17192922086662,14,31,1,1,13.6,15.147749999999991
9.21,39.905114695009615,-114.81753584277313,39.93613080207898,-114.85567144347664,10,15,1,6,22.62,20.08515000000001
6.35,39.46978455424305,-81.51944769405503,39.46934522107581,-81.52614747930235,22,2,1,0,16.54,15.588550000000007
6.6,38.42741939665815,-94.14013170985316,38.413329618001264,-94.11272715740544,13,13,1,4,15.97,14.734549999999995
1.41,38.430674952437975,-98.92193491859734,38.40641245035525,-98.88766038483844,7,16,1,0,3.31,5.460099999999999
4.2,40.06182510424596,-108.90920755291076,40.06907186700116,-108.94688289401697,10,13,1,4,10.78,10.897799999999997
10.14,37.52660033822165,-73.70908330567246,37.57106026085472,-73.69461048203716,19,13,1,4,21.63,20.96450000000001
8.43,39.73825740539031,-90.8594351232495,39.770272141689205,-90.84028407680024,13,4,1,2,24.17,18.658200000000008
9.04,37.80630446570773,-115.78628181692348,37.76240254272953,-115.81578177365448,5,20,1,4,24.71,19.92135000000002
1.96,39.64272666596964,-106.00838178021046,39.610979364576416,-105.97984375988528,0,3,2,4,6.13,6.508149999999997
3.42,38.32328339834591,-121.37010826346224,38.3256703025886,-121.32951302310654,3,4,1,2,6.4,9.290850000000008
7.33,39.17865903987335,-95.74142091960182,39.17581893401491,-95.73409105875102,1,26,1,3,15.98,14.441100000000004
4.6,39.01142284084506,-93.32000948181964,39.02039715486267,-93.27111749348543,5,21,1,5,14.53,11.658649999999993
5.05,40.201435756336,-95.692136878511,40.2317091143744,-95.70437672071354,14,10,1,1,11.13,12.42725
8.58,37.48167609488284,-74.36515280600202,37.45471787506939,-74.33204925268768,8,1,1,6,19.59,18.12894999999999
4.37,38.43846506815711,-118.25546329926073,38.39312655165467,-118.23162129674368,0,25,1,2,12.03,11.369249999999997
4.72,38.42524705541302,-82.43780261018534,38.38611508685526,-82.4510450919219,16,17,1,1,12.03,11.913400000000006
5.73,39.230862582363386,-74.1748516631487,39.18645749804178,-74.18229752245075,6,28,1,5,15.72,13.143449999999996
6.66,40.094615365360205,-87.16970252486377,40.09083231635477,-87.14498198491334,19,2,1,0,10.39,13.830400000000015
6.37,40.58718277925355,-74.82401450142498,40.56065037814734,-74.85208039715502,0,15,1,6,13.6,15.362199999999987
8.85,40.14313034529005,-109.28909817313878,40.165426679357935,-109.33385742351112,10,22,1,6,14.66,21.941000000000013
7.56,40.12500396747642,-121.32908507169292,40.09179143985609,-121.32683031461129,13,27,1,4,15.39,16.397100000000005
7.11,37.98381672320838,-99.9103171394904,38.01541778318117,-99.93713675365458,17,1,1,6,14.9,16.417749999999998
6.49,39.51599470842229,-93.24033278719328,39.48056250887061,-93.25893183077204,11,24,1,1,13.77,14.761150000000008
4.35,40.26664429519998,-84.80424615318066,40.26111680534554,-84.75881683337191,15,10,1,1,12.22,12.240000000000002
13.55,37.365353776401925,-113.50230037125633,37.32395412958225,-113.5375895128182,13,21,1,5,19.66,28.376450000000023
3.56,40.8896406149568,-96.544394279023,40.93439987148104,-96.55389843736997,7,4,1,2,7.82,9.992149999999997
10.04,39.58175441291325,-90.16483195971848,39.596465877399055,-90.18324062763077,4,26,1,3,17.42,22.689899999999998
8.49,37.57368250286685,-106.25410843533652,37.557555885775024,-106.29779936294288,0,15,1,6,18.74,19.50014999999998
8.56,37.06508414332752,-107.21648280404295,37.01522364043636,-107.22645511225356,10,29,1,6,18.61,18.23039999999999
1.82,40.57305394907456,-105.79132887973736,40.53092201920463,-105.83473581643976,14,20,1,4,6.6,6.241999999999999
9.51,40.41364725654884,-85.67760227409292,40.42093999277258,-85.69998671282752,13,15,1,6,15.72,20.522499999999987
5.28,40.80901740078028,-111.42256801926324,40.84682660464435,-111.41693696256962,13,11,1,2,13.32,12.633249999999999
9.04,37.41599502151841,-109.3563342531351,37.42298085095538,-109.31795259185128,4,26,1,3,17.09,20.823000000000032
4.89,38.72511027948734,-86.98547014860578,38.77341810862399,-86.94048306509166,19,3,2,4,11.21,12.988299999999981
8.35,40.16899457598424,-106.48793500371708,40.172416167381066,-106.49107005440716,3,6,1,4,18.05,18.83414999999999
14.69,38.12397941919237,-97.88899866380976,38.12936428817746,-97.89366373930316,16,11,1,2,27.09,28.037300000000005
5.63,39.77062711405917,-89.09025579367753,39.73922850725963,-89.06761617563483,7,4,1,2,12.55,13.514149999999995
4.61,38.35911797119433,-76.45206820358445,38.394821977866215,-76.44623833292924,12,26,1,3,9.93,11.627550000000003
6.98,38.61001551196952,-76.67440374576607,38.56246190006499,-76.6901279864509,7,8,1,6,16.3,15.583049999999997
6.13,38.15983904932881,-85.85691855401438,38.166839725986094,-85.90428840747023,22,5,1,3,16.43,13.666150000000016
12.38,40.173144573876975,-95.6161255450516,40.21098571652308,-95.59775599189706,2,8,1,6,29.42,25.10334999999998
1.92,39.362581947200766,-98.53220832451984,39.34110492402288,-98.55875308513772,12,5,1,3,5.6,6.5288
4.64,37.24714513215097,-92.40910179158942,37.25250866835509,-92.452532833338,11,13,1,4,8.69,11.516849999999998
3.2,40.36535875442455,-110.36582277342362,40.40018302212658,-110.37540975853474,5,2,1,0,5.46,8.960950000000006
9.59,40.865820268772666,-92.96376680783123,40.901048175930704,-92.9966801983622,9,25,1,2,17.27,20.14625
7.5,38.03974395942578,-121.8318191539993,38.08521006527423,-121.8427774488957,7,27,1,4,15.7,16.9012
5.88,40.39135847693316,-83.33217779083222,40.36601165386894,-83.3447568318746,22,29,1,6,11.07,14.338400000000018
7.98,37.76006002722379,-110.58411926867376,37.80403073313485,-110.60244316473675,13,15,1,6,14.78,16.876149999999985
0.33,37.24401456750318,-78.14884061119136,37.19528439771701,-78.1949841990592,1,11,1,2,5.66,4.054249999999995
8.28,39.41779800559963,-112.64761444713297,39.43566092282556,-112.5995556260943,11,4,2,5,21.46,19.319000000000003
9.57,39.13138549788305,-99.5266396872626,39.09012359995636,-99.55076416748486,11,31,1,1,14.34,21.514850000000006
10.5,40.28079741935737,-99.61732290964196,40.294558912687286,-99.5731347147202,22,26,1,3,26.47,22.090599999999977
4.27,39.8762578918169,-120.03739325916943,39.89212564985392,-120.01233952824882,8,30,1,0,11.17,10.781550000000005
6.17,40.28183254495522,-115.33519887094896,40.26544868178481,-115.38334835930692,12,9,1,0,16.97,13.630599999999994
9.17,38.5872070054355,-84.27021495633136,38.553858027196405,-84.23169217262797,6,19,1,3,23.99,20.191550000000003
7.64,40.54753525838467,-121.62294105977163,40.50553910567256,-121.61828163869916,12,6,1,4,14.54,15.785800000000009
5.09,38.33110040119124,-107.73773761576965,38.29172921461111,-107.72581879173376,1,8,1,6,12.04,12.20775
10.25,37.39266914117588,-94.94072765240752,37.37748560004702,-94.92167071967978,13,21,1,5,21.0,21.45830000000001
13.11,39.936163087577526,-82.64833913975656,39.96169954860557,-82.6598097296542,12,12,1,3,18.33,25.728000000000012
7.37,40.85624542175778,-108.09087800416368,40.83944548215389,-108.0617588729307,22,23,1,0,14.67,15.386449999999984
3.9,40.760197090378746,-121.4641554679553,40.72018881574099,-121.4257633057541,21,18,1,2,11.07,9.723400000000003
5.85,39.837522867444726,-120.79759368829248,39.80262806801814,-120.8433227101642,21,8,1,6,19.05,13.120450000000005
6.54,40.985421078253104,-87.43883225074639,41.0331954515113,-87.48237786577918,7,23,1,0,12.47,15.447299999999982
8.23,39.22758441333362,-84.56027155208196,39.20593476387931,-84.51289039726063,20,31,1,1,17.72,17.814200000000014
11.52,40.74906033338491,-112.49388663852646,40.74888473702126,-112.52075301917496,14,27,1,4,18.7,23.714999999999996
5.66,39.67805688235808,-77.79770291972523,39.62864752821692,-77.76008594167124,21,19,1,3,13.9,12.550300000000007
6.65,37.13033406398628,-106.79955763393684,37.084059097089984,-106.7667528823685,11,6,1,4,11.54,14.375699999999995
4.65,38.53426511528026,-94.11930469377052,38.57417189705591,-94.1661508319456,11,2,1,0,11.26,11.748199999999999
5.53,40.24666105824795,-102.00010934343752,40.23701516694303,-102.04681874706628,18,10,1,1,15.75,12.961750000000002
11.37,40.42165352212767,-116.26537758471235,40.43751953412896,-116.24621670934872,8,22,1,6,27.52,24.809149999999992
8.96,38.04729302691104,-81.63380424047564,38.07628516128244,-81.63455981812058,15,20,1,4,19.16,18.832399999999996
2.14,37.29701180147136,-98.5850974908544,37.32246805316535,-98.59490254652988,1,15,1,6,5.42,7.308450000000004
9.42,38.4632027586548,-91.56946112686984,38.44374532804094,-91.5598522604354,11,16,1,0,21.05,22.51385
6.38,37.65652955959149,-91.09711666143222,37.6755906048801,-91.1384026892844,2,10,1,1,10.97,14.048500000000008
11.83,40.19332964571154,-83.00731936812728,40.1551730400558,-83.02119996824091,14,30,1,0,29.24,24.58085
3.46,37.09628242005197,-88.65016508581508,37.06153780190058,-88.69456737201594,0,26,1,3,10.66,9.88075
17.32,38.87262948704279,-121.3457244359362,38.89279183341902,-121.33995755653392,5,3,2,4,34.13,38.040700000000086
6.46,38.97920314197067,-96.51079568652192,38.93710485945984,-96.4850280423111,5,19,1,3,15.73,16.887049999999984
8.55,40.74075376320844,-87.71020724977781,40.757250880311325,-87.69507059767251,1,28,1,5,21.34,18.269399999999983
9.23,40.14977495716781,-104.79393738821886,40.136853317560295,-104.82028513335918,7,21,1,5,19.97,19.787250000000025
5.46,39.611472693167535,-115.31860433653245,39.60424745120301,-115.31025787702208,10,2,1,0,13.04,12.5086
8.06,37.83627557451334,-77.4860582427507,37.85957691920525,-77.49947589740593,21,23,1,0,17.03,18.428500000000014
7.83,40.71032762033949,-116.4015729132164,40.71454072717741,-116.44297789626047,10,7,1,5,19.99,17.811799999999998
9.78,39.85495900053346,-91.5988894144958,39.808882331622094,-91.62649002285715,17,24,1,1,19.29,21.910099999999986
3.44,40.12641452924566,-117.27201165100809,40.15607463127419,-117.2288462081095,15,4,2,5,10.48,8.9823
9.82,40.04027492123456,-76.5925956399003,40.04782293772833,-76.58191843623547,23,20,1,4,25.5,20.076150000000002
7.38,37.51100903336661,-104.17053211468276,37.52532684734129,-104.18423356118656,0,20,1,4,19.52,16.565650000000012
9.12,37.42476423238975,-114.0604916028798,37.4277360650384,-114.03637353979876,7,21,1,5,18.8,20.592850000000013
8.19,37.8051701505496,-92.60937160277904,37.83255067265981,-92.64670089145416,3,16,1,0,15.74,17.637149999999988
6.3,40.067294151989984,-112.8820883830214,40.047053972633485,-112.8354217898558,16,6,1,4,17.49,14.15875
4.82,37.58884885673844,-114.81225088990762,37.57553973081791,-114.84092515795454,18,26,1,3,7.69,12.065349999999997
6.71,40.62236058254691,-92.48001179330116,40.64178528716561,-92.522008083882,20,11,1,2,18.26,15.443450000000015
7.62,37.34847453434939,-75.89844277595896,37.315555194142014,-75.91482984851015,17,2,2,3,14.85,16.682350000000003
9.22,38.7611055948373,-106.74828453209176,38.78930295752189,-106.7747679193416,4,1,2,2,23.2,20.276649999999997
2.8,40.45881640239562,-101.12468180577896,40.50696803087842,-101.09110468058608,4,27,1,4,8.09,8.498400000000006
10.91,37.52697159151496,-117.90684086164488,37.51018882326371,-117.91724376971116,21,29,1,6,24.02,22.68349999999999
6.83,38.84861466781994,-116.1729893506161,38.83185964818573,-116.19155227677967,8,31,1,1,17.15,14.627450000000016
6.36,38.71166807000744,-103.77925328909691,38.68458999656319,-103.77067178615216,8,21,1,5,13.97,15.521600000000003
11.42,38.57175027467727,-120.83128866704858,38.61765229868223,-120.83460841500384,13,2,2,3,27.12,24.15860000000002
7.02,38.94845333408564,-77.5891634497989,38.9409841204187,-77.54187596096256,23,3,1,1,11.8,15.24039999999999
10.87,38.793369897998105,-76.7675713683252,38.843281536640575,-76.73206654802753,0,1,2,2,23.53,22.785799999999995
6.5,38.18566715344489,-119.89118766843856,38.18154996918844,-119.90091977104758,22,2,1,0,15.08,13.815
2.43,38.53543253542728,-114.84886881139272,38.533351405920776,-114.80790424538574,22,6,1,4,8.64,7.943950000000004
11.13,39.20298214882775,-77.19492459418684,39.211736778712776,-77.16617382616086,11,8,1,6,18.89,23.976749999999992
1.35,38.68109166467147,-84.77276555325005,38.666677702557045,-84.75742409760298,14,1,2,2,5.02,5.257199999999999
9.73,38.748814037616405,-111.28411404517142,38.70102529250291,-111.26018571056444,15,4,2,5,26.43,20.721049999999973
5.52,37.74303310640607,-104.14964073231924,37.69900725631437,-104.18657770213308,19,29,1,6,14.4,13.044199999999998
9.81,37.77935447453383,-82.33123586257742,37.790523787209736,-82.33232252178475,0,17,1,1,17.13,20.958799999999997
2.4,38.0051083222873,-95.33917178403136,38.01133566193787,-95.38228011121366,11,4,2,5,9.57,8.033849999999996
8.12,40.52224656024433,-115.49776411299236,40.55853848520768,-115.53765472525323,20,3,1,1,23.53,18.934749999999976
8.84,38.40079998706504,-115.2028875366434,38.38404294486634,-115.17571609311698,3,22,1,6,17.46,18.880500000000005
9.45,37.4340427789994,-102.89217210550586,37.47342809999111,-102.85938584342269,0,1,2,2,16.8,21.052400000000006
4.4,38.8820822730716,-108.39804242201996,38.85029413985701,-108.37815789524365,12,10,1,1,13.31,11.060700000000004
5.37,38.35685134118518,-93.25254268318636,38.33980728976701,-93.23847177580885,14,18,1,2,15.71,12.630600000000008
10.12,38.35705289996823,-91.21692069535476,38.35485849747816,-91.23490395658592,8,16,1,0,20.42,21.476450000000003
6.26,40.229752856785296,-73.77568975575961,40.26657122452236,-73.73755909064757,13,24,1,1,15.3,15.469450000000009
9.76,37.77055616246413,-109.11772783866786,37.73454771379115,-109.0802714721958,14,14,1,5,16.56,21.252700000000008
5.67,39.093885800118656,-112.34208081502368,39.09936959249141,-112.39042325560496,8,6,1,4,13.87,13.237800000000016
7.27,40.41051182581542,-119.5276189175236,40.4489934886166,-119.48703096259136,4,27,1,4,18.87,16.719950000000004
4.79,39.86803576675533,-93.07756642544604,39.91598669471533,-93.0939903075557,11,9,1,0,14.96,11.841349999999998
10.06,38.3336510358201,-80.59512567051375,38.379527181840125,-80.62096141924114,10,5,1,3,24.77,19.94505000000001
6.47,37.025248704492206,-89.28474460738408,37.06047377998364,-89.30655823478823,9,4,2,5,19.12,14.619700000000002
2.77,37.27813943032493,-108.83591860515465,37.27696911411572,-108.87986303930543,19,10,1,1,10.49,7.778450000000008
5.67,37.43495752469142,-77.80976327500312,37.40701091196125,-77.84620556601331,7,16,1,0,10.11,13.248399999999998
7.48,39.86904979543815,-105.43802017573954,39.829015934918914,-105.43116691654274,23,3,1,1,19.31,18.10619999999999
1.69,40.2623709587433,-112.6320825371862,40.28044598570463,-112.5948993000895,2,17,1,1,5.92,6.347149999999999
8.75,40.32010529736872,-108.10498030695996,40.2742721205294,-108.05957194667408,17,22,1,6,19.14,19.60869999999999
7.07,37.67946232171541,-78.74951801199086,37.697928277230766,-78.72315403741827,16,29,1,6,14.28,15.593950000000023
7.06,38.01995062991575,-103.38433606081668,38.06698059086335,-103.40587530943736,10,18,1,2,13.98,14.785549999999995
11.27,40.786210445122926,-79.2584059312191,40.83065801527759,-79.22791087844573,14,27,1,4,18.86,23.93424999999999
9.93,37.83399974293352,-80.59546990305803,37.83286607994619,-80.56929593592997,5,27,1,4,22.48,22.647499999999994
0.91,40.34036687766444,-120.64095750559692,40.38255928467163,-120.596027041635,13,29,1,6,6.83,4.427099999999997
4.89,40.44487441325515,-115.52788441880804,40.43512154039361,-115.49899546759382,20,17,1,1,9.7,12.895450000000006
5.91,39.91346105009437,-105.31438071652636,39.92543308886194,-105.34814139677496,14,1,2,2,15.21,14.334199999999989
7.3,39.06659509019946,-94.81164884797884,39.0508640160157,-94.78801678266312,21,25,1,2,18.62,15.431300000000013
14.72,40.50280469695984,-114.90336043939324,40.47644041286378,-114.92843688005802,19,23,1,0,21.24,27.752800000000015
6.41,37.78598267681862,-100.11983241103658,37.774091950560326,-100.07356661640372,17,2,1,0,16.66,14.898699999999986
5.95,38.77132529218447,-112.46640655851,38.82109267619662,-112.45640697289969,16,1,2,2,11.24,13.785750000000007
4.8,38.76855921392376,-75.77854745307721,38.72362166375324,-75.75378165314802,19,3,1,1,10.86,11.43995
10.89,37.75209261813598,-108.9794254512507,37.71252877086552,-108.95701092104082,13,3,2,4,18.96,21.572349999999993
5.68,38.06405776108885,-120.9543024787338,38.08660275372126,-120.95412864168024,14,28,1,5,16.32,13.057099999999991
10.0,39.49276917931942,-101.84312266991948,39.44773862636946,-101.86696858181098,14,16,1,0,22.72,21.172200000000004
4.21,40.76123872310044,-106.90932456763068,40.80747444139868,-106.86624032377011,17,28,1,5,12.35,10.380599999999998
7.86,38.95546111624582,-121.2590201859247,38.9389003478718,-121.22210372786586,19,10,1,1,21.44,18.002750000000002
8.94,39.07718280353083,-75.5240898127966,39.11852542264946,-75.53977897362768,19,31,1,1,17.2,19.198500000000013
3.57,37.24314965534626,-99.46755791873623,37.26752092979248,-99.50552199408588,20,15,1,6,10.5,9.377649999999996
2.73,39.00389539702814,-82.20871937321591,38.96312831272146,-82.17527386626602,4,13,1,4,6.97,8.712600000000002
10.4,37.91614189726884,-94.38268106130124,37.90738910589268,-94.43213527610814,1,23,1,0,25.96,23.924999999999997
7.21,37.40833556078336,-118.93043297325616,37.44910615105851,-118.97982638243596,2,4,1,2,20.43,17.669649999999997
5.77,38.21475890292676,-79.49212496065458,38.24340119723618,-79.46672912120755,21,24,1,1,13.77,15.200500000000007
6.99,37.72456467535141,-78.66350960206893,37.74696685441197,-78.6623060754434,9,18,1,2,16.11,15.722250000000006
5.34,39.09324095788064,-96.95349877795422,39.082750129634334,-96.96478505796486,12,31,1,1,10.18,12.752150000000007
4.64,40.8875826165046,-78.9361975020978,40.88740038867763,-78.97392906423055,11,4,1,2,10.3,11.731300000000001
5.56,39.99218937547592,-81.44264272528025,39.990520234132106,-81.4659446578045,23,17,1,1,10.43,12.845400000000005
7.89,37.14107718861708,-101.51776668067174,37.09418000419348,-101.5659715850103,18,3,2,4,22.68,15.69335000000001
3.9,37.5554492677369,-114.3114329231749,37.57739506498439,-114.32282881255536,12,1,2,2,11.41,10.725550000000005
8.61,38.113550551082426,-75.67731217415405,38.08522412748215,-75.70212550851832,5,4,2,5,19.21,19.997849999999982
8.04,40.25216929876177,-106.82810655143388,40.257068185680566,-106.8292826167332,12,7,1,5,19.15,18.48849999999998
7.83,37.76119095421177,-97.90510366662616,37.71407189390964,-97.92908252389392,0,26,1,3,19.45,17.114750000000008
6.41,37.53782284476216,-88.49541560649249,37.54344757248315,-88.4866853459285,21,17,1,1,14.29,14.859149999999993
11.3,38.76942156309793,-112.00704881472925,38.72574138601977,-111.97687507760348,17,4,1,2,23.57,26.268150000000027
2.23,39.62163163500765,-92.54077216685609,39.59207186365412,-92.5104244188221,4,3,1,1,8.86,7.774549999999997
7.11,37.46523881491196,-79.54803368765349,37.41836291524194,-79.57986596799896,12,8,1,6,14.91,16.582599999999992
7.1,37.76122619896727,-96.77328090677342,37.71437468888941,-96.74896974398798,8,10,1,1,19.42,14.868900000000004
4.04,40.66480464447023,-117.19356566468234,40.701121254752586,-117.2307733042216,10,13,1,4,10.9,10.025450000000005
5.61,40.83202403688463,-91.56379026667577,40.784614544695806,-91.55618921550214,6,8,1,6,11.26,13.091700000000005
5.62,40.573653325338505,-107.32864393459704,40.59053623147194,-107.30166585319375,18,9,1,0,14.38,13.435600000000008
7.8,40.36612224010598,-79.46926920773056,40.34857636562727,-79.44250801679733,3,1,2,2,20.14,17.474649999999997
5.97,37.479177699424206,-101.57923468531004,37.46293641458468,-101.623323294353,11,14,1,5,14.45,14.681200000000006
4.27,37.14930135579775,-88.82434249224613,37.14763940897191,-88.80997982925801,1,1,1,6,13.48,10.652850000000008
8.91,39.56118263539156,-112.9354026428152,39.56053685113861,-112.93840423486245,15,13,1,4,24.04,19.67690000000001
5.1,37.67247051746417,-117.90790739915502,37.62663260574905,-117.88553855187224,22,8,1,6,9.25,11.867799999999997
6.71,38.98707126689154,-82.12277349315299,39.00121138256294,-82.08390191200142,13,24,1,1,11.53,15.309650000000001
9.68,38.36146281922248,-86.08156735278195,38.37280918004713,-86.085890409755,5,13,1,4,16.61,20.798200000000012
10.43,37.1341265803435,-111.20162362370752,37.17666595723479,-111.17629702929362,12,28,1,5,23.11,21.36124999999998
9.28,39.9906663306978,-80.63249546140824,40.03998149650213,-80.63864288649728,22,22,1,6,24.27,21.73130000000002
11.47,38.44615718736033,-121.6534647981354,38.43367307474838,-121.66199636760147,20,29,1,6,19.0,24.232499999999963
15.24,38.55315424137299,-111.57279105971833,38.54841042017512,-111.53653420788912,1,4,2,5,23.86,33.967299999999994
6.8,40.09909280157203,-115.0707435579006,40.10988826641632,-115.08756201532688,18,23,1,0,15.75,14.83405
7.57,38.47749538078276,-111.66044612859496,38.45401639858711,-111.6163831841083,10,6,1,4,11.25,16.754750000000012
1.68,40.448879115132215,-74.30696346902664,40.41961396029334,-74.29113654751097,11,23,1,0,6.06,6.215299999999996
7.58,39.74495721036463,-108.21051329208105,39.70438408078629,-108.24025670086117,16,8,1,6,12.32,16.903550000000003
9.69,39.10096321664925,-73.26348055837397,39.139977677979545,-73.3057343373375,14,26,1,3,22.5,19.723800000000004
8.49,39.887277839083424,-84.20739644366006,39.90773657729674,-84.15769863677029,19,22,1,6,23.88,18.62945000000001
4.19,38.67697114975053,-89.7587926436171,38.71877376632405,-89.78929613687414,20,24,1,1,10.03,10.816299999999996
11.31,38.47158237332605,-106.330027757801,38.515989938451405,-106.28458186322533,5,29,1,6,27.29,23.079349999999994
7.49,37.99301128213428,-115.50074461850257,38.02587195563805,-115.4814321352778,22,20,1,4,12.96,16.946200000000005
7.33,39.12625413113264,-103.16654649542224,39.12203017077254,-103.19737438025614,12,5,1,3,17.84,15.751250000000002
6.44,40.84701739751453,-80.37965766169623,40.8467500334118,-80.42747779953719,5,2,1,0,13.69,15.430399999999995
3.62,39.90030345959051,-109.77269844227015,39.89124210650737,-109.79400059404352,12,5,1,3,7.51,9.595549999999998
7.73,39.772175452788176,-120.79448792009065,39.726672130823104,-120.84000668156716,17,8,1,6,10.75,17.172750000000008
8.74,39.56804944546273,-75.79871936604974,39.5324536172169,-75.74998602743162,3,20,1,4,18.58,18.866200000000003
12.41,38.00947902177375,-104.7329534974472,37.986350866036034,-104.75644419693236,9,16,1,0,31.52,28.261700000000015
4.97,39.71092948817864,-77.89506541728699,39.74580635304898,-77.88429715998313,4,1,1,6,13.97,11.909500000000014
10.4,39.75933433135013,-96.74659148740804,39.80844497475649,-96.77810941363538,20,3,1,1,27.96,23.092149999999997
2.54,37.51388777096489,-101.65305769377612,37.52970483161196,-101.66864484550288,7,17,1,1,7.39,7.8434500000000025
7.6,37.65263921573443,-118.94801709210414,37.658852340398965,-118.96188563180311,4,7,1,5,11.67,16.224199999999993
4.43,40.05584768404072,-99.35653851364296,40.0957212491689,-99.39096112560112,9,13,1,4,15.84,11.533499999999993
7.65,38.68098728602267,-113.13369664487011,38.67338024335622,-113.1190880619099,1,24,1,1,15.47,16.975050000000014
7.34,38.039740083519135,-120.08196653011598,38.06115468739269,-120.10424433630182,11,20,1,4,14.35,16.0457
7.47,38.88503291729904,-77.58797340866188,38.87896130140925,-77.5550509042941,0,1,1,6,17.27,16.667900000000007
3.59,40.49098573432829,-92.1495614519072,40.48073561117051,-92.16182760207342,20,26,1,3,9.51,9.470449999999996
2.21,40.549235508139176,-90.66347309659808,40.58727336966605,-90.67546308835408,12,19,1,3,7.68,6.773000000000007
10.36,38.66268508049059,-94.1759188462045,38.67527536729455,-94.13898505820444,11,17,1,1,14.2,21.57429999999999
9.89,38.650749691694585,-88.30708361932179,38.68097495422006,-88.29001836864367,8,1,2,2,19.33,21.979250000000008
12.63,37.57985614733822,-84.32402325887548,37.54875816211621,-84.36857373722381,3,20,1,4,26.49,27.767400000000006
10.04,40.75398897433078,-104.24926416755964,40.79920315138735,-104.2591554465484,21,22,1,6,24.39,22.27515
6.21,38.57819317683743,-107.6404493744902,38.59610553494239,-107.65817805967346,17,27,1,4,17.09,14.612049999999995
3.03,37.71244667926133,-81.89493938551355,37.68541802034494,-81.90777910688728,7,10,1,1,8.2,8.558699999999986
3.49,39.688075887835424,-74.18197673144968,39.71556605715544,-74.13200522029587,16,3,1,1,9.79,9.535250000000008
5.52,39.08200214800748,-76.22428118161736,39.056871511927454,-76.20126847019749,8,29,1,6,11.67,13.148200000000005
10.12,38.676655683939344,-116.49709364604227,38.681346706592976,-116.54322714004238,10,23,1,0,19.11,22.38010000000002
7.12,40.64527527978648,-73.84136971188178,40.66288066540346,-73.85434419227943,13,3,2,4,16.87,15.72320000000001
10.63,38.89792000327058,-115.19935104604696,38.87395998894456,-115.19952588077788,6,30,1,0,26.35,20.544200000000014
10.66,37.25024361631203,-74.35192172626147,37.26296114719663,-74.35384799777958,2,20,1,4,16.38,22.429350000000003
6.91,40.068327793883135,-111.6910434495462,40.061869870772114,-111.68085681603792,15,6,1,4,12.75,15.324500000000006
9.4,40.94641204452727,-97.56475768414768,40.97598008072895,-97.5384068848175,2,24,1,1,26.51,19.329550000000005
8.91,39.08875366048771,-104.44571756193264,39.066573695674855,-104.46857991094332,13,16,1,0,22.91,19.98575
9.36,37.98223024633135,-105.25191824014856,37.98326726236468,-105.26912463535736,16,2,2,3,20.07,20.08455
4.92,39.12292521973253,-103.8109191225908,39.09205951446214,-103.83665677344275,19,23,1,0,11.05,12.941249999999993
7.14,39.60013966102669,-76.04989123404633,39.59490895209333,-76.06200091337006,5,23,1,0,18.19,17.218649999999982
8.38,37.42083844440723,-74.18995647508973,37.42905573660876,-74.22554625030462,18,11,1,2,15.46,19.214399999999994
7.88,37.47693636982788,-89.8825133264221,37.481631669114975,-89.84979408281487,8,20,1,4,13.64,15.972099999999996
6.4,38.21517970461647,-110.81103624318234,38.17227749266081,-110.84958538667452,11,26,1,3,14.6,14.368200000000009
1.61,39.37975572036909,-100.62426253096596,39.39665397456827,-100.6171526482868,0,9,1,0,5.57,5.862
5.93,40.36645360085393,-97.79872996348348,40.40147781978682,-97.82661272657562,8,23,1,0,15.78,14.080250000000001
5.78,39.67317826603062,-92.25161547019748,39.63002911796157,-92.28287209827177,17,1,1,6,11.4,13.930399999999995
3.45,38.43184510679578,-113.78061285122274,38.39537971761671,-113.82970545386996,9,11,1,2,9.31,9.249899999999991
0.65,37.08260776617141,-80.37814693547267,37.07429760025513,-80.38951481256824,23,8,1,6,4.13,3.894199999999999
7.37,39.388079480381855,-80.65525783611999,39.389252189210175,-80.65151097724132,3,9,1,0,17.91,17.762000000000004
8.61,39.61214978736981,-87.3431771087777,39.64192774295469,-87.35294165777276,16,26,1,3,19.87,19.094649999999987
10.6,40.72400163707812,-98.23901794987258,40.75528631661392,-98.2238849630667,22,3,1,1,17.82,23.003800000000023
7.46,37.08751343218237,-88.66081528887601,37.11277589241722,-88.64821449980231,6,1,2,2,12.17,17.11640000000001
5.28,38.69524895966323,-87.9776350077226,38.72428048754767,-87.93176155875224,6,20,1,4,12.89,12.300299999999993
6.03,37.6399030176598,-114.90602719206478,37.65419959283168,-114.94593592613138,8,6,1,4,10.96,14.791850000000002
3.13,37.42186152542198,-81.6223491419689,37.40916844283592,-81.59160632146977,6,1,2,2,8.8,8.951249999999998
6.52,38.03291344955851,-78.75224824789612,38.0255100180248,-78.76714933508435,11,24,1,1,15.39,15.869850000000008
7.81,39.396482561767485,-89.20077706772267,39.384386147023655,-89.17256491576559,0,7,1,5,22.04,17.971799999999977
9.59,39.44974574465322,-106.17425407632967,39.430809098427694,-106.1939538845408,14,19,1,3,28.71,19.098450000000003
9.46,37.56647551703855,-88.34418759968906,37.52155306312737,-88.35896977473452,18,15,1,6,15.39,21.16335000000001
7.6,37.751355970461375,-115.52003788795746,37.790638703596365,-115.48371426066927,21,4,1,2,13.56,16.56994999999999
6.57,40.247363047753765,-115.46060559410004,40.27219100703539,-115.48712947992436,17,3,2,4,19.48,15.65089999999998
7.58,39.881181502016304,-96.92592001266108,39.91767302370755,-96.9640452270998,2,23,1,0,17.87,18.00845000000001
6.92,38.44735904061522,-95.1417574041301,38.412790295131785,-95.11282298649684,21,11,1,2,11.07,16.75275
6.41,40.79330523645286,-105.54822153536838,40.7820839740689,-105.5290704762174,2,31,1,1,19.09,15.528949999999982
8.46,40.88570170789608,-116.52719788615671,40.91055993416106,-116.55411305883268,14,15,1,6,13.79,17.883750000000006
8.21,39.520385802474905,-77.92915594775877,39.50699323187737,-77.91154206622011,1,1,2,2,18.24,17.5308
10.03,39.43188960178759,-97.43974491112296,39.44065760198161,-97.39607394349171,2,3,1,1,28.16,20.44395
7.54,39.47869842999381,-95.98399991795448,39.45208071174362,-95.9998396803566,11,30,1,0,14.3,16.999599999999983
5.71,38.28193052228978,-106.30538718271067,38.23690240105178,-106.30230294287338,19,19,1,3,13.78,13.13094999999999
5.67,39.06780234037576,-88.55533227414209,39.05181655864229,-88.54801377423858,1,24,1,1,18.23,13.318350000000002
4.44,38.26938397122844,-94.03511721591278,38.2949910758506,-94.05273513851552,5,4,1,2,9.17,11.478399999999997
4.66,40.72898577771874,-96.70572578701308,40.70805256957732,-96.69576155910453,1,25,1,2,12.52,11.86765
6.15,39.63818666538388,-74.19343340904481,39.5901736772452,-74.20057066900337,0,26,1,3,12.86,14.782899999999994
10.06,40.98862272600674,-106.7776789955145,40.96844291853986,-106.79821463669086,2,4,1,2,22.88,23.1792
1.76,37.49083203342156,-104.93441382374964,37.516405696969294,-104.91623491227053,19,17,1,1,8.85,6.268049999999997
9.7,39.55050476493231,-85.0024279031582,39.5670420170533,-85.04306979895496,10,27,1,4,15.97,21.350700000000003
4.4,37.97928969560493,-114.08981732076268,37.95241766439603,-114.1377223013529,0,16,1,0,10.44,11.801450000000004
8.98,39.59257123120454,-83.90353333232049,39.60388879967018,-83.88533830442718,14,6,1,4,16.57,18.048349999999992
7.49,39.47217742010552,-74.82133892970789,39.52050613044035,-74.83021410176462,0,18,1,2,18.83,17.059700000000007
9.82,39.901033390146445,-74.97320094848413,39.94056005143548,-75.00538408374649,15,29,1,6,17.73,20.441649999999992
10.2,39.40608407330139,-101.82546278862448,39.36409576990392,-101.82451341709393,20,2,1,0,15.19,25.009899999999984
7.01,39.02238174497541,-83.03871217653753,38.986115514532266,-83.04167344526888,6,12,1,3,16.63,15.38935
4.29,38.140646695910334,-88.12092521529964,38.15740256444668,-88.0936610739589,13,2,1,0,10.25,10.434249999999999
6.76,40.97067428917045,-88.55516841279396,40.998719590086864,-88.53308291740275,3,16,1,0,12.32,14.728799999999993
6.4,39.034100471404415,-112.98147903864792,39.01724708664701,-113.02017936952112,9,23,1,0,16.97,16.40564999999999
9.25,40.28220019846864,-76.77384225656928,40.32540196062803,-76.7356113789676,15,22,1,6,21.81,19.398549999999997
6.94,38.349543892331376,-99.18471664886982,38.374019563140834,-99.23076204221502,23,23,1,0,13.39,16.537850000000013
6.62,39.93519271352924,-107.62649601926135,39.952030089422585,-107.63275367834856,22,5,1,3,16.52,15.78375
6.03,40.11898707135848,-120.67683870752722,40.1211659332015,-120.71760258128762,21,6,1,4,11.61,13.410150000000002
6.52,39.27584514475429,-105.52902297012224,39.30084476376416,-105.52777070237906,11,13,1,4,13.43,14.331099999999994
5.55,40.3343348470498,-83.7076891062762,40.3668304961717,-83.66176573191831,16,3,1,1,12.34,14.329849999999999
9.66,40.98910384384296,-78.40067955405317,41.02415492435084,-78.41691687107969,4,9,1,0,21.1,20.304999999999996
7.53,38.94395143734626,-77.8953850085648,38.94390101205106,-77.92776958413921,5,14,1,5,14.11,17.683900000000005
8.21,40.68416810183848,-120.25831368960178,40.6803444790233,-120.26723638894724,6,22,1,6,13.39,19.275999999999996
7.97,40.39228527296539,-121.4031390741466,40.43871835939266,-121.41455539980026,5,28,1,5,12.49,16.856650000000016
2.96,40.64000175709187,-100.7853712995227,40.65721834233431,-100.7757695839862,11,1,2,2,7.28,7.705849999999997
5.53,40.68774536987637,-97.70340252462732,40.72077696100415,-97.69305317463257,14,24,1,1,14.94,11.979149999999994
7.9,40.67826329262764,-85.95064664180029,40.6338407205544,-85.92696409795595,2,30,1,0,13.4,16.636099999999995
8.24,37.45968771523669,-90.54357295389022,37.50286253046027,-90.54216554284882,20,10,1,1,21.07,16.75584999999999
6.53,38.15722441597509,-73.52748063096217,38.13914200510633,-73.56282576777679,14,19,1,3,13.74,14.939300000000001
1.26,37.92619140957805,-95.41073099193764,37.90377586334785,-95.40675848360556,7,9,1,0,4.69,5.840399999999997
6.47,40.62515284023032,-107.19485672870886,40.60864927905163,-107.21434899382626,15,17,1,1,14.99,14.396999999999997
10.02,37.45134344704775,-104.75498883502708,37.4655380267327,-104.75613401686326,1,19,1,3,27.43,20.497949999999996
4.66,38.729220034994384,-100.6752978603868,38.74642837727191,-100.6865419232136,19,3,2,4,12.02,11.365349999999996
9.19,37.76673146088218,-86.44420030286744,37.7615687721593,-86.43274539010667,16,16,1,0,20.78,19.284999999999993
6.5,37.00503328654429,-80.21021221665228,37.02673893782544,-80.17129896873224,18,16,1,0,16.04,14.585999999999997
7.78,37.15236456688704,-82.29336178067189,37.16484583688703,-82.31379657708749,7,11,1,2,16.64,18.33280000000001
1.95,40.67938669659381,-105.64341783675503,40.671306759028525,-105.68794475826444,11,3,2,4,5.71,6.703300000000001
0.04,39.98985333740657,-113.46543900072244,40.00370096656709,-113.5094372757998,2,10,1,1,3.85,3.1139499999999987
3.5,37.681080293341495,-106.7117926288273,37.668161055080894,-106.70635143078222,1,11,1,2,10.91,9.3654
13.08,38.410555249510985,-121.05607784529356,38.44477384161024,-121.05824306829678,20,14,1,5,18.39,26.234499999999983
8.78,37.76713312105877,-103.25249381646728,37.78633553052003,-103.2633029721177,8,17,1,1,16.81,19.54870000000001
6.47,37.44991053851675,-92.83023521714225,37.478674087259535,-92.8738009478564,1,8,1,6,18.86,14.933099999999985
9.96,38.59629108989127,-101.88154923316009,38.57763311428814,-101.89328148942944,9,2,1,0,24.35,22.59775
5.02,39.94758170415211,-83.32127533161727,39.93996430932808,-83.27480271078525,21,6,1,4,12.39,12.42785000000001
9.23,38.19362594045036,-105.0252249735911,38.22846338548545,-105.05638130307524,11,2,1,0,19.76,20.194799999999997
8.41,40.82232270283328,-89.3528084989657,40.81455061325399,-89.31088510259596,4,14,1,5,19.55,19.26144999999999
3.84,40.171832140559545,-79.56271734532223,40.15628483977424,-79.56975855154093,0,4,2,5,12.9,9.90519999999999
10.39,37.476528129197874,-75.19843140299812,37.51374574104408,-75.1912592344348,13,1,2,2,23.75,21.811899999999994
10.2,40.78552009670234,-111.02483841985064,40.81468250858825,-111.06385601444592,2,6,1,4,20.5,21.20170000000001
11.56,38.98372900209369,-112.32818514625149,39.01749993555028,-112.3283160576298,2,17,1,1,25.3,24.046050000000005
2.38,38.95193425994781,-85.31490643269602,38.99628335353101,-85.27059989165406,3,24,1,1,6.61,7.399899999999992
6.6,37.53586411178605,-96.8138024445452,37.48939272359071,-96.78312333902522,0,8,1,6,17.2,14.8644
4.34,40.814310487047095,-107.02184495693903,40.8362980353952,-107.0159266651408,11,26,1,3,13.89,11.383400000000004
5.76,37.61538402397984,-112.07441261485523,37.58843180883295,-112.11462439855032,10,9,1,0,13.34,13.850499999999997
6.68,38.1573374954282,-112.44288145885712,38.15634212734168,-112.39303223029376,10,6,1,4,11.52,15.558699999999996
7.63,40.35587529282104,-103.59893441117296,40.35325866634109,-103.58602173046246,15,6,1,4,21.76,17.007099999999994
4.98,37.98812522335416,-116.74738807373603,38.00038743516564,-116.79101574592184,16,3,2,4,11.97,12.301300000000001
5.94,37.57412498702661,-83.59748917589147,37.52942762260158,-83.55301857227118,14,10,1,1,15.41,14.67645000000001
5.95,39.623977253162295,-77.97650014315687,39.59531427014471,-77.96126476830533,22,2,1,0,16.15,12.981599999999997
8.15,39.35560323659598,-107.55318110965642,39.33856554319946,-107.51505576425788,7,3,2,4,20.83,17.954550000000012
5.18,37.98183129949914,-112.19155359585982,37.93662967638772,-112.15143285284876,10,6,1,4,10.18,12.744399999999999
6.75,39.21826395121756,-107.1850283722167,39.25413420818629,-107.1608645034662,12,23,1,0,17.34,15.249450000000003
15.24,37.65890708744318,-77.19960667782391,37.6109702201305,-77.19192384564516,14,24,1,1,20.22,32.411849999999994
4.98,37.336404947822295,-89.54764654547026,37.382605986078815,-89.5053212933099,8,13,1,4,14.28,13.184149999999995
4.33,37.55150671457925,-78.73522057661742,37.56220943734854,-78.73943125471025,8,4,2,5,8.57,10.215049999999987
6.56,37.26392361560496,-108.39281462058432,37.274171999028695,-108.404245431922,20,20,1,4,14.47,16.09125
11.73,40.84490075069832,-91.31556926817518,40.81064395571272,-91.31268718776562,22,1,2,2,17.16,24.546949999999985
9.93,38.807626131514624,-91.95538793643158,38.80792121886231,-91.94476045431723,4,11,1,2,23.24,22.408799999999992
7.41,40.01328427883944,-115.61819889206296,40.0345347222648,-115.61458693892268,20,2,1,0,16.41,17.62345000000001
10.34,38.36563370644518,-74.92076672839283,38.3510275044183,-74.87243133016499,13,23,1,0,26.53,22.776700000000005
4.51,40.32250412193488,-109.7911866706428,40.35343150078965,-109.7503417661363,23,9,1,0,11.48,11.148550000000007
6.8,40.961730661238,-95.38717655864934,40.92130529686373,-95.43071498228744,23,6,1,4,15.55,15.49940000000001
3.45,39.10820589695217,-91.38343317038117,39.0595697023105,-91.39253283152212,5,18,1,2,10.07,9.1005
6.4,38.68384818966796,-87.10301059461152,38.703518042090856,-87.14689045517831,1,19,1,3,14.21,15.665349999999995
6.6,40.88032598352204,-110.03284474419723,40.91601564311262,-110.01411596995464,2,4,1,2,15.35,14.697000000000003
1.69,37.10651561834371,-116.89536130770917,37.1062182424734,-116.85936652781696,22,5,1,3,7.17,5.458049999999997
7.05,38.88026036168505,-106.90390637828592,38.90022837846594,-106.95275927592212,3,13,1,4,14.56,16.52199999999998
2.32,39.84300661558359,-106.77826181960911,39.874385983091024,-106.81152416103384,2,2,1,0,7.54,7.506899999999995
10.56,40.35721438487431,-113.76802803554824,40.37428784230896,-113.76417624792757,1,27,1,4,19.79,21.51530000000001
4.95,38.79758066480328,-79.78982710208297,38.834442498768944,-79.83348606647063,4,17,1,1,10.19,11.79205
3.8,40.63523560604259,-80.48055242175502,40.67788703412523,-80.4868812651385,23,26,1,3,8.08,10.969299999999997
6.9,39.78953168623346,-91.1472377413488,39.82276014738168,-91.12548012995182,16,3,2,4,18.65,15.534150000000004
10.54,37.552332484744056,-121.46963177440637,37.55886223331918,-121.48945994210484,8,3,1,1,17.63,23.451500000000014
11.31,39.04171875293017,-114.27990149862264,38.9981943297677,-114.2616522634234,8,22,1,6,30.2,24.016450000000027
10.48,38.04491148836114,-92.98734940304726,38.03786173975268,-92.95052449838887,2,23,1,0,25.62,24.46289999999999
8.12,40.04868487101711,-74.44984003425716,40.05304681708076,-74.48501242287908,21,2,1,0,19.88,17.620549999999998
4.74,39.63460435434736,-76.32787841706914,39.66997084997712,-76.30469735828414,20,3,1,1,15.11,11.334700000000014
5.12,39.55541453671847,-82.14590571681288,39.51189755073567,-82.13672856851808,21,2,1,0,13.95,12.188300000000016
9.63,37.546031183947086,-92.73734246922923,37.50971132743633,-92.76413985804336,22,9,1,0,19.27,20.30665
6.57,39.5952209308915,-81.51508387672366,39.55594924270314,-81.50265058613016,18,11,1,2,18.19,15.274599999999994
10.08,39.560521062414765,-109.46625488943438,39.55613656773524,-109.5134791862632,7,10,1,1,16.68,21.9698
4.13,40.29916867402495,-112.95146880206916,40.266391728859226,-112.90198092655253,6,1,2,2,10.94,10.711699999999992
6.97,38.86892363390854,-91.8713115003634,38.88365673137285,-91.8435972958582,14,20,1,4,14.22,15.25085
6.64,39.579995425650736,-78.04946630730896,39.57237519289736,-78.00591924906381,10,30,1,0,11.3,15.208749999999998
9.37,40.76685308029922,-121.4701291226421,40.79532349723142,-121.50753718551242,18,7,1,5,23.92,22.108849999999997
7.29,39.32800938135069,-119.12586431781423,39.3254386078371,-119.094599293516,5,14,1,5,20.39,15.616249999999996
10.89,37.68639457018783,-80.15107522308722,37.657176248519264,-80.18888844170327,16,15,1,6,15.31,22.83085000000001
6.6,38.62555613087001,-108.10111035901676,38.58262527918437,-108.094309189895,18,21,1,5,17.86,15.127549999999994
8.11,39.01965104505023,-95.5283396630427,39.00986277729662,-95.51751798151066,7,27,1,4,18.65,18.877000000000002
9.86,40.88383991524474,-93.01851698769964,40.84256218741086,-93.02939134622837,12,1,1,6,17.64,22.444850000000027
1.56,37.46321562522019,-89.36741390840432,37.50219015378316,-89.33494584245103,21,10,1,1,7.51,5.510550000000002
3.05,40.10555545448974,-119.20391586117398,40.06317698206177,-119.23469831977864,13,7,1,5,9.14,9.053350000000004
8.29,39.13811383106687,-77.78160342925123,39.09492973700576,-77.73216797788416,15,28,1,5,15.65,17.88995000000001
1.49,40.9437417992061,-121.62895303465326,40.90879374978229,-121.637783832732,8,20,1,4,5.53,6.018950000000002
5.56,37.38202730721013,-92.87204042853304,37.39353993682965,-92.82960066317618,18,15,1,6,13.58,13.831749999999994
8.45,40.3856402961431,-120.88774956486628,40.40895689704988,-120.83990438902887,21,26,1,3,15.23,19.493549999999992
9.57,38.55903114419036,-85.6628224131432,38.53787577288622,-85.69947667290734,10,13,1,4,14.26,20.91739999999999
2.89,39.46530876062171,-73.0237300341308,39.48712250584431,-72.99879803823559,22,3,1,1,8.38,8.291349999999992
7.87,39.81953710576399,-80.14148054804761,39.82586752387935,-80.11258444252465,0,31,1,1,19.53,17.41650000000002
11.38,38.16853353552185,-73.32753686950993,38.12811103479465,-73.31540017940645,19,2,2,3,19.76,25.44895000000001
6.79,38.79279692653077,-73.22934432496825,38.81302724221986,-73.25705724467478,19,25,1,2,17.18,16.408949999999997
3.84,38.884574090503165,-119.6952481119964,38.92271754406725,-119.66639383235916,11,7,1,5,12.87,10.140950000000002
10.28,39.35214416478996,-77.0538693073304,39.32771143418204,-77.0928409099482,20,16,1,0,17.56,22.432850000000002
6.66,39.42750943568203,-80.74488071734851,39.39724586822431,-80.7383473076585,0,31,1,1,13.99,15.727149999999995
10.03,39.728593864017526,-76.43729750966754,39.69304312814708,-76.4447538826977,23,16,1,0,26.62,19.474800000000005
5.36,38.33441697860314,-88.45802588708796,38.33994711856947,-88.50045516003544,8,8,1,6,13.96,12.59845
4.05,39.84719872289026,-116.05127366613354,39.88421568839877,-116.05584667057089,14,15,1,6,14.69,11.260950000000003
11.29,37.64134580108762,-77.62569372770068,37.64890622365844,-77.6734251825632,9,21,1,5,20.97,25.23895000000001
4.5,37.18997821881307,-77.27436476332105,37.19968356727353,-77.25364497730465,17,1,2,2,9.66,11.720249999999997
4.71,38.941132330205846,-115.09819570964224,38.92141282511939,-115.11110419929604,22,31,1,1,12.6,12.308799999999998
6.81,38.68179285192917,-110.8645765100034,38.63602517277226,-110.84291106721804,13,21,1,5,18.65,16.045100000000005
7.99,39.54530642193017,-120.2968806652818,39.50625064024825,-120.33619673347413,12,13,1,4,20.8,16.223049999999997
7.37,40.26303481260743,-89.24813969650297,40.26199544556951,-89.27101513079667,3,1,1,6,18.41,17.528049999999997
5.81,38.77532650597021,-106.65335015720466,38.73959260612019,-106.61772502714008,13,4,2,5,14.01,14.645449999999993
4.12,39.37690474384178,-85.08504434479046,39.34410329711838,-85.03668491582194,18,28,1,5,10.18,10.590649999999982
8.29,40.41104666122565,-117.09046447176068,40.397554183773536,-117.0949828536644,3,16,1,0,15.48,17.634099999999986
10.53,40.325113481711874,-117.98393042184595,40.368389500521424,-117.9507920251444,14,17,1,1,29.15,22.006049999999995
4.61,39.43721212162244,-77.87658475965232,39.42412956158911,-77.86815657491334,20,27,1,4,7.68,11.826749999999997
0.51,39.03633059472372,-115.07262127901936,39.02727648149639,-115.11306505817603,16,19,1,3,3.96,3.3863
10.35,38.73369740100557,-115.572982338973,38.72955215109132,-115.6228576633414,20,11,1,2,28.43,21.400350000000003
7.75,40.31885952144316,-121.7628895315244,40.28325828878828,-121.77452683399632,17,17,1,1,13.57,15.736299999999993
1.89,37.94078815682033,-94.76949555245317,37.90538623120648,-94.72371529485106,18,28,1,5,6.93,6.425399999999999
6.1,38.205806738886594,-109.69031839731733,38.24432643102459,-109.64422787275576,22,28,1,5,11.79,14.53254999999998
7.47,39.36737565378406,-106.64288095635312,39.31902948233717,-106.59886389843386,13,14,1,5,19.23,16.779650000000018
8.15,37.555993079282864,-76.21010181320747,37.524464023231566,-76.1966022894172,15,1,1,6,19.81,17.505100000000006
4.77,38.124465736510125,-100.4605454908983,38.14441257666181,-100.4331264013439,23,27,1,4,13.12,10.869449999999993
5.56,39.6283774712232,-116.75278901486692,39.5808271306555,-116.7673190721541,3,4,1,2,11.6,13.957899999999997
8.0,37.03208886999486,-100.5724327988454,37.01021921147565,-100.55551053006084,23,26,1,3,18.58,16.2749
11.15,38.6473885045397,-114.1969475052637,38.68737126086475,-114.16056290510544,19,12,1,3,25.76,23.22569999999999
5.6,40.84588404276497,-114.7680482409629,40.88796642675065,-114.78380854076192,16,19,1,3,13.17,12.48400000000001
3.78,37.40439021267375,-86.4715139374747,37.38021756696221,-86.42747900454012,22,22,1,6,6.87,10.26689999999999
12.08,38.46979472674973,-94.3198618928536,38.49987051567362,-94.33751592041229,14,6,1,4,33.41,25.86940000000001
7.44,39.13192733430565,-101.83509701081624,39.10451099118109,-101.84492912318188,19,5,1,3,20.09,17.251100000000008
0.73,40.91744900532406,-90.31103983187688,40.87161785531182,-90.31799822627264,12,3,2,4,4.31,4.682800000000003
9.75,37.28008969754144,-111.8538945954808,37.24274599521991,-111.82700119196306,8,8,1,6,27.1,21.4852
3.47,38.65506891463528,-95.05544764440064,38.66376522350331,-95.03468531913462,8,8,1,6,8.88,9.486799999999997
7.52,38.36462342370042,-95.73218880321429,38.34290606396473,-95.7744223551546,19,27,1,4,17.52,16.372449999999994
5.79,40.85891785830611,-104.0444118408657,40.82838918542878,-104.01323747667988,20,10,1,1,15.8,14.282599999999988
12.96,39.7702528414132,-121.98135362194256,39.76334365519159,-122.01015266867576,22,14,1,5,27.46,27.442349999999983
6.23,40.99984390021111,-121.94591961036122,40.97690494243368,-121.94560105296937,6,2,2,3,13.5,14.924149999999996
2.44,40.61826668589933,-76.77821657209495,40.65616578402463,-76.7741690115895,17,21,1,5,5.95,7.621849999999999
1.18,40.95763787653387,-88.08671049642638,40.97809317156979,-88.07521411741878,13,1,2,2,4.65,5.2309500000000035
6.63,38.63414294126356,-90.273064227913,38.60124568136142,-90.2294904400294,6,22,1,6,14.97,15.38325
13.26,40.26650246121748,-77.14208933151491,40.28745811914814,-77.09567941190595,5,30,1,0,21.22,26.331149999999976
3.73,40.56007953719485,-118.676073150906,40.60041150436364,-118.6795099890771,19,30,1,0,8.23,10.23735000000001
6.14,37.4759016983255,-83.38395904654323,37.48177746969955,-83.37625372301899,12,1,1,6,14.19,12.969000000000001
7.84,39.175262839892405,-101.45317062285912,39.19160513927569,-101.40940082675849,15,25,1,2,16.12,17.64285
5.84,38.483103778226,-121.10403574550848,38.44441342054256,-121.05481133310438,3,12,1,3,13.51,12.904499999999995
8.87,37.665894275283065,-107.04422103273728,37.64646643149111,-107.02657003417374,14,1,1,6,17.69,18.730749999999993
7.67,37.08784559449642,-79.29547188981233,37.12946555387991,-79.26499751579209,2,9,1,0,17.41,16.876750000000026
5.87,39.40514994194759,-77.31547481907592,39.4000590675905,-77.32550936412176,13,29,1,6,8.71,13.498749999999996
3.58,40.32115372410851,-97.47952630062775,40.276548093152286,-97.50559261444911,14,14,1,5,10.6,10.093
6.17,40.98814590517298,-89.19388315243245,41.03770478617228,-89.1738298654046,4,30,1,0,12.01,14.317650000000008
6.78,40.50247969903519,-113.70076294261806,40.50457789667392,-113.72302784270737,20,2,2,3,18.2,14.091400000000005
13.47,37.04204500208155,-101.78336834296476,37.06512373456483,-101.80248932198514,6,31,1,1,37.23,27.803799999999992
6.78,38.85700307985629,-113.19478160523578,38.86931812494216,-113.2298885274024,23,15,1,6,15.62,14.712200000000005
5.07,39.10399165424529,-103.70359065951396,39.1505674506916,-103.74441732869232,12,10,1,1,8.33,12.647899999999998
1.13,37.51937756238725,-119.90195307604756,37.512939207859525,-119.8922375043508,19,16,1,0,3.76,5.747850000000001
6.31,38.98000152904212,-117.30656476855955,38.995898697607366,-117.25999897060642,1,14,1,5,15.21,14.635899999999994
9.72,40.23396279074784,-93.7145770468151,40.20894789709381,-93.7075304777478,3,7,1,5,25.91,21.976050000000008
12.84,38.88939353424452,-76.33184491072407,38.87853736402569,-76.318820739588,4,16,1,0,24.84,24.594650000000005
6.09,38.699160366162246,-86.96099951814494,38.73478216664955,-86.95829446704448,14,15,1,6,13.94,13.756199999999989
7.33,38.54080442739489,-120.8172108185568,38.50775475905958,-120.85100576972576,0,8,1,6,16.75,16.699250000000003
9.48,39.99745644412849,-91.9810770392474,40.00674069327986,-91.99233252920064,5,4,2,5,21.66,19.94784999999999
6.06,40.233698364760144,-82.17143175128595,40.2309897555108,-82.16366360623351,8,4,1,2,14.56,13.9133
5.87,37.66719048560336,-85.94312955629138,37.68833161303378,-85.91783174377865,12,25,1,2,15.12,14.7301
12.13,40.93665417132785,-99.780500266186,40.95739470091862,-99.82402547084172,3,1,1,6,20.57,25.313100000000013
9.06,39.40827426623841,-87.75537225480545,39.399504371628005,-87.71208722711134,12,21,1,5,23.0,19.23465000000001
6.08,37.744726768167766,-116.94476481347694,37.70774244326296,-116.89866412056524,5,3,1,1,19.19,13.692599999999993
6.25,39.70131482245906,-97.31759435240777,39.69174151260427,-97.30464299382588,3,10,1,1,17.25,13.770199999999996
1.34,40.459591745744746,-75.21371200216969,40.41828026011639,-75.18567365719493,23,21,1,5,6.03,5.941350000000003
13.85,37.216410014907645,-111.58825211657978,37.18931000688451,-111.53924624373096,19,14,1,5,35.3,27.435450000000014
4.85,40.71500323394691,-82.88189509042897,40.725326528628976,-82.85367507052739,18,25,1,2,10.05,12.216199999999997
0.72,38.07236102708848,-88.31742084538219,38.08368657990329,-88.29451264155338,13,26,1,3,4.03,4.477200000000002
11.66,39.891787256193005,-95.45459884553262,39.87137400068978,-95.47891327069924,11,15,1,6,15.71,24.78635
2.39,40.80419056293629,-117.58338370315884,40.76694041977743,-117.54151122130123,12,8,1,6,8.6,6.944549999999998
7.58,38.098154798865856,-79.5965871885623,38.1134007822603,-79.55578098393073,1,2,2,3,14.04,17.312950000000004
5.27,39.165421053305295,-85.00775816018891,39.150461447495225,-85.05213855165557,4,28,1,5,14.67,11.851699999999996
7.05,38.342602735354056,-105.98261551035128,38.38480795117951,-106.01174085388745,22,20,1,4,20.03,15.690349999999999
9.79,39.628038430492126,-104.42198298095288,39.63342779312799,-104.37977856173494,4,30,1,0,18.1,21.221749999999993
8.78,38.76233499222485,-114.9691467124888,38.7123539917793,-114.94510238788176,13,4,2,5,21.39,18.371849999999984
9.45,40.05120246010166,-75.1263389064023,40.02285084884116,-75.13724646544986,20,10,1,1,14.22,19.908450000000002
9.23,40.90004302414358,-83.9360236604077,40.90806671235838,-83.91664066068292,7,13,1,4,25.16,21.399600000000017
8.41,40.60312958652054,-115.91040206332836,40.58512146736161,-115.95311145692006,21,17,1,1,14.46,17.90760000000001
5.54,37.16558731643657,-120.6997098704468,37.197805007847606,-120.65058283202528,20,29,1,6,15.9,13.27255
2.66,40.24623134366618,-114.09809632859134,40.19697203618743,-114.14583189655716,3,16,1,0,8.49,8.313049999999993
5.71,39.56410837404538,-100.16695908874102,39.51641324716492,-100.12752625834553,19,21,1,5,13.61,13.372099999999994
4.81,38.19110128189245,-99.8512184119344,38.145230888430966,-99.81165896711724,12,13,1,4,8.06,11.530949999999995
6.89,40.51953848282849,-114.2941159426888,40.54501045683106,-114.27656886071642,3,24,1,1,16.56,15.438850000000011
9.22,39.000834345009785,-74.30584494942633,38.98346413236737,-74.33776129444536,1,29,1,6,22.6,19.24654999999999
11.93,38.89864858526362,-91.84892068175571,38.9305371113372,-91.8341201318326,13,4,2,5,24.05,25.055600000000045
8.75,40.939530139902296,-89.98651827406574,40.92080960994925,-90.02712539012018,4,4,1,2,22.3,19.33409999999999
3.51,38.96313805337415,-121.10131788981067,38.937622139186495,-121.0802874761085,19,18,1,2,9.75,8.989800000000011
11.29,38.02468463302734,-74.07025233338899,38.01586578650504,-74.02208453215637,18,27,1,4,29.57,25.487649999999995
2.8,39.53661617364492,-113.34877332639418,39.532602667983774,-113.38745063094882,5,20,1,4,5.84,8.97929999999999
6.67,40.13073470520772,-87.76966470063155,40.100009340235054,-87.77319256817918,22,3,1,1,20.35,15.237150000000018
3.14,40.53205082754568,-77.77257241945637,40.544263449054576,-77.74749772438803,14,3,2,4,8.26,8.735849999999994
9.57,38.66897512549671,-86.21164635635705,38.66106730656634,-86.19162455885937,8,29,1,6,22.62,20.777250000000016
8.43,38.75998728902229,-87.11410567866209,38.76958152196356,-87.0882975010675,20,4,1,2,22.87,18.18050000000001
9.43,38.12457816110378,-111.15037165988213,38.12404287756258,-111.11781051852138,0,17,1,1,20.57,21.355849999999997
5.04,39.217321582828944,-74.2906538748505,39.25404613404083,-74.27993648054237,5,31,1,1,12.54,12.47755000000001
7.3,39.46675576917771,-90.47177599369604,39.510320766043904,-90.45952908001452,23,16,1,0,22.22,16.476149999999986
1.76,38.85287957304032,-97.7797250495511,38.80722995318872,-97.76675750664548,15,18,1,2,5.13,6.238750000000007
10.4,40.58078894318584,-82.29193241883526,40.58837527124102,-82.28350224268529,19,15,1,6,19.69,22.303100000000004
8.38,39.80267729548108,-78.83460329794462,39.83830180446542,-78.79892774133599,17,13,1,4,19.99,18.66930000000001
6.78,39.74161012665665,-105.78466606727636,39.77731308403322,-105.8071065471162,18,5,1,3,13.81,14.590199999999992
6.99,38.84573893333285,-103.96047887120828,38.83832216323054,-103.97856906063676,14,25,1,2,14.02,15.983150000000002
3.53,37.2715589287859,-80.37316080692955,37.23162504950652,-80.3880414206213,15,4,1,2,8.2,9.294849999999999
4.51,40.049696269016266,-91.4547495962718,40.0422144332379,-91.4288902710853,16,4,2,5,11.4,10.869100000000012
8.64,38.27559414318755,-110.12748897433612,38.25618576732743,-110.12156160433716,13,28,1,5,13.47,19.335049999999992
8.26,39.06049406282454,-112.74657162127444,39.04617383076296,-112.75898381985436,3,3,2,4,21.6,17.63935
3.52,40.07101941749037,-78.80470281577345,40.02489626669888,-78.8109416252429,5,13,1,4,7.79,10.252900000000004
3.03,39.58643153671949,-82.59988414795279,39.59088219321469,-82.55405668797275,3,24,1,1,7.36,8.518700000000004
0.13,37.01876555203669,-114.61472808268611,37.046730543729886,-114.57572662199672,21,30,1,0,2.23,3.215949999999999
7.09,37.85191356465088,-87.135980517225,37.87929294260618,-87.09654148657192,14,3,1,1,13.35,16.473250000000004
10.11,39.58485814695469,-73.5509701049283,39.56726532243896,-73.59944654499498,20,24,1,1,24.31,19.682200000000016
5.33,40.80754108660835,-107.41509889947322,40.75872217589775,-107.38097429172882,6,5,1,3,10.36,12.739999999999993
11.22,39.370276384007326,-98.9522818282396,39.36074706733668,-98.95291262520468,18,31,1,1,20.75,22.98885000000002
5.44,40.50608658931115,-102.18150731586287,40.53698364523771,-102.21997754142276,13,7,1,5,15.42,12.820549999999995
7.2,39.22656011086272,-106.77493628622322,39.22483243620528,-106.7893300457923,3,3,2,4,17.27,16.83910000000002
2.15,38.85586931010018,-94.74903809726824,38.85267916581026,-94.7705168349796,15,20,1,4,7.62,7.402300000000004
9.43,40.91310227135063,-84.4880658370828,40.94015833723952,-84.48777334429722,20,21,1,5,21.5,20.617850000000004
4.25,40.38857708647704,-99.76414818055817,40.34995921246821,-99.7270707490736,17,9,1,0,11.22,10.619299999999996
6.36,38.53640387458805,-97.1407305302892,38.53292951946825,-97.1364909435368,20,25,1,2,9.01,14.841149999999994
6.84,39.12503472373656,-77.3416269146102,39.10419232794893,-77.33590047927346,8,1,1,6,17.1,16.03564999999999
4.95,37.117456132721465,-99.1189219814047,37.156924190640105,-99.10071710900922,2,4,1,2,12.7,12.748900000000008
10.15,39.45528322669446,-99.87565596023704,39.442424624294645,-99.9011641194202,18,19,1,3,22.97,21.56284999999999
3.7,39.89074591512393,-121.18911965948072,39.909386060622055,-121.204149702387,7,27,1,4,10.6,9.112450000000006
7.85,40.42702718708925,-94.6475159368057,40.37799509611407,-94.63717786909784,11,3,2,4,22.51,17.14869999999999
11.81,40.44431882510658,-110.36052586769094,40.46562874778966,-110.35612468434286,9,29,1,6,16.85,24.699949999999987
3.3,38.38957191220325,-76.29434486548922,38.39957273308873,-76.29017958255021,13,6,1,4,12.34,8.667500000000008
6.75,39.138365194513845,-118.7408000489131,39.149940290535504,-118.72360010719603,10,10,1,1,13.36,16.561650000000018
13.24,39.39549901431317,-94.05535390583348,39.43166332002484,-94.05824668503848,18,31,1,1,29.67,26.354849999999992
5.63,39.72941748906717,-89.1405082055344,39.71463713700189,-89.15683586238085,2,2,1,0,14.07,13.88745
6.4,37.17384336134707,-74.31015860430846,37.20014655145079,-74.28623673338996,17,24,1,1,14.83,15.136299999999983
9.28,37.12969651751342,-76.84956113304877,37.1272921754675,-76.80179445882388,11,24,1,1,14.83,21.203049999999998
5.6,37.22730733924669,-80.21108544727602,37.23646602277009,-80.19079266660933,11,26,1,3,10.43,12.599099999999998
7.23,38.25495951359783,-100.24168998428696,38.239050537302326,-100.2324011643534,23,23,1,0,16.59,16.762250000000005
7.79,40.66724123028976,-101.30461279207552,40.657395645709606,-101.338256032887,14,16,1,0,17.67,17.806450000000005
4.03,37.28903722665837,-100.2071848878202,37.28889298740773,-100.25098446608207,20,9,1,0,8.49,10.046749999999996
9.08,37.80618406939263,-105.78334909742094,37.81952670361934,-105.74816774169156,10,4,1,2,21.61,19.96785000000002
2.94,40.10827007131372,-117.69247414911696,40.13301638668666,-117.64547361842112,4,3,2,4,9.27,9.773000000000001
3.21,38.951666424960735,-121.36602360025472,38.9787679234316,-121.36768576682722,15,19,1,3,10.29,7.74139999999999
0.73,37.539865843283806,-120.90990442750332,37.51987259005048,-120.91127171672936,17,20,1,4,6.41,4.855699999999996
8.02,38.67358062230206,-111.29969777231702,38.64482080611675,-111.28472477458202,23,26,1,3,13.68,16.7455
6.25,37.72933982262842,-114.09699388413728,37.69835518739812,-114.11487685626446,6,20,1,4,12.37,15.454050000000002
4.49,40.79616117493487,-97.20057329301144,40.841258566801145,-97.22656347163748,6,13,1,4,12.21,11.518149999999993
5.39,39.72148538174288,-76.85212338994548,39.67252432075726,-76.85118339045616,14,22,1,6,17.62,12.863899999999992
8.21,40.19907475143665,-116.0296191760585,40.23987504615127,-116.0738443308001,11,13,1,4,19.98,18.718949999999985
9.23,37.26312661376854,-112.585077595131,37.21744280968669,-112.59225337818162,19,7,1,5,23.41,18.935400000000016
7.6,38.94861886188031,-79.96818020681715,38.92217710943269,-79.97098822541064,3,15,1,6,16.45,17.107750000000014
14.75,37.00723883751837,-110.09754530687556,37.0176435361544,-110.12000116321148,16,24,1,1,28.2,33.05509999999997
8.56,37.46308608534586,-73.52513277727977,37.43598584479185,-73.48972415632616,4,16,1,0,20.81,18.91834999999999
9.55,39.41314534659301,-96.32956986734249,39.44633648837557,-96.33366826781273,7,18,1,2,25.58,21.248750000000005
5.03,38.879056565770114,-73.00469290469519,38.84851784799092,-73.05285950621247,11,4,2,5,16.2,12.34300000000001
2.39,40.082224921594864,-76.33669695088525,40.12973610572041,-76.28804643952091,2,8,1,6,7.71,6.9719500000000005
5.91,39.27707698319765,-92.5242761923102,39.31206214704774,-92.48998884949218,14,25,1,2,9.51,13.726250000000004
4.2,37.32772833185764,-119.15842197858544,37.278414878849446,-119.16370570772804,8,17,1,1,9.62,10.575049999999992
7.52,39.61526986921292,-111.04344473722124,39.63307335847898,-111.0425701334464,22,9,1,0,20.39,16.68125
11.74,38.02758504681423,-100.47852491330104,38.06887253502179,-100.46662941464704,4,8,1,6,21.32,22.93275000000001
8.05,39.13148778428698,-111.46935446955304,39.10009338468052,-111.48667351181612,19,25,1,2,13.07,16.735749999999996
2.2,38.96548733609664,-84.27404797020134,38.94118432257022,-84.23101361493028,8,2,1,0,7.57,7.814549999999998
1.51,40.855444960076966,-86.02052789160354,40.89955551092381,-85.99792316239105,0,30,1,0,4.94,5.577399999999999
9.11,39.93421270701479,-79.09398282691662,39.93463483459704,-79.0937767037757,21,3,2,4,16.61,22.12090000000001
11.28,38.41032998515751,-80.37338058969527,38.44669799025171,-80.34738045342759,7,3,2,4,24.3,23.436400000000006
2.92,37.48016147829057,-79.17089731079517,37.51291071680626,-79.16754754548293,12,23,1,0,10.58,8.615250000000001
11.42,37.99364672354508,-75.39461441703111,38.02849128823837,-75.41089093789284,23,7,1,5,29.87,23.763650000000005
7.31,37.05140862426496,-112.82993434596128,37.05826404412876,-112.841988218716,6,20,1,4,16.96,16.030050000000003
2.14,40.96094305552746,-75.6643436829298,41.00079353189251,-75.6373915145152,21,11,1,2,6.1,7.429049999999998
14.33,38.9422958649448,-104.67728500749288,38.99083316654002,-104.7094325594219,21,24,1,1,22.48,29.203300000000016
7.06,37.78137476178115,-104.6325721641358,37.826064377986775,-104.6463745242044,18,23,1,0,13.34,14.843399999999997
6.06,37.77189263261794,-106.71068772748347,37.76303124400432,-106.67955643787988,15,19,1,3,16.89,14.037149999999997
4.39,39.733142381014254,-115.0890613164474,39.77238460126491,-115.05913981139378,3,12,1,3,9.39,11.629250000000004
10.23,40.91845586296255,-76.0122416262825,40.87600374191754,-75.996256787763,12,26,1,3,23.17,23.675699999999996
10.01,38.65347748962344,-102.19323333068714,38.66559614887646,-102.14576930079774,0,21,1,5,27.28,21.09855000000001
6.86,38.993825952259975,-104.40894463324943,38.99475257140687,-104.39552869701927,7,22,1,6,10.11,16.62245
3.06,37.873690177520814,-81.02502606054122,37.87696230141814,-80.97701548761401,15,15,1,6,8.16,8.566199999999997
11.7,37.53214883708818,-106.99963101360412,37.50404174133246,-106.98079062027678,10,2,2,3,18.85,22.871050000000018
11.03,37.70612887205712,-105.44924422248772,37.718758641850194,-105.43262737605916,20,24,1,1,18.79,23.982000000000006
7.51,37.45558718432267,-86.56508778315609,37.434144639453294,-86.55164604391442,12,12,1,3,18.57,17.038400000000024
10.66,37.37472560269318,-110.02214106615494,37.38068638874261,-110.00560657198878,0,18,1,2,24.97,22.905549999999995
4.71,40.47270173786273,-105.41443680143664,40.47010438803147,-105.3776885703306,22,6,1,4,9.31,11.3511
5.16,40.76944592489108,-115.9228101676635,40.807239030819616,-115.90158917118588,4,15,1,6,16.03,12.730349999999994
13.94,37.78634722352682,-95.83074018925342,37.7940622079583,-95.84723006543383,3,3,1,1,26.75,27.436000000000003
11.51,38.58392843101057,-105.39215101006728,38.54105073690423,-105.41783926303472,2,8,1,6,29.33,23.709899999999983
3.84,39.669827772294106,-120.4225025933424,39.71314551943578,-120.4226537791998,6,23,1,0,12.33,10.057099999999988
12.09,40.91084395054893,-105.41206683282302,40.955671745956586,-105.40624207186586,1,4,1,2,29.65,25.59935000000001
5.67,38.52158188700184,-94.33964659765446,38.51912425019493,-94.30598560414808,15,23,1,0,17.32,13.792549999999991
3.35,38.59541967137328,-79.5242376672529,38.546700469848815,-79.53656968950949,17,14,1,5,10.02,9.31770000000001
3.2,39.62969531006705,-114.20111342709312,39.66396504416315,-114.23976874654308,7,26,1,3,10.05,8.843949999999996
8.7,39.50769259932318,-101.2932999494737,39.53286562350338,-101.30901631718412,22,26,1,3,15.37,19.67735
3.74,39.49962266202961,-89.65976886666525,39.53779574085477,-89.64932438513381,12,3,1,1,9.84,10.120149999999999
5.36,37.51432641357578,-106.26762010466484,37.51115258929213,-106.22612823404526,0,20,1,4,14.78,13.563950000000002
6.88,40.96728035973506,-84.68774536662255,40.94938457404012,-84.64737296943757,11,25,1,2,9.9,16.028299999999994
6.38,37.267688445734485,-86.68090892849503,37.23897293537965,-86.69449836483076,6,11,1,2,13.9,15.161000000000007
8.66,40.207382473981625,-111.41551305929752,40.157542938646245,-111.45669331381936,21,2,2,3,17.85,19.696900000000014
7.22,38.26571001033832,-120.39345094643927,38.30846986045992,-120.42648031722784,20,17,1,1,16.21,16.67725
1.78,39.01272636035986,-82.97752205439181,39.02695714887756,-82.97852836197836,22,28,1,5,6.3,6.0394999999999985
7.89,37.45653959354064,-108.2949739714707,37.47873877421837,-108.27156560670504,14,14,1,5,12.93,16.84474999999999
8.18,37.8221353135381,-98.76038518093958,37.84384061364679,-98.74182713561792,20,21,1,5,13.75,17.981800000000007
7.78,40.36918586427896,-96.13944953104506,40.37516370859275,-96.14392743410208,14,28,1,5,22.4,18.513549999999988
3.57,38.97932644543421,-78.77495618141306,39.0040867482674,-78.73767172981013,23,19,1,3,11.37,9.642699999999996
6.06,39.55327073078434,-98.26909664371072,39.55816096575765,-98.29749799828434,4,6,1,4,14.95,14.679050000000016
11.14,39.20889106888663,-76.4809455041131,39.24392927848448,-76.4719960374465,9,31,1,1,29.01,22.60205
6.92,38.52884294119878,-76.64793523572699,38.49105110809054,-76.62203000723643,1,24,1,1,18.1,16.450099999999985
6.94,38.02577866464595,-101.05650184437334,37.990598323586745,-101.05117676150836,20,31,1,1,18.01,16.4575
3.26,38.59078743609512,-97.50487530185458,38.57469158743424,-97.46884016670336,0,14,1,5,10.72,8.947450000000002
6.91,37.50704485292791,-81.20089890026031,37.48330358625842,-81.1790344782992,5,26,1,3,17.91,15.774799999999994
8.99,39.567161784164,-118.60189787860702,39.5555723485482,-118.56925983773434,22,10,1,1,16.48,20.43765000000003
8.34,40.29365765047504,-86.08920568720393,40.30616099592012,-86.04405228340589,5,25,1,2,18.18,20.03715
9.26,40.3808747822989,-100.29706194061674,40.422283537369445,-100.34623262742556,1,8,1,6,19.17,17.834550000000014
8.03,38.872741666824425,-98.89221828759986,38.90496813238187,-98.86559214118957,16,28,1,5,20.61,17.754299999999997
2.46,40.76576873580626,-114.861610780675,40.731975376779054,-114.8969919963332,0,15,1,6,5.61,6.726499999999995
1.15,40.35314540235223,-73.67556862242908,40.34255124062805,-73.70763632900845,23,1,1,6,5.0,5.335549999999999
8.44,37.10566120481584,-75.62344318032838,37.07592112272486,-75.64713869947981,18,17,1,1,22.64,18.40370000000002
7.27,38.38911382796034,-96.08229149997598,38.42277708927544,-96.05695243134146,11,15,1,6,18.33,14.724799999999998
8.52,37.89948180765332,-78.62970299110972,37.93438954263109,-78.66826613422889,6,6,1,4,23.32,18.708099999999995
8.29,37.455888906421656,-76.00126577464727,37.4267915359408,-75.98011917985286,10,25,1,2,16.64,18.494650000000032
10.47,38.455110786895546,-110.50898033850244,38.4891660943458,-110.55678783233036,0,17,1,1,27.53,23.89034999999998
6.23,39.76384760203699,-87.41115138513618,39.78757837779326,-87.4276531017078,23,15,1,6,12.23,13.648649999999993
9.96,37.24639084572458,-89.42176602629608,37.247237236606544,-89.44746482781979,4,13,1,4,23.74,22.51389999999999
5.01,38.07872377092663,-111.8164897164242,38.114364147941664,-111.79823350831006,3,21,1,5,9.99,12.205700000000002
8.69,38.48721457606718,-102.7300062896283,38.453202566128496,-102.72276449610888,12,1,1,6,15.45,19.053300000000007
6.43,38.78004892091261,-107.71126130072012,38.81864614519484,-107.70416997675436,0,26,1,3,16.7,15.077600000000007
6.88,39.09581014762793,-90.9052820730526,39.0939884289061,-90.88684243897436,16,27,1,4,16.22,15.881550000000006
6.26,37.77562147865963,-75.6321688845276,37.7859687104067,-75.6372846033793,23,31,1,1,16.69,14.756750000000011
11.56,38.5857732959339,-76.17243343355918,38.60053240271321,-76.18013493493264,17,19,1,3,30.07,24.892699999999994
3.59,39.66466796890437,-118.94150378956373,39.629937474836005,-118.93250322821802,15,29,1,6,10.3,8.657200000000003
9.18,38.46505965666296,-103.30434403763944,38.4721453011616,-103.3186899356365,15,2,1,0,20.23,20.40669999999999
8.63,38.21262702336317,-107.16000450892214,38.21823518227367,-107.1845209249458,21,30,1,0,22.17,18.398550000000018
5.21,40.1102120471472,-98.11705509018368,40.14293097897589,-98.11707828905736,14,13,1,4,13.58,12.412149999999992
9.66,37.61876007669719,-75.26861049711462,37.59413539089228,-75.24680609770795,17,10,1,1,13.59,21.456349999999997
9.18,37.71029101242989,-76.78393119690726,37.7016341942796,-76.7812423450237,20,18,1,2,21.08,20.826949999999975
7.57,40.409889489268295,-118.07535389001404,40.376963487173846,-118.0645144185395,6,19,1,3,14.14,16.465150000000005
4.68,40.51486097912174,-84.52284769400612,40.52875605940097,-84.50110764331347,5,8,1,6,14.77,11.723450000000005
8.09,37.15164807441782,-78.55700251607924,37.12801139662586,-78.52783097943455,15,4,1,2,20.94,17.1299
9.37,39.27876504228912,-117.3436217137432,39.313591536256105,-117.3083170332063,17,29,1,6,26.06,20.777850000000004
6.4,38.35994997744739,-112.80471061938692,38.35592421388832,-112.80697473202962,18,11,1,2,15.75,14.105500000000001
4.71,37.37810684092359,-109.1020006359118,37.38726755600825,-109.08734170338754,7,1,1,6,11.27,10.96749999999999
5.17,37.27043152174723,-97.85852743330771,37.266377920186976,-97.86032949027316,21,30,1,0,11.69,12.973249999999997
4.93,40.29880966558316,-117.23331695156809,40.3017611768427,-117.26073949275468,22,27,1,4,11.0,11.678149999999995
5.78,37.570772148688576,-85.90952873570052,37.59402017789751,-85.89963730622469,19,28,1,5,12.98,14.436299999999983
6.0,37.2442432902183,-92.04002424178567,37.257386610817846,-92.03752730449808,0,17,1,1,16.11,13.720599999999997
10.8,38.05576174177072,-120.8747521229616,38.0060253728831,-120.86920391679983,22,7,1,5,18.5,22.859249999999996
5.47,37.89700251752146,-104.94885527697708,37.85272055138007,-104.97323077667234,2,11,1,2,11.82,12.836100000000002
6.67,40.47941527551083,-98.5266979077912,40.47922880466423,-98.5614365344108,15,4,2,5,16.35,16.0524
3.63,40.80278812284684,-85.33591320321003,40.82961084051139,-85.37431542267362,22,21,1,5,9.75,9.938949999999998
5.31,39.31851240643408,-83.1182180402902,39.34562891458923,-83.15454797901516,10,29,1,6,10.42,12.578999999999999
7.87,40.39626298747549,-116.2086819506628,40.35531769970572,-116.22611243745776,9,11,1,2,12.99,16.710650000000008
3.46,38.40166622124722,-84.56865215482574,38.43205270123736,-84.52759831597095,23,6,1,4,10.07,9.810149999999995
8.63,40.39011947305397,-114.85850461751112,40.40276632196293,-114.81425610673182,23,23,1,0,21.28,19.82785000000001
3.15,37.72928090424801,-101.66541301665086,37.7788706154835,-101.61823797709764,14,6,1,4,8.99,9.23359999999999
5.13,38.46790679711867,-119.19989630425884,38.49536852639398,-119.21473825873468,1,10,1,1,11.04,12.835549999999998
8.47,38.49053100055243,-78.15355363875813,38.510654235759176,-78.12958905116881,20,18,1,2,19.88,17.75250000000001
9.92,39.03259908577678,-120.6438801224348,38.985009979491856,-120.64897521054088,11,8,1,6,15.7,20.67650000000002
2.78,38.6947135636849,-101.63802285100262,38.67460679980172,-101.63813389743557,2,9,1,0,7.34,8.826349999999994
2.02,37.0337254216732,-110.62605812908848,37.02864971517207,-110.65416192807142,11,10,1,1,4.64,6.590649999999999
7.39,37.5970140372714,-93.21110422483832,37.55730059350225,-93.1692072113199,15,16,1,0,17.8,15.806500000000002
4.72,38.84965767251196,-107.40645398794835,38.87828015881828,-107.40379854778216,12,31,1,1,13.7,11.8701
6.98,37.62762172683495,-100.13148494340732,37.66579683550048,-100.13903919104156,3,27,1,4,13.22,17.53630000000001
7.24,37.337469400752695,-108.45247657656344,37.34417543422215,-108.42591297836626,0,1,2,2,18.76,17.474400000000003
3.72,37.5029826854996,-112.94728283298436,37.46818241766744,-112.98927578720816,1,2,1,0,9.31,10.260250000000003
3.04,37.7539702521226,-74.72166640454121,37.77710010611727,-74.7213420790947,10,28,1,5,7.97,9.288149999999991
7.59,37.16466222290781,-73.68414907805555,37.16472768508344,-73.73383804789376,0,1,2,2,14.94,17.08980000000001
0.21,39.54137980116217,-77.17289753312295,39.5905278691804,-77.13103561811492,8,16,1,0,4.38,3.678800000000001
4.79,40.55637686494477,-112.58281425798992,40.565157884878346,-112.60676294503509,1,24,1,1,13.68,12.59085
7.18,39.68865623048568,-79.96103893612414,39.72473280929366,-80.0032712206393,20,4,1,2,14.72,16.410500000000003
4.11,39.4837464339388,-106.64349823315762,39.45015235635394,-106.68209679292092,7,11,1,2,12.14,10.715249999999996
8.42,37.62063321322541,-100.55043644088892,37.64507629166354,-100.57866075462552,11,7,1,5,22.07,19.76914999999999
10.75,37.58048490246397,-111.02437918709349,37.56538405305273,-111.05574869326487,4,13,1,4,20.89,23.276650000000014
8.35,39.52940714046714,-104.63466137259196,39.53128531407642,-104.61212559998091,1,23,1,0,16.44,19.098750000000003
9.18,38.41880544553323,-98.94398761787464,38.46625444956802,-98.9388058512487,9,16,1,0,24.65,21.190899999999992
10.98,37.57376153752049,-114.46611431396332,37.598982413708846,-114.50894072296708,17,2,1,0,21.79,23.506299999999996
7.17,37.5571230155448,-96.65605201370768,37.56226724340899,-96.67284011887304,3,12,1,3,17.48,15.257549999999988
11.66,38.39830860483107,-121.05725482532743,38.38116544345249,-121.02680356523622,3,25,1,2,28.23,24.51905000000001
9.94,38.60121802368552,-113.42378224827344,38.62668024680228,-113.42710524964762,2,2,2,3,19.89,20.708000000000002
4.71,39.43424625187996,-86.05362657053311,39.40726311183538,-86.00453391684306,22,26,1,3,7.9,12.206899999999996
5.01,39.51520804047642,-79.70896601749149,39.51717729850272,-79.68821256907756,0,18,1,2,8.37,12.619999999999997
10.84,39.48461595068786,-101.83339485567694,39.5310281624456,-101.83417677777608,21,28,1,5,20.23,22.421300000000016
7.23,38.07938291406954,-103.2683153357678,38.07684584250866,-103.2298319896468,7,14,1,5,14.6,15.72010000000001
4.55,37.146912441100746,-101.41429016627492,37.1221849175324,-101.42587834405752,1,3,2,4,12.15,11.172599999999997
5.81,40.51510879875519,-113.4965338718508,40.518786627000615,-113.49787796941162,7,17,1,1,12.19,13.604849999999999
8.17,37.317461980034686,-96.38760457503142,37.35814585187589,-96.37981203278602,18,5,1,3,15.13,16.981100000000005
10.08,38.41658128938826,-106.05589495018144,38.38257050948709,-106.068328968263,9,6,1,4,25.79,22.12894999999999
7.53,38.30342046876782,-103.9542737874841,38.30397020528824,-103.97471893385958,21,31,1,1,14.77,16.471550000000004
6.72,39.42873536102724,-102.13138335072496,39.41844598611994,-102.16158535522094,16,3,2,4,13.62,14.913849999999975
4.79,39.07543260805001,-117.52818847086242,39.02797264106965,-117.55204236808224,21,10,1,1,11.04,12.06535
5.74,37.613176777410345,-105.0407096655924,37.58903238369618,-105.07967248303848,8,10,1,1,11.9,14.191349999999991
9.39,40.51248235696375,-76.88491261077176,40.50576254727505,-76.87998411939441,18,4,1,2,26.51,20.885250000000013
4.53,38.57322207206391,-119.27085429305296,38.550134196244784,-119.31000495307386,4,4,2,5,13.69,10.968049999999996
4.78,39.046856191186144,-80.33528995950044,39.00001497880418,-80.32678928755685,5,4,1,2,11.75,12.117499999999986
3.93,39.96731301344988,-119.54601153613076,39.993435867316926,-119.53580075730343,3,27,1,4,13.84,9.711199999999996
10.53,40.07531037173636,-95.27609337250982,40.06821209687565,-95.26665881978931,14,21,1,5,25.87,22.45545
7.57,37.69869676081268,-104.02669042865227,37.70085502195054,-104.02311764279892,8,1,1,6,14.56,18.177
6.3,40.3608406677216,-120.3249436149326,40.3371667752446,-120.345997621366,6,2,2,3,9.02,14.762600000000013
6.6,39.55415311044713,-91.05576815414706,39.58323852530755,-91.0621648669965,3,11,1,2,13.81,15.232949999999999
11.71,37.35847424598808,-103.29087906972512,37.367276028882856,-103.29815547259882,2,30,1,0,21.45,23.886350000000036
9.66,38.1903047227535,-74.9874018153291,38.23058478661592,-74.9949394172258,18,18,1,2,24.38,21.106249999999996
7.07,37.0538763872408,-121.897042054539,37.06312811076449,-121.86378375339488,21,23,1,0,17.95,16.569800000000004
7.74,37.4839551946783,-77.69460683624142,37.505448490786605,-77.7264516017126,3,29,1,6,14.44,17.17380000000001
6.4,39.61528298241818,-106.19153331389286,39.61795848871006,-106.18771721234374,0,2,1,0,18.1,14.064099999999996
7.59,39.105329353077686,-102.64447305569192,39.14537526230788,-102.63745574769789,2,3,1,1,11.33,16.2125
6.87,38.89148388104405,-93.35618290782956,38.92323125051002,-93.40042006969269,2,10,1,1,12.73,16.0334
5.14,39.17638027369788,-121.9953038477396,39.150553244872974,-122.0179531752038,2,19,1,3,12.56,11.647100000000005
6.52,38.91471950313444,-99.23524593413718,38.86717247962549,-99.20891520137748,3,2,1,0,10.15,15.687149999999995
6.47,37.59735546539794,-102.22353480794168,37.639125803403445,-102.2630763856464,13,19,1,3,19.77,14.756749999999995
5.47,37.29255123411181,-116.06861395570624,37.27791308666991,-116.03681264825572,5,9,1,0,11.3,12.734399999999988
7.12,39.92258033139697,-107.67062519879414,39.9126601434539,-107.6617091980735,6,16,1,0,17.16,16.9424
4.77,40.11342733574788,-86.82264594552917,40.1234983755701,-86.810995029251,18,30,1,0,14.4,11.993150000000005
4.6,37.882933701960205,-79.92553323436516,37.8680430804406,-79.96471727559052,3,16,1,0,12.69,10.517450000000002
5.68,39.11572163677886,-84.99819479298804,39.15013857198395,-84.96221748726664,1,3,1,1,10.99,14.05405
7.59,40.383989151728045,-76.21969994761433,40.37923453384034,-76.24430176396488,6,8,1,6,21.32,17.141449999999992
9.02,39.28246687221676,-121.7685232089163,39.31851473680148,-121.74409144735397,16,31,1,1,25.45,18.574950000000005
5.51,39.8365580323535,-109.58850452812386,39.83530057824024,-109.61259796009278,20,22,1,6,14.71,12.907949999999989
4.35,37.23779139182871,-115.64225034671756,37.26815615765135,-115.66440420221252,11,18,1,2,9.98,11.283350000000002
7.97,38.91878628370132,-113.7983617520492,38.96494236443959,-113.78056876300636,4,16,1,0,23.55,15.2528
7.1,37.40361521996691,-99.39363334825032,37.3721900023519,-99.38938198276736,12,19,1,3,13.32,16.39685000000001
5.92,40.16482058329783,-80.68399813295032,40.14315896642871,-80.65738414450793,20,6,1,4,11.54,14.937850000000005
7.1,38.16941329065868,-84.98737671422901,38.123248904335846,-85.00071396171968,15,1,2,2,13.43,16.239000000000008
7.66,38.45795487604787,-112.5565713269615,38.50133495424045,-112.57027758177054,6,12,1,3,14.49,17.551799999999986
6.13,38.78159927428512,-89.86098721450728,38.77523686927027,-89.81930926481807,15,2,1,0,12.9,14.822349999999998
3.43,37.92925847974854,-112.06924615987369,37.95292106762526,-112.07976798675293,10,19,1,3,11.5,9.397149999999998
2.92,39.67908219658835,-96.84848712021264,39.72803746160511,-96.85913359715904,2,31,1,1,8.84,7.552950000000011
6.55,38.95119621999767,-91.46517750824128,38.99071948803893,-91.41737427346108,18,1,1,6,11.67,15.794550000000005
6.75,37.72904350376128,-75.99031079348438,37.74504665342501,-75.97540459149238,10,4,1,2,12.91,16.491099999999996
0.84,37.58563282330761,-73.22470296897606,37.576339024832606,-73.23390910731793,23,17,1,1,5.68,5.067099999999996
5.37,37.75139253515672,-109.17826085477462,37.79545461338581,-109.14779100147138,15,25,1,2,13.3,12.057950000000007
8.11,38.6830936500158,-114.5506334801334,38.70343137773927,-114.53096001789392,11,10,1,1,17.56,18.61734999999999
10.02,39.583419074236936,-95.6701297277498,39.54725869222688,-95.63311456433128,0,12,1,3,19.43,20.85704999999999
8.16,40.54185696208798,-103.97584389409091,40.56187278160456,-104.01816484235644,15,7,1,5,22.77,19.436450000000008
8.38,37.68285398466337,-118.2486894950538,37.710296719540274,-118.23882672158923,15,11,1,2,15.56,19.73404999999999
3.71,38.41693740369817,-90.2523522363376,38.42186453805581,-90.28603493674748,9,3,2,4,6.16,9.380049999999997
6.93,39.69287445526406,-118.82462174762804,39.73692314002528,-118.8409768934186,3,1,2,2,12.14,16.251450000000006
8.74,38.867075292013055,-107.37551002792374,38.83780193671676,-107.33461874043314,0,24,1,1,24.97,19.880450000000017
10.26,39.75283590106082,-111.75349355060922,39.75599823903116,-111.73645353300648,0,20,1,4,26.18,22.296249999999976
5.31,37.63300502280503,-121.91778980615014,37.601323856844864,-121.9506994164542,4,17,1,1,11.68,11.994699999999991
3.52,39.30206562601436,-91.13778298746614,39.33719822646985,-91.1135388591572,0,12,1,3,11.25,9.712900000000001
10.53,37.3436300551813,-87.4885266704359,37.39009487129829,-87.46188046856929,3,4,1,2,22.66,22.77150000000001
9.18,38.43362162786201,-86.61415013418323,38.39916791870368,-86.59179701573682,13,4,1,2,22.86,20.245999999999995
11.97,39.01624100584688,-100.8983403753284,38.969768963785405,-100.85356790194622,21,13,1,4,26.36,25.68705000000001
14.87,38.24498743061791,-97.46792446670332,38.25807850208578,-97.48237447728758,0,3,2,4,29.4,31.11959999999998
8.21,38.76741792660453,-98.69613636680462,38.803886502706845,-98.7193352180034,15,29,1,6,16.03,18.574700000000004
9.23,40.26137582355366,-121.13019023632518,40.27253242385209,-121.13126726418764,22,7,1,5,20.29,19.58684999999999
6.83,39.90861236172693,-93.55841005246371,39.89804344960493,-93.5429191091663,19,18,1,2,13.14,14.604799999999988
5.53,40.43188379573462,-90.27969188748878,40.44590689117679,-90.29685840116376,19,20,1,4,12.67,13.271499999999994
7.57,38.3372267900758,-74.68256086962379,38.30535775652047,-74.72047318178703,6,28,1,5,17.68,17.860549999999982
6.61,40.63569649542893,-110.02281189647192,40.60636054128414,-110.06107142409384,12,1,1,6,13.58,15.342700000000004
7.35,40.10607657076544,-120.1347879660468,40.10771290063523,-120.09587806253523,21,23,1,0,20.67,16.41049999999999
7.01,40.45715733576735,-78.63951721256842,40.45458796220893,-78.59181181715489,5,24,1,1,19.2,15.437999999999995
5.9,40.13492175788142,-97.55451291013333,40.1743115195002,-97.51082379198029,10,16,1,0,10.46,14.323049999999991
5.72,39.08949112216454,-81.38416243678759,39.09742655382585,-81.37591536380383,12,3,1,1,10.73,13.64894999999999
4.56,37.98284474168037,-98.6924260563236,37.957941223243694,-98.6771304233406,19,9,1,0,13.97,10.80375
5.07,38.23194711127208,-78.46420848567982,38.18810225923583,-78.4599246932022,23,13,1,4,13.19,11.934699999999996
13.01,37.89315843484258,-76.45832471625712,37.85722520186941,-76.50385380129667,14,2,1,0,28.78,29.57519999999998
5.83,39.69913727760942,-93.60886815929076,39.704393248797714,-93.58356392169044,1,4,2,5,12.27,12.76579999999999
7.69,39.00629774938154,-81.90039615451607,38.95723693310101,-81.88558176029204,2,28,1,5,20.99,18.038750000000014
7.22,37.08250664616995,-92.5155801816336,37.0394361479561,-92.51550004422994,0,20,1,4,20.47,16.54639999999999
5.5,40.90680624583409,-106.92079508229384,40.94044116485421,-106.9079190850816,9,17,1,1,15.5,12.130499999999998
2.14,37.265512720279055,-81.69419537044689,37.25829796350657,-81.70943332094816,17,22,1,6,7.75,7.341550000000003
1.93,37.33460801670787,-102.58134030498456,37.37901209561789,-102.5935547671432,8,19,1,3,8.77,6.2754999999999965
4.14,38.112818693263854,-93.21810606384037,38.090091397715874,-93.25315689411046,18,1,1,6,12.76,10.045300000000003
9.93,40.464862785969,-112.40013592374794,40.46074407548805,-112.41647413991596,7,15,1,6,24.21,21.10499999999999
7.23,38.04768501591512,-121.78924470701972,38.07725554795631,-121.74757311331696,14,29,1,6,11.26,18.683500000000006
7.25,39.40829439741522,-91.27640322674058,39.44412411797379,-91.3062866800002,18,10,1,1,15.07,16.38939999999999
12.97,38.96816729618634,-82.74645178005186,38.97783382362643,-82.74702925750665,15,10,1,1,26.13,28.5203
5.06,39.27569045374096,-94.92983529845424,39.27485902342202,-94.94881396179136,21,2,2,3,10.23,12.158050000000008
13.01,39.28712912862549,-77.77408006308158,39.336822843487326,-77.82088542011816,9,19,1,3,33.71,28.396699999999974
6.47,37.18439388474016,-112.60056182928416,37.13618700950367,-112.6105281466762,18,10,1,1,15.34,14.714650000000008
4.7,38.48560381111357,-93.33397491951824,38.46635274308949,-93.3550749044067,18,22,1,6,10.39,11.670899999999996
3.56,38.19923956908132,-117.06713152752914,38.19620008800588,-117.02624630171034,20,25,1,2,7.66,8.907800000000009
1.21,37.22958454485123,-77.00694291688893,37.21239326051221,-77.02769568532162,3,9,1,0,5.44,5.808899999999993
9.94,40.49969867298269,-114.85197798251224,40.46221716152053,-114.8625079179924,16,23,1,0,22.36,20.702699999999968
3.69,37.17069044138431,-110.5862290742966,37.12391605617657,-110.59179903266345,0,1,1,6,8.58,10.394049999999995
3.67,38.32353996665075,-91.86197134037292,38.30583209924957,-91.85484403141008,6,23,1,0,6.41,10.120900000000006
5.06,37.858178773703365,-109.04445502189252,37.86846050792556,-109.00441216091896,5,23,1,0,13.85,12.830600000000013
5.49,37.77733205818552,-116.08988547603532,37.73842115358842,-116.06641806259978,15,31,1,1,16.55,13.242150000000002
3.11,40.25529228698396,-104.62773359379406,40.30177594461798,-104.63371062627894,2,6,1,4,8.67,8.82675000000001
7.17,39.909951081656125,-81.19007829388755,39.87262816347664,-81.16857449281146,18,26,1,3,22.15,16.1577
7.63,39.06620638298948,-101.43917965322048,39.0890122807813,-101.42898519227926,9,4,1,2,14.65,18.031949999999988
5.41,37.95992339680138,-74.83473198044649,37.92075724240599,-74.85111507680054,8,1,2,2,14.54,13.159950000000013
4.35,40.22684304253611,-86.18849735685043,40.182380604216746,-86.14368469968741,5,25,1,2,10.66,11.089250000000002
4.56,39.8226253639333,-121.65597040883932,39.84335178090234,-121.64638181702084,15,28,1,5,7.01,12.163850000000018
9.48,37.93368649928201,-106.1491284902526,37.8963802931031,-106.19442786274593,12,4,2,5,23.5,19.66644999999999
7.63,37.50717018241898,-80.90590997997978,37.48027395409271,-80.88766095175967,0,14,1,5,19.3,16.516000000000012
4.68,37.72228434214466,-96.22113941501593,37.69328020269069,-96.19079877343634,13,9,1,0,13.0,11.543799999999997
9.91,38.10935128249295,-79.95199355316066,38.10271047899679,-79.9142076552535,8,8,1,6,20.45,22.093500000000013
5.81,38.22055623387531,-97.3093435965825,38.22874244718789,-97.26047995357987,4,17,1,1,15.19,13.5448
6.16,37.79835312206927,-88.14704749385015,37.7553737395784,-88.18458103300843,23,24,1,1,18.72,15.450099999999997
4.97,39.24844221091287,-108.47037409348046,39.26240382083322,-108.46055467506557,10,1,2,2,15.49,11.7546
5.67,37.92422859706767,-78.58835520290735,37.96991433430128,-78.58883425235271,1,4,1,2,15.66,12.974749999999998
9.58,37.743111911959616,-87.97479228061904,37.73634599388972,-87.94319427077257,4,2,2,3,21.62,20.049599999999995
6.97,40.11975117133144,-95.61335003565031,40.07682912449623,-95.59468918355029,13,1,2,2,17.29,16.76915000000001
4.39,40.58841589862965,-94.6793945325439,40.55766353815022,-94.6711609921606,19,6,1,4,11.22,12.02135
5.86,40.78591062952653,-102.3300360512121,40.78721413310918,-102.34630250130527,14,17,1,1,12.23,13.741199999999994
3.87,40.27680506541738,-88.90114308182203,40.29329733821529,-88.92173055733623,7,1,1,6,11.09,9.667550000000006
2.66,37.72590764797182,-97.53617233431038,37.70752503826605,-97.5272769664291,9,17,1,1,8.27,8.362599999999999
6.58,40.47394327355713,-98.89161718242856,40.45584527067785,-98.87921410442848,0,9,1,0,10.23,15.530500000000025
7.13,38.74774618978297,-121.41244877781476,38.70242898792751,-121.37145105141644,11,2,1,0,12.41,17.520200000000013
9.17,37.20651712500286,-97.43290041165184,37.179137039801184,-97.44259278850004,11,26,1,3,18.16,20.971799999999977
12.9,37.94642627356557,-106.15169416928896,37.91743604729549,-106.10675118279605,18,2,1,0,21.56,26.797600000000006
5.73,37.00225427067976,-75.89439674134864,37.03258605768515,-75.87506376197005,2,1,2,2,14.51,13.898899999999987
6.71,37.93676952920446,-82.00859917597079,37.90845941626053,-81.9890896967137,7,24,1,1,13.78,15.86235000000001
3.88,38.62386973029404,-85.46919080115772,38.669717088496775,-85.4352461779257,15,15,1,6,12.96,10.5317
5.44,40.04589822431279,-98.01531372110888,40.006812039449706,-98.06416451424714,7,23,1,0,15.8,12.893550000000007
8.37,38.26068907847031,-77.61749866413064,38.24470977271256,-77.65260252518254,12,20,1,4,18.46,18.1203
7.14,40.80150838520345,-75.2635936456806,40.79141383165551,-75.28955484475524,14,3,2,4,14.63,16.381700000000002
12.11,38.28319250453927,-77.08404610814317,38.30500105926548,-77.0997014047975,16,3,2,4,22.35,25.11235000000001
3.44,39.27980487564582,-97.56838069355028,39.2716383420882,-97.51956814507628,13,8,1,6,7.85,9.604749999999994
8.21,39.33195165505523,-116.41876883442352,39.35127565671606,-116.37029421304167,10,2,1,0,22.9,18.254349999999974
6.76,40.39087964149933,-101.99932285046393,40.34939641741428,-101.97441900116414,5,6,1,4,13.03,14.26270000000001
7.37,39.69959152258076,-117.7815133701984,39.679709273609085,-117.81131992673782,7,11,1,2,18.62,16.178350000000002
5.97,40.81135019679219,-74.8824180936835,40.823315441208265,-74.84115513154265,21,3,2,4,11.81,14.889199999999992
6.51,40.83845508438148,-107.53439080887485,40.81423409954865,-107.51957102937727,7,4,1,2,19.39,14.933750000000009
4.6,38.84425923239004,-94.2915922075132,38.79886810833755,-94.25981373983755,4,23,1,0,11.68,11.455749999999997
5.63,39.605057819379645,-118.78545809154076,39.6384111521003,-118.76613001275766,10,19,1,3,10.93,12.767750000000005
4.89,37.3392831394636,-120.10447855642133,37.32662495149142,-120.15193063936748,18,10,1,1,13.73,11.368149999999993
2.34,38.14223502415095,-114.59902961098702,38.18244474929115,-114.58670993734388,6,1,2,2,6.43,7.5456499999999975
15.63,38.47893038809018,-76.92742733805147,38.52693665592338,-76.93957099008567,2,10,1,1,39.79,32.74249999999997
8.55,40.996997914915774,-92.25008525958324,41.03889220413083,-92.26390268273062,7,16,1,0,21.04,19.511900000000008
6.15,38.60530956344932,-108.71864865339955,38.64369403972816,-108.72976620079872,11,26,1,3,15.03,14.612549999999988
9.93,40.63506687164105,-97.82746145776498,40.66136685796731,-97.7839213276236,8,20,1,4,24.09,21.938250000000018
9.33,37.21087652533173,-92.28908584097032,37.18264825688113,-92.2446730680811,20,20,1,4,27.99,20.994700000000012
10.07,38.78219653913759,-96.66903355194148,38.83006800638697,-96.67154458504324,12,20,1,4,14.52,23.544349999999998
8.63,39.2162893401282,-80.83751558227465,39.22614884712466,-80.85931639481937,22,24,1,1,25.89,18.16070000000001
4.44,39.34014477240847,-106.4428634669431,39.36880315560461,-106.46914486076918,7,18,1,2,10.8,11.345899999999995
11.1,39.626530640954215,-99.66839938381798,39.61574873565193,-99.70867527887826,2,19,1,3,16.57,23.51555000000001
5.91,38.69303406571136,-120.40683480749357,38.671193887658376,-120.43291278454215,7,20,1,4,11.62,15.109100000000002
7.1,37.5263074730132,-96.40590864434346,37.57534669519799,-96.38691966579324,11,6,1,4,15.37,15.78395000000001
11.23,40.28717804250608,-73.68104822603203,40.275636104438526,-73.69380927734706,9,10,1,1,15.58,23.068500000000004
0.88,40.91845791725506,-91.2963915238681,40.90824383832436,-91.33640527304487,5,4,2,5,4.28,4.5085
7.89,40.89916154292541,-119.09926440450003,40.89895368559469,-119.0811530218978,16,25,1,2,13.74,17.71739999999999
10.23,40.77226463732449,-83.29318644820921,40.82107426481143,-83.25873420172191,16,26,1,3,20.1,22.857100000000006
4.67,39.335608556709445,-83.52077546470179,39.33316306505561,-83.54664442508941,4,7,1,5,7.75,10.896549999999985
4.69,38.250485453010384,-78.11757990815197,38.290514314683534,-78.09827314746578,11,3,1,1,10.24,11.761149999999995
4.41,40.45670085181733,-116.0202006409784,40.48341862678728,-115.98054609881824,14,13,1,4,13.64,11.234499999999995
5.96,39.47834770874768,-121.0844842996506,39.442086261126114,-121.0940896068587,18,13,1,4,14.91,14.510450000000017
6.79,38.73884971508135,-82.07800242646603,38.71745188162861,-82.07337608815492,19,22,1,6,16.02,15.50235
10.71,39.54753515586399,-91.67697273097784,39.59746042077654,-91.62844705557532,3,11,1,2,19.98,21.406850000000006
8.83,38.79094114584783,-75.17453637701448,38.81524020480555,-75.20814767054328,16,3,1,1,21.87,18.793850000000006
7.94,38.05073541049393,-111.82274723716672,38.00516280604292,-111.81917831229494,5,13,1,4,12.88,17.044700000000002
4.46,40.11908602879828,-79.75893990374462,40.1045506000516,-79.71246983173477,14,4,1,2,9.34,10.599700000000006
5.52,38.77196607155515,-86.00422874251257,38.77213026037544,-86.0301849789899,15,1,1,6,11.86,13.941600000000001
8.86,37.637342871288375,-117.59314213043427,37.61729500336538,-117.56722669169174,6,30,1,0,15.88,19.92515
5.85,39.71397591665363,-89.98978192943821,39.75635455968335,-89.94504137652048,14,7,1,5,14.26,13.723050000000002
6.95,38.722124543194,-98.97584897861483,38.70303922008519,-99.0135277632628,10,3,1,1,14.7,15.923349999999996
5.79,38.17484803218371,-91.94287880172293,38.13296152852935,-91.92310093971606,20,15,1,6,16.96,13.921949999999988
0.13,40.334670118413065,-111.84956566480076,40.28514240559769,-111.85673581920204,11,22,1,6,5.22,3.3505000000000007
6.65,40.40048415678094,-78.46526108164338,40.447905310176175,-78.46184469126035,19,9,1,0,18.18,14.57225000000002
1.48,38.52182870380097,-102.27566669418016,38.52952384386808,-102.28634401424716,19,15,1,6,8.05,5.884399999999999
5.39,39.67188320176395,-77.56837232702094,39.68956410881071,-77.52820773955807,14,3,1,1,13.01,13.606099999999993
8.93,40.063686805527496,-90.63391554115226,40.07006218687064,-90.62242420449178,12,2,1,0,23.93,20.389699999999994
0.97,38.27675776928418,-78.79856802940716,38.326171817201605,-78.82432357373986,16,17,1,1,3.35,4.646399999999999
11.13,38.69353179375524,-109.6997687889736,38.72891245190451,-109.6615819504976,13,13,1,4,31.5,22.42254999999999
9.47,39.61902700869226,-75.5886660699106,39.66793598783137,-75.60442535512828,2,3,1,1,15.4,19.877100000000027
5.17,39.19680687144096,-112.3413997087965,39.18367803774325,-112.33918941236172,7,30,1,0,13.35,11.380950000000007
6.28,40.08158882499991,-116.94688831417986,40.12700529514712,-116.97280932740728,11,8,1,6,14.99,15.718350000000004
7.37,40.99022608109719,-75.2204146362005,40.951740579881694,-75.26559511760972,17,30,1,0,17.41,15.146949999999993
11.27,39.02051008160758,-120.9370950660574,39.02021874457457,-120.98399390934397,23,16,1,0,29.84,23.3613
10.07,37.70481081465345,-117.0025869100217,37.67038039697914,-117.03380150576436,20,26,1,3,15.47,21.310450000000007
5.82,38.35667981258666,-73.75831273991959,38.31199745660085,-73.71943876339657,4,7,1,5,14.4,12.525950000000005
6.31,37.338572936823866,-78.29583913478888,37.31412646137263,-78.25283084299637,3,25,1,2,14.65,13.450350000000006
8.72,38.06867622388695,-77.6735635538838,38.044518736102674,-77.68614582155521,7,23,1,0,16.62,18.011100000000006
7.99,38.30923075896492,-85.21420659765269,38.33402829894027,-85.20134714490904,6,11,1,2,17.44,17.701699999999985
7.67,38.517166737775,-93.75113071855822,38.46881228267912,-93.7787625064161,18,20,1,4,19.68,16.82019999999999
7.35,40.07378001409373,-82.63119536104469,40.02405946788056,-82.65357468983359,7,12,1,3,19.72,16.685649999999985
5.24,38.68134126437412,-96.33882547093252,38.66670170069171,-96.3846032181694,6,22,1,6,14.23,11.781099999999983
4.56,38.61726519896367,-108.43253118159248,38.58996773549899,-108.4761754669821,12,27,1,4,12.45,10.869749999999996
9.91,39.0769226031602,-121.42478302036258,39.05105198611413,-121.45275243925444,8,26,1,3,24.77,22.028600000000004
9.45,39.270122283767456,-121.60426726762078,39.22660208482548,-121.57396052605176,6,13,1,4,20.71,19.940900000000017
0.37,39.79144278760134,-96.34227884543712,39.82034335857538,-96.2985185432243,11,25,1,2,2.19,3.6612000000000036
5.57,37.082539171781455,-98.53030189989256,37.130987329428514,-98.57269534378614,19,15,1,6,11.02,13.413349999999985
13.79,38.99158830227596,-87.13958809875078,39.015942600192766,-87.1182685978708,13,2,2,3,31.26,27.673600000000008
8.28,40.33108940664623,-82.1744035721162,40.35154443615614,-82.17999018098425,20,1,1,6,21.22,17.885899999999992
1.46,39.63418593923904,-83.40289319280522,39.64487665599399,-83.42690261821195,7,9,1,0,5.91,5.412199999999995
6.89,40.92676096708309,-105.12972040589456,40.90794748661588,-105.08320892019375,9,5,1,3,13.63,15.08495
2.05,37.18389400571137,-95.99053620074848,37.15392180032568,-95.96111006608164,15,1,2,2,7.08,6.787200000000002
11.6,39.9885233358522,-73.66764209167124,39.95874828318764,-73.6794086568353,14,9,1,0,18.22,24.93725000000001
4.85,40.72146038406292,-98.4172437839648,40.69224607676727,-98.44713877289844,17,23,1,0,14.03,12.82885
5.66,37.04661614966208,-92.67482758023306,37.00021296975616,-92.67751604020462,2,23,1,0,12.68,13.388599999999997
6.57,40.70969513703881,-76.60364461229909,40.73478284151999,-76.58844745970227,14,8,1,6,14.01,15.570800000000002
8.81,39.43881262461252,-92.01285688471984,39.47339554794431,-92.03486821034927,13,1,1,6,24.42,19.93495
7.15,39.527091813441125,-117.63989876734756,39.50456184618187,-117.62721410642094,11,8,1,6,19.78,16.818149999999985
11.18,39.423344223762726,-95.07036428257511,39.39946032881746,-95.06073076016403,10,4,2,5,29.72,23.524749999999997
9.27,40.3306078446148,-110.6401584579301,40.36206390905705,-110.63837598215886,22,23,1,0,25.22,19.784549999999996
13.15,38.67424049628898,-119.65011744045856,38.720850045251225,-119.63162751836045,1,2,1,0,23.81,27.878900000000012
7.12,40.21546443059223,-104.4894443679874,40.231749634684064,-104.49024105015138,6,28,1,5,12.97,15.238449999999986
6.12,40.590047620411205,-84.12775948709282,40.61552460054831,-84.10187212827297,14,2,2,3,17.18,13.841600000000005
7.39,37.62280496392553,-91.8124586837178,37.60697398333225,-91.86211351623956,4,18,1,2,21.27,16.60269999999999
1.32,39.49526438399395,-117.88357571958468,39.54360294331782,-117.8797510716505,11,13,1,4,4.58,5.927699999999996
10.69,37.71027658305045,-95.77247907478582,37.68014971082099,-95.79047678322294,13,3,1,1,19.1,22.144650000000023
5.88,38.69756691037404,-91.26809906847836,38.71785076958983,-91.25322152291076,8,3,1,1,17.08,14.176749999999993
8.64,39.8604353172206,-82.3542398363322,39.8981429904068,-82.38273641993922,2,26,1,3,23.79,18.47475
12.58,39.03849103175792,-93.97827744409813,39.02873336952103,-93.95917033879384,21,18,1,2,20.12,24.133849999999992
7.59,40.92437381250966,-99.15330110605854,40.932641647954085,-99.1625154139048,13,4,1,2,13.88,16.90649999999999
6.51,38.46110318314127,-113.42352938644252,38.452227940504514,-113.44518156374173,22,1,2,2,17.92,15.123000000000005
3.64,37.361116770551696,-107.09933646837727,37.39887562747125,-107.112294834861,21,12,1,3,9.46,9.92065000000001
7.94,40.55228203220911,-93.48123457817118,40.59535160224663,-93.49257020867223,15,13,1,4,15.68,17.801450000000003
5.18,38.05844540940183,-84.97016497704807,38.0249958112207,-85.01892853738646,10,8,1,6,9.72,12.624100000000004
2.83,37.77604013799208,-94.87305944563658,37.7732750552767,-94.87642636225128,21,25,1,2,8.58,8.028999999999995
9.33,37.772245530849695,-94.26328503694604,37.74285863320995,-94.23373470989203,12,7,1,5,17.96,20.58645
6.01,37.3064944051472,-82.60411980876482,37.30740341462051,-82.635526440782,21,1,1,6,13.27,14.313749999999997
7.4,39.40865146438995,-104.3332642047927,39.40315211803099,-104.37121840019006,3,29,1,6,18.93,16.660649999999993
7.36,37.19496999906522,-85.77075102136158,37.18345543947688,-85.78239962797556,5,21,1,5,15.57,15.90764999999999
3.87,38.39977425881229,-95.18523729174215,38.37130227205421,-95.15352469423524,9,2,2,3,11.48,9.682050000000002
8.03,39.33764504149771,-73.82242795346211,39.35650351943162,-73.87005005444738,4,24,1,1,13.41,18.53625000000001
8.64,39.88712867850941,-80.01677994775137,39.898055154384885,-80.06590105464247,12,4,1,2,17.68,18.791100000000007
7.04,40.45065545372092,-75.22433755031724,40.44199790381515,-75.22543883549287,3,28,1,5,16.2,16.53129999999998
5.42,40.13741669336394,-109.84459074537102,40.18463672258828,-109.88761629155624,23,31,1,1,17.72,12.7534
5.23,40.8822543029693,-80.48395771480894,40.8664814279552,-80.46926419105966,20,24,1,1,13.66,12.492899999999995
10.76,37.06396226345859,-99.50006422098356,37.04190190597164,-99.49987862368997,6,22,1,6,25.71,25.036899999999996
11.65,38.96560373453933,-116.02905988634424,38.92084054395828,-116.01732245552525,2,27,1,4,17.91,25.736749999999997
4.61,37.15808869312583,-93.25545467897886,37.10997544380443,-93.2395909610147,6,16,1,0,14.0,11.604049999999997
3.74,40.62981221664322,-88.9703435249831,40.59324716315509,-88.92591192874451,5,2,2,3,9.0,9.99805
10.35,38.9473737931448,-118.7568136781074,38.97499853169087,-118.75028072965102,17,21,1,5,23.61,21.182699999999986
4.03,40.044988569381765,-83.9206262968199,40.05323996679482,-83.95764323075228,9,10,1,1,9.57,10.034000000000002
4.16,39.3875286988562,-90.24201182448289,39.39247285998282,-90.23997145251892,15,2,2,3,14.71,10.568850000000005
9.47,37.45404329624939,-117.25441780393214,37.48020234490521,-117.24260672877286,7,7,1,5,17.84,19.964699999999997
2.76,37.02525979455236,-90.29606434392704,37.05103384055476,-90.32138768539431,1,29,1,6,9.68,7.309549999999994
9.36,38.2617585118518,-114.4235129001179,38.25972646521177,-114.3876221364897,4,26,1,3,13.56,21.0387
4.29,37.13637278137888,-112.7346545777389,37.177997655134064,-112.77272220893816,16,27,1,4,7.91,10.623500000000002
4.01,37.91044966408797,-81.79317653041039,37.958761569499046,-81.74539729404435,0,18,1,2,9.81,10.68280000000001
2.72,37.87951924428189,-73.4486652402303,37.928775563271344,-73.45843396263899,12,1,2,2,8.03,7.934949999999997
7.18,37.73985635271053,-98.58012703095994,37.69483125561797,-98.5629541421174,12,3,2,4,19.47,16.31960000000001
4.62,40.13285689432664,-114.37271113295192,40.09808059989204,-114.37777242522496,7,6,1,4,10.55,11.781299999999995
4.15,37.45168906524491,-89.98589758886979,37.42176406548223,-89.96707661710073,2,7,1,5,11.58,10.911700000000005
8.13,38.678720758754906,-117.18076293284167,38.69004754120311,-117.19127826006398,6,9,1,0,19.12,18.400149999999982
5.82,39.666447927801386,-89.93463552822345,39.66178593360687,-89.94595154895299,2,11,1,2,13.45,12.877549999999996
4.33,38.334965206101984,-86.32817769483887,38.36736482097992,-86.34309110697323,18,11,1,2,9.1,10.233049999999993
5.3,39.03558702169456,-104.373271277852,39.02995205724932,-104.41359409401883,15,16,1,0,15.93,12.821999999999992
1.26,39.60690376355692,-111.44195999326536,39.647949707933805,-111.47502865515617,19,1,2,2,6.18,4.6619
8.65,39.09248246755882,-114.25620581152242,39.052395949114576,-114.24477264899646,23,19,1,3,23.29,19.45625
9.19,38.26587684877586,-107.81629443740596,38.302077931633534,-107.8112391297084,5,3,2,4,25.19,20.854449999999993
7.7,40.15084516944299,-121.85720563229158,40.11839078475864,-121.890786884478,6,19,1,3,18.93,16.708400000000005
6.63,39.97683642375303,-87.24794053517837,39.95130014194402,-87.22348023492641,23,29,1,6,14.63,14.81850000000002
8.3,40.39444182765023,-107.46765933321026,40.37016386292871,-107.5128492480828,12,22,1,6,19.55,19.073600000000003
4.4,38.70301752148464,-77.79677312160189,38.74087446016311,-77.78693279073883,8,20,1,4,12.14,11.476399999999998
10.49,39.63952621238116,-114.46274023010668,39.66546632948132,-114.49708787993244,4,24,1,1,27.46,22.073999999999984
3.83,38.0123233478195,-114.5825367736927,38.0589473164878,-114.59697864672076,3,24,1,1,7.57,10.290599999999994
5.53,39.55024371500444,-108.07776132744983,39.516932704007885,-108.02818493251904,8,3,1,1,12.19,13.30545
10.17,40.091887844779066,-88.77320561913473,40.06118934502968,-88.73939393566164,21,20,1,4,22.39,23.318249999999985
4.3,40.61525841436715,-81.33551648416315,40.60514699482264,-81.36161836526152,5,29,1,6,9.64,10.816799999999995
8.37,40.26945766549742,-79.17544091226164,40.27532920868416,-79.15065212407272,8,27,1,4,16.82,19.600549999999995
6.35,38.25270927277647,-102.91099536340984,38.22681248312702,-102.8892145906274,12,16,1,0,16.97,14.570850000000009
0.1,38.180936266321616,-99.34011743176568,38.18381959197567,-99.36711560074008,10,14,1,5,1.6,2.693499999999999
6.13,39.47754130595209,-103.44148393327885,39.51948774471784,-103.4060769708786,18,23,1,0,14.66,13.436850000000007
4.25,39.48815657094032,-117.7836490534307,39.53322589357255,-117.7670770717272,7,6,1,4,9.0,10.874400000000005
5.56,38.53084750539857,-73.63550651668209,38.48553980887362,-73.66381140777611,21,2,2,3,15.69,13.08809999999999
3.92,40.10082710939262,-87.5223409696063,40.100086492761534,-87.51146485663536,15,8,1,6,13.87,10.361400000000001
10.55,40.04461226664198,-92.40228226338355,40.068095142641695,-92.43383143042162,15,10,1,1,15.35,23.642549999999975
6.94,37.7188841818551,-78.06280091748832,37.75457599959696,-78.0454665344341,12,25,1,2,16.91,16.54459999999999
3.79,38.85632952620029,-73.4204365693196,38.85028382942324,-73.42247621335765,23,1,1,6,9.15,10.072149999999999
7.49,38.624393243739696,-111.22159539474694,38.59552786598136,-111.18406560627,5,6,1,4,12.54,17.081749999999996
0.8,40.01169932525296,-77.94328908152139,39.98007841500831,-77.89873552007002,15,27,1,4,3.68,4.338499999999998
6.06,40.13920023831429,-89.7246421867712,40.11374314943908,-89.74986297534728,1,19,1,3,13.46,14.482000000000012
7.09,37.82809058405277,-85.62325644573653,37.83169762004056,-85.61064495317252,12,4,1,2,11.33,15.453699999999996
8.58,40.46125391948142,-115.33847697376989,40.500027978260654,-115.29492052667791,3,4,1,2,24.14,20.1565
6.37,39.47116594021194,-110.13359350829946,39.49870757865381,-110.17143776487514,23,3,1,1,13.04,14.449750000000005
7.34,39.02041387333385,-104.01351976737234,39.06056986973207,-103.98860304864507,12,18,1,2,15.13,16.348149999999983
6.02,37.75638888230913,-81.15355276472062,37.79013298092878,-81.16643860939539,16,29,1,6,11.64,13.382899999999998
1.14,39.25569575501624,-84.66718640533475,39.30347313885015,-84.66691460187862,4,24,1,1,3.88,4.890100000000001
3.36,38.537976113132224,-119.06237416903748,38.48816806542408,-119.05051838049428,5,18,1,2,5.68,8.615850000000002
9.47,39.30990084892815,-120.97385550318468,39.28227741848006,-120.98340121761376,17,16,1,0,24.55,19.049649999999996
10.39,40.53924843139763,-79.49050757230319,40.56283935170007,-79.50487689109886,7,2,2,3,21.62,20.562200000000022
3.53,40.73761635396085,-116.49084041319854,40.77082466119172,-116.51162251361356,10,22,1,6,9.71,8.738150000000006
5.95,40.171384957725536,-75.46968584603225,40.21929637453527,-75.50093228165778,18,27,1,4,15.0,14.505950000000011
5.69,39.64176275101944,-109.16202002193366,39.65307849317832,-109.1780310750888,6,11,1,2,14.77,12.850500000000006
6.92,40.83457642374752,-88.92466140307036,40.82302195007754,-88.92389457412294,22,15,1,6,18.07,15.847049999999989
2.89,38.24270095033128,-79.43406287158646,38.284024272101625,-79.43188028982597,13,18,1,2,11.66,8.708249999999994
6.24,40.43237855814015,-115.48540393990626,40.46187844082882,-115.48653229786578,12,2,2,3,8.78,14.79805
11.59,40.69607208155576,-103.86263626331883,40.729875684926434,-103.87300067430864,5,30,1,0,30.76,22.82780000000002
6.43,37.76342569952824,-99.06209004664537,37.80213757029848,-99.05165302828364,15,7,1,5,11.37,14.551199999999994
5.67,37.249033574583024,-92.18593410415347,37.23202084258586,-92.19113044931032,0,4,2,5,17.42,13.411650000000002
5.75,39.86324588101165,-115.11794106819652,39.88236803949798,-115.12122905796656,0,4,1,2,9.69,13.076900000000006
7.03,38.40237290657084,-81.93908913540605,38.38975066039823,-81.95974231898956,1,6,1,4,14.82,16.962600000000002
8.48,38.91044274497075,-110.990608215835,38.88959570414583,-110.98248989653116,5,26,1,3,15.88,19.241900000000026
10.86,39.68384041003547,-74.36471770136374,39.68944569686658,-74.35622246528978,19,5,1,3,23.73,23.159549999999985
9.74,37.649857535888735,-118.0303298742594,37.687737638795895,-117.98763668800916,10,1,2,2,22.25,20.856550000000013
7.49,38.62059453290279,-108.51341390323324,38.63236799380504,-108.51082357315164,6,29,1,6,12.81,16.133999999999993
9.25,37.36025812635212,-74.64882705498621,37.37454436143671,-74.65051325191183,11,5,1,3,16.13,16.7381
10.93,40.27586475233072,-91.91048595355588,40.29849746714199,-91.94966080877344,11,22,1,6,20.27,22.33279999999999
3.13,37.37064328717336,-90.2595299398666,37.396964910111976,-90.21134903136688,22,28,1,5,6.71,8.814500000000002
8.73,40.84579740115776,-90.36909107251417,40.8140453768056,-90.40211137492712,9,1,2,2,24.84,19.59934999999998
5.83,38.962567944428805,-108.68585934529496,38.92092611377178,-108.70598043723268,1,6,1,4,14.1,13.353900000000001
4.11,40.270627436637625,-104.4693804152312,40.24844069251196,-104.49220673054435,2,8,1,6,8.0,10.653549999999987
8.43,37.95786736652679,-87.70461419015452,37.98731387169716,-87.70477301596787,8,11,1,2,21.44,19.31545
8.64,40.29934289881941,-87.51149245946884,40.29819420166004,-87.46377848491007,5,20,1,4,22.68,19.20085
12.61,39.90231445060505,-111.82274845722964,39.89343328753263,-111.81161938757378,11,22,1,6,29.81,28.334150000000008
